retrieved_at,prefecture,agency,case_type,title,announcement_date,url,source
2026-05-18 19:07:14,全国,国家公安委員会（警察庁）兵庫県警察,物品,防犯教室用パソコン賃貸借,2026-05-21,https://www.police.pref.hyogo.lg.jp/chotatu/kou_data/2026/B26052101.pdf,官公需情報ポータルAPI（全省庁）
2026-05-19 19:26:13,全国,法務省,役務,山形刑務所介護福祉士実務者研修出張講座請負契約,2026-05-19,https://www.p-portal.go.jp/pps-web-biz/UAA01/OAA0101,官公需情報ポータルAPI（全省庁）
2026-05-19 19:26:13,全国,環境省,委託,令和８年度新宿御苑における事業系一般廃棄物（枝葉幹等）のリサイクル処理業務（単価契約）,2026-05-19,https://www.p-portal.go.jp/pps-web-biz/UAA01/OAA0101,官公需情報ポータルAPI（全省庁）
2026-05-19 19:26:13,全国,環境省,役務,令和８年度フロン排出抑制と省エネの同時実現のための漏えい検知器導入及び自然冷媒機器生産体制整備等に係る促進施策のあり方検討等委託業務【総合評価落札方式】,2026-05-19,https://www.p-portal.go.jp/pps-web-biz/UAA01/OAA0101,官公需情報ポータルAPI（全省庁）
2026-05-19 19:26:13,全国,経済産業省,委託,【本省】令和８年度科学技術イノベーション創造推進委託費（企業・大学等によるオープン＆クローズ戦略ノウハウ集約等に関する調査事業）,2026-05-19,https://www.p-portal.go.jp/pps-web-biz/UAA01/OAA0101,官公需情報ポータルAPI（全省庁）
2026-05-19 19:26:12,全国,厚生労働省,物品,秋田労働局秋田公共職業安定所外14か所におけるタブレット端末の導入に係る周辺機器の購 入契約,2026-05-19,https://www.p-portal.go.jp/pps-web-biz/UAA01/OAA0101,官公需情報ポータルAPI（全省庁）
2026-05-19 19:26:11,全国,国土交通省,役務,２０メートル型巡視艇中検修理（２０２６－Ｎｏ．２）,2026-05-19,https://www.p-portal.go.jp/pps-web-biz/UAA01/OAA0101,官公需情報ポータルAPI（全省庁）
2026-05-19 19:26:11,全国,国土交通省,物品,船舶用部品（ディスプレイ．ブリッジコントロール）買入,2026-05-19,https://www.p-portal.go.jp/pps-web-biz/UAA01/OAA0101,官公需情報ポータルAPI（全省庁）
2026-05-19 19:26:11,全国,国土交通省,物品,船具用品類買入（単価契約）,2026-05-19,https://www.p-portal.go.jp/pps-web-biz/UAA01/OAA0101,官公需情報ポータルAPI（全省庁）
2026-05-19 19:26:11,全国,国土交通省,委託,福岡空港ＴＡＰＳ運用移行支援作業,2026-05-19,https://www.p-portal.go.jp/pps-web-biz/UAA01/OAA0101,官公需情報ポータルAPI（全省庁）
2026-05-19 19:26:11,全国,国土交通省,物品,減速機予備潤滑油ポンプ交換部品１式ほか１９点買入,2026-05-19,https://www.p-portal.go.jp/pps-web-biz/UAA01/OAA0101,官公需情報ポータルAPI（全省庁）
2026-05-19 19:26:11,全国,国土交通省,委託,令和８年度航空従事者等学科試験におけるComputer Based Testing（CBT）方式の運用に係る業務請負（第２回～第６回試験分）,2026-05-19,https://www.p-portal.go.jp/pps-web-biz/UAA01/OAA0101,官公需情報ポータルAPI（全省庁）
2026-05-19 19:26:11,全国,農林水産省,役務,令和８年度東中国山地緑の回廊巡視業務委託,2026-05-19,https://www.p-portal.go.jp/pps-web-biz/UAA01/OAA0101,官公需情報ポータルAPI（全省庁）
2026-05-19 19:26:11,全国,国土交通省,物品,【国土地理院】位置情報インフラの強靱化（リアルタイム測位サーバの購入）,2026-05-19,https://www.p-portal.go.jp/pps-web-biz/UAA01/OAA0101,官公需情報ポータルAPI（全省庁）
2026-05-19 19:26:11,全国,経済産業省,その他,【中企庁】令和８年度中小企業取引対策事業（AIを活用した取適法・振興法執行強化実証事業）,2026-05-19,https://www.p-portal.go.jp/pps-web-biz/UAA01/OAA0101,官公需情報ポータルAPI（全省庁）
2026-05-19 19:26:10,全国,厚生労働省,委託,令和８年度抑留者関係資料等のデータ整備業務,2026-05-19,https://www.p-portal.go.jp/pps-web-biz/UAA01/OAA0101,官公需情報ポータルAPI（全省庁）
2026-05-19 19:26:10,全国,環境省,委託,令和８年度廃棄物処理業と再資源化に関連する産業調査と日本標準産業分類における廃棄物処理業の分類検討業務[総合評価落札方式],2026-05-19,https://www.p-portal.go.jp/pps-web-biz/UAA01/OAA0101,官公需情報ポータルAPI（全省庁）
2026-05-19 19:26:10,全国,環境省,委託,令和８年度伊勢志摩国立公園横山集団施設地区利用者負担制度導入支援業務,2026-05-19,https://www.p-portal.go.jp/pps-web-biz/UAA01/OAA0101,官公需情報ポータルAPI（全省庁）
2026-05-19 19:26:10,全国,国土交通省,委託,令和８年度 木曽三川公園センター水と緑の館展示施設制作設置作業,2026-05-19,https://www.p-portal.go.jp/pps-web-biz/UAA01/OAA0101,官公需情報ポータルAPI（全省庁）
2026-05-19 19:26:10,全国,国土交通省,役務,令和8年度那覇空港排水ポンプ車(沖縄800は2217)外1台架装部点検整備（再公告）,2026-05-19,https://www.p-portal.go.jp/pps-web-biz/UAA01/OAA0101,官公需情報ポータルAPI（全省庁）
2026-05-19 19:26:10,全国,国土交通省,役務,【東京航空局新千歳空港事務所】釧路空港受電盤監視用電源ユニット交換その他作業,2026-05-19,https://www.p-portal.go.jp/pps-web-biz/UAA01/OAA0101,官公需情報ポータルAPI（全省庁）
2026-05-19 19:26:09,新潟県,厚生労働省,委託,村上公共職業安定所における職業相談エリアのレイアウト変更業務,2026-05-19,https://www.p-portal.go.jp/pps-web-biz/UAA01/OAA0101,官公需情報ポータルAPI（対象5県）
2026-05-19 19:26:09,新潟県,厚生労働省,委託,南魚沼公共職業安定所小出出張所における職業相談エリアのレイアウト変更業務,2026-05-19,https://www.p-portal.go.jp/pps-web-biz/UAA01/OAA0101,官公需情報ポータルAPI（対象5県）
2026-05-19 19:26:09,新潟県,厚生労働省,委託,南魚沼公共職業安定所における職業相談エリアのレイアウト変更業務,2026-05-19,https://www.p-portal.go.jp/pps-web-biz/UAA01/OAA0101,官公需情報ポータルAPI（対象5県）
2026-05-19 19:26:09,新潟県,厚生労働省,委託,佐渡公共職業安定所における職業相談エリアのレイアウト変更業務,2026-05-19,https://www.p-portal.go.jp/pps-web-biz/UAA01/OAA0101,官公需情報ポータルAPI（対象5県）
2026-05-19 19:26:09,全国,法務省,委託,長期相続登記等未了土地解消事業（登記名義人２００名分）の委託一式,2026-05-19,https://www.p-portal.go.jp/pps-web-biz/UAA01/OAA0101,官公需情報ポータルAPI（全省庁）
2026-05-19 19:26:09,全国,財務省,設計・測量・コンサル,国有財産測量業務（小樽市緑2丁目）,2026-05-19,https://www.p-portal.go.jp/pps-web-biz/UAA01/OAA0101,官公需情報ポータルAPI（全省庁）
2026-05-19 19:26:09,全国,国土交通省,物品,【九州地方整備局 福岡国道事務所】福岡国道事務所外無線 LAN アクセスポイント及びモニタ購入設置,2026-05-19,https://www.p-portal.go.jp/pps-web-biz/UAA01/OAA0101,官公需情報ポータルAPI（全省庁）
2026-05-19 19:26:08,新潟県,厚生労働省,委託,巻公共職業安定所における職業相談エリアのレイアウト変更業務,2026-05-19,https://www.p-portal.go.jp/pps-web-biz/UAA01/OAA0101,官公需情報ポータルAPI（対象5県）
2026-05-19 19:26:08,全国,環境省,委託,令和８年度上川・東川地区登山道点検等業務,2026-05-19,https://www.p-portal.go.jp/pps-web-biz/UAA01/OAA0101,官公需情報ポータルAPI（全省庁）
2026-05-19 19:26:08,全国,国土交通省,役務,令和８年度 鹿野川ダムたわみ測定装置更新作業,2026-05-19,https://www.p-portal.go.jp/pps-web-biz/UAA01/OAA0101,官公需情報ポータルAPI（全省庁）
2026-05-19 19:26:08,全国,法務省,その他,モバイル型Ｗｉ－Ｆｉルーター等のレンタル 一式,2026-05-19,https://www.p-portal.go.jp/pps-web-biz/UAA01/OAA0101,官公需情報ポータルAPI（全省庁）
2026-05-19 19:26:07,全国,法務省,役務,令和８年度冷暖房用燃料供給契約,2026-05-19,https://www.p-portal.go.jp/pps-web-biz/UAA01/OAA0101,官公需情報ポータルAPI（全省庁）
2026-05-19 19:26:07,全国,国土交通省,委託,令和８年度 施設運用管理官技術事務補助業務（単価契約）（仙台）（東京航空局 東京空港事務所）,2026-05-19,https://www.p-portal.go.jp/pps-web-biz/UAA01/OAA0101,官公需情報ポータルAPI（全省庁）
2026-05-19 19:26:03,全国,法務省,その他,令和８年度及び同９年度防災・まちづくり型法務局地図作成事業 一式,2026-05-19,https://www.p-portal.go.jp/pps-web-biz/UAA01/OAA0101,官公需情報ポータルAPI（全省庁）
2026-05-19 19:26:02,全国,厚生労働省,その他,雇用継続給付制度、就業促進給付制度、教育訓練給付制度及び育児休業等給付制度の周知用リーフレットの発送,2026-05-19,https://www.p-portal.go.jp/pps-web-biz/UAA01/OAA0101,官公需情報ポータルAPI（全省庁）
2026-05-19 19:26:02,全国,国土交通省,物品,【関東地方整備局、本局】Ｒ７洪水予警報等作成システムサーバ１式購入,2026-05-19,https://www.p-portal.go.jp/pps-web-biz/UAA01/OAA0101,官公需情報ポータルAPI（全省庁）
2026-05-19 19:26:02,全国,国土交通省,委託,【東北地整 摺上川ダム】摺上川ダム２０周年記念事業支援業務,2026-05-19,https://www.p-portal.go.jp/pps-web-biz/UAA01/OAA0101,官公需情報ポータルAPI（全省庁）
2026-05-19 19:26:01,全国,総務省,委託,通信分野におけるPQC移行に向けた暗号インベントリ作成等に係る調査の請負,2026-05-19,https://www.p-portal.go.jp/pps-web-biz/UAA01/OAA0101,官公需情報ポータルAPI（全省庁）
2026-05-19 19:26:01,全国,経済産業省,その他,令和８年度地域企業の研究開発・製品開発を加速する産学連携促進事業（産学 連携前に共に議論し合う場）,2026-05-19,https://www.p-portal.go.jp/pps-web-biz/UAA01/OAA0101,官公需情報ポータルAPI（全省庁）
2026-05-19 19:10:10,全国,国家公安委員会（警察庁）北海道警察情報通信部,物品,通信施設点検作業（機器搭載柱）（PDF61KB,2026-05-19,https://www.police.pref.hokkaido.lg.jp/joutuu/johotusin/nyusatu-kokuji/1-nyuusatu-koukoku/0605-tuusin.pdf,官公需情報ポータルAPI（全省庁）
2026-05-19 19:07:06,新潟県,厚生労働省新潟労働局,委託,巻公共職業安定所における職業相談エリアのレイアウト変更業務,2026-05-19,https://jsite.mhlw.go.jp/niigata-roudoukyoku/content/contents/nk0519-1.pdf,官公需情報ポータルAPI（対象5県）
2026-05-19 19:07:05,新潟県,厚生労働省新潟労働局,委託,村上公共職業安定所における職業相談エリアのレイアウト変更業務,2026-05-19,https://jsite.mhlw.go.jp/niigata-roudoukyoku/content/contents/nk0519-5.pdf,官公需情報ポータルAPI（対象5県）
2026-05-19 19:07:05,新潟県,厚生労働省新潟労働局,委託,南魚沼公共職業安定所小出出張所における職業相談エリアのレイアウト変更業務,2026-05-19,https://jsite.mhlw.go.jp/niigata-roudoukyoku/content/contents/nk0519-3.pdf,官公需情報ポータルAPI（対象5県）
2026-05-19 19:07:05,新潟県,厚生労働省新潟労働局,委託,南魚沼公共職業安定所における職業相談エリアのレイアウト変更業務,2026-05-19,https://jsite.mhlw.go.jp/niigata-roudoukyoku/content/contents/nk0519-2.pdf,官公需情報ポータルAPI（対象5県）
2026-05-19 19:07:05,新潟県,厚生労働省新潟労働局,委託,佐渡公共職業安定所における職業相談エリアのレイアウト変更業務,2026-05-19,https://jsite.mhlw.go.jp/niigata-roudoukyoku/content/contents/nk0519-4.pdf,官公需情報ポータルAPI（対象5県）
2026-05-19 19:06:38,福井県,独立行政法人国立病院機構敦賀医療センター,役務,検査試薬調達契約,2026-05-19,https://tsuruga.hosp.go.jp/img/page/announcement260519.pdf,官公需情報ポータルAPI（対象5県）
2026-05-19 19:06:35,全国,国土交通省四国地方整備局肱川ダム統合管理事務所,役務,令和８年度 鹿野川ダムたわみ測定装置更新作業,2026-05-19,https://www.skr.mlit.go.jp/necsas/zuikei/upfiles/BH26887880300003.html,官公需情報ポータルAPI（全省庁）
2026-05-19 19:06:31,全国,国土交通省四国地方整備局,委託,令和８年度 人事・給与システム補完ツール再構築等業務,2026-05-19,https://www.skr.mlit.go.jp/necsas/zuikei/upfiles/BH26882110300002.html,官公需情報ポータルAPI（全省庁）
2026-05-19 19:05:35,全国,防衛省陸上自衛隊中部方面会計隊,その他,２灯式スペースコンフォートライトバーほか３件,2026-05-19,https://www.mod.go.jp/gsdf/mae/mafin/k/ko080874.pdf,官公需情報ポータルAPI（全省庁）
2026-05-19 19:05:35,全国,防衛省陸上自衛隊中部方面会計隊,その他,（高耐久型）折り畳み式リヤカー＜ＯＤ色＞ほか６９件,2026-05-19,https://www.mod.go.jp/gsdf/mae/mafin/k/ko080875.pdf,官公需情報ポータルAPI（全省庁）
2026-05-19 19:05:35,全国,防衛省陸上自衛隊中部方面会計隊,その他,清缶剤ほか３件,2026-05-19,https://www.mod.go.jp/gsdf/mae/mafin/k/ko080871.pdf,官公需情報ポータルAPI（全省庁）
2026-05-19 19:05:33,全国,防衛省陸上自衛隊中部方面会計隊,物品,屋外燃料タンク（覆土式）清掃・点検および部品交換,2026-05-19,https://www.mod.go.jp/gsdf/mae/mafin/k/ko080879.pdf,官公需情報ポータルAPI（全省庁）
2026-05-19 19:05:33,全国,防衛省陸上自衛隊中部方面会計隊,物品,今津（８）軽ダンプ車リース,2026-05-19,https://www.mod.go.jp/gsdf/mae/mafin/k/ko080872.pdf,官公需情報ポータルAPI（全省庁）
2026-05-19 19:05:30,全国,財務省東北財務局,委託,(R08)川内住宅ほか5住宅草刈等業務,2026-05-19,https://lfb.mof.go.jp/tohoku/content/R8kusakarigyoumu.pdf,官公需情報ポータルAPI（全省庁）
2026-05-19 19:05:29,全国,厚生労働省秋田労働局,物品,（令和8年5月19日公告）秋田労働局秋田公共職業安定所外14か所におけるタブレット端末の導入に係る周辺機器の購入契約,2026-05-19,https://jsite.mhlw.go.jp/akita-roudoukyoku/content/contents/002659761.pdf,官公需情報ポータルAPI（全省庁）
2026-05-19 19:05:28,全国,環境省北海道地方環境事務所,委託,令和８年度気候変動適応地域づくり推進事業北海道地域業務,2026-05-19,https://hokkaido.env.go.jp/procure/procure_00285.html,官公需情報ポータルAPI（全省庁）
2026-05-19 19:05:27,全国,環境省北海道地方環境事務所,委託,令和８年度上川・東川地区登山道点検等業務,2026-05-19,https://hokkaido.env.go.jp/procure/procure_00288.html,官公需情報ポータルAPI（全省庁）
2026-05-19 19:05:26,福井県,福井県勝山市,その他,【No.4027】フリーナイフ方式 ラジコン草刈機 [PDFファイル／101KB],2026-05-19,https://www.city.katsuyama.fukui.jp/uploaded/attachment/36300.pdf,官公需情報ポータルAPI（対象5県）
2026-05-19 19:05:26,福井県,福井県勝山市,その他,【No.4026】ハンマーナイフ方式 ラジコン草刈機 [PDFファイル／101KB],2026-05-19,https://www.city.katsuyama.fukui.jp/uploaded/attachment/36298.pdf,官公需情報ポータルAPI（対象5県）
2026-05-19 19:05:25,福井県,福井県勝山市,その他,【No.4025】勝山中学校生徒用イス [PDFファイル／104KB],2026-05-19,https://www.city.katsuyama.fukui.jp/uploaded/attachment/36296.pdf,官公需情報ポータルAPI（対象5県）
2026-05-19 19:05:24,福井県,福井県勝山市,その他,【No.4024】勝山中学校生徒用机 [PDFファイル／104KB],2026-05-19,https://www.city.katsuyama.fukui.jp/uploaded/attachment/36294.pdf,官公需情報ポータルAPI（対象5県）
2026-05-19 19:05:24,全国,財務省九州財務局,役務,乗用自動車交換契約,2026-05-19,https://lfb.mof.go.jp/kyusyu/content/list/028/0850_miyazakizidousha.pdf,官公需情報ポータルAPI（全省庁）
2026-05-19 19:05:23,福井県,福井県勝山市,その他,【No.4023】勝山中学校特別教室等用パーティション [PDFファイル／104KB],2026-05-19,https://www.city.katsuyama.fukui.jp/uploaded/attachment/36292.pdf,官公需情報ポータルAPI（対象5県）
2026-05-19 19:05:22,福井県,福井県勝山市,その他,【No.4022】勝山中学校教科室等用昇降式ホワイトボード [PDFファイル／104KB],2026-05-19,https://www.city.katsuyama.fukui.jp/uploaded/attachment/36290.pdf,官公需情報ポータルAPI（対象5県）
2026-05-19 19:05:21,福井県,福井県勝山市,その他,【No.4021】勝山中学校Englishroom用テーブル [PDFファイル／105KB],2026-05-19,https://www.city.katsuyama.fukui.jp/uploaded/attachment/36288.pdf,官公需情報ポータルAPI（対象5県）
2026-05-19 19:05:20,福井県,福井県勝山市,その他,【No.4020】勝山中学校学びの丘用テーブル [PDFファイル／105KB],2026-05-19,https://www.city.katsuyama.fukui.jp/uploaded/attachment/36286.pdf,官公需情報ポータルAPI（対象5県）
2026-05-19 19:05:20,福井県,福井県勝山市,その他,【No.4019】勝山中学校職員室用机及びイス [PDFファイル／105KB],2026-05-19,https://www.city.katsuyama.fukui.jp/uploaded/attachment/36284.pdf,官公需情報ポータルAPI（対象5県）
2026-05-19 19:05:20,全国,法務省神戸地方法務局,その他,防災・まちづくり型法務局地図作成事業（令和８年度及び令和９年度）一式,2026-05-19,https://houmukyoku.moj.go.jp/kobe/content/001462293.pdf,官公需情報ポータルAPI（全省庁）
2026-05-19 19:05:20,全国,法務省神戸地方法務局,その他,大都市特化型法務局地図作成事業（令和８年度及び令和９年度）一式,2026-05-19,https://houmukyoku.moj.go.jp/kobe/content/001462296.pdf,官公需情報ポータルAPI（全省庁）
2026-05-19 19:05:19,福井県,福井県勝山市,その他,【No.4018】勝山中学校多目的室用テーブル [PDFファイル／104KB],2026-05-19,https://www.city.katsuyama.fukui.jp/uploaded/attachment/36282.pdf,官公需情報ポータルAPI（対象5県）
2026-05-19 19:05:19,全国,環境省東北地方環境事務所,委託,令和８年度三陸復興国立公園におけるみちのく潮風トレイルの持続可能な維持管理体制構築検討業務,2026-05-19,https://tohoku.env.go.jp/procure/procure_00286.html,官公需情報ポータルAPI（全省庁）
2026-05-19 19:05:18,福井県,福井県勝山市,その他,【No.4017】勝山中学校1階広場等用テーブル [PDFファイル／105KB],2026-05-19,https://www.city.katsuyama.fukui.jp/uploaded/attachment/36280.pdf,官公需情報ポータルAPI（対象5県）
2026-05-19 19:05:17,福井県,福井県勝山市,その他,【No.4016】勝山中学校職員室等用収納庫 [PDFファイル／110KB],2026-05-19,https://www.city.katsuyama.fukui.jp/uploaded/attachment/36278.pdf,官公需情報ポータルAPI（対象5県）
2026-05-19 19:05:16,福井県,福井県勝山市,その他,【No.4015】勝山中学校多目的室等用イス [PDFファイル／106KB],2026-05-19,https://www.city.katsuyama.fukui.jp/uploaded/attachment/36276.pdf,官公需情報ポータルAPI（対象5県）
2026-05-19 19:05:12,全国,財務省北海道財務局,設計・測量・コンサル,国有財産測量業務（小樽市緑2丁目）,2026-05-19,https://lfb.mof.go.jp/hokkaido/content/kakusyo/039/koukoku20260519.pdf,官公需情報ポータルAPI（全省庁）
2026-05-19 19:05:11,全国,法務省東京法務局,委託,令和８年度における長期相続登記等未了土地解消事業（登記名義人２００名分）委託一式,2026-05-19,https://houmukyoku.moj.go.jp/tokyo/content/001462675.pdf,官公需情報ポータルAPI（全省庁）
2026-05-19 19:05:10,福井県,福井県勝山市,役務,【No.3014】パークアンドライド実施に伴うバス借上げ（単価契約） [PDFファイル／110KB],2026-05-19,https://www.city.katsuyama.fukui.jp/uploaded/attachment/36269.pdf,官公需情報ポータルAPI（対象5県）
2026-05-19 19:05:10,岐阜県,国立大学法人東海国立大学機構岐阜大学,その他,大気圧型グローブボックス 株式会社UNICO製 UL-1000AC 外 一式,2026-05-19,https://www.gifu-u.ac.jp/about/financial_affairs/procurement/32e74e94ed9e09eb034d32e978a5b822.pdf,官公需情報ポータルAPI（対象5県）
2026-05-19 19:05:07,全国,環境省中部地方環境事務所,委託,令和８年度伊勢志摩国立公園横山集団施設地区利用者負担制度導入支援業務,2026-05-19,https://chubu.env.go.jp/procure/procure_00089.html,官公需情報ポータルAPI（全省庁）
2026-05-19 19:05:05,全国,国土交通省中部地方整備局,役務,令和８年度 木曽三川公園センター水と緑の館展示施設制作設置作業,2026-05-19,https://www.cbr.mlit.go.jp/contract/buppin/bukoukoku/data/pdf/bKr67uIIqK20260518_2.pdf,官公需情報ポータルAPI（全省庁）
2026-05-15 19:07:21,全国,国家公安委員会（警察庁）兵庫県警察,その他,"階級章 4,554 個",2026-05-19,https://www.police.pref.hyogo.lg.jp/chotatu/kou_data/2026/D26051901.pdf,官公需情報ポータルAPI（全省庁）
2026-05-15 19:07:21,全国,国家公安委員会（警察庁）兵庫県警察,その他,"ア 男性警察官用冬服ズボン 1,450 着",2026-05-19,https://www.police.pref.hyogo.lg.jp/chotatu/kou_data/2026/D26051902.pdf,官公需情報ポータルAPI（全省庁）
2026-05-19 19:26:13,全国,防衛省,役務,制度調査役務（その２）,2026-05-18,https://www.p-portal.go.jp/pps-web-biz/UAA01/OAA0101,官公需情報ポータルAPI（全省庁）
2026-05-19 19:26:13,全国,防衛省,役務,制度調査役務（その１）,2026-05-18,https://www.p-portal.go.jp/pps-web-biz/UAA01/OAA0101,官公需情報ポータルAPI（全省庁）
2026-05-19 19:26:13,全国,農林水産省,委託,令和8年度 高取山国有林二ホンジカ捕獲等委託事業,2026-05-18,https://www.p-portal.go.jp/pps-web-biz/UAA01/OAA0101,官公需情報ポータルAPI（全省庁）
2026-05-19 19:26:11,全国,防衛省,委託,防衛省市ヶ谷地区施設管理業務に係る企画書評価支援業務（単価契約）,2026-05-18,https://www.p-portal.go.jp/pps-web-biz/UAA01/OAA0101,官公需情報ポータルAPI（全省庁）
2026-05-19 19:26:11,全国,防衛省,その他,消火器(粉末ABC ３Kg)外１３件,2026-05-18,https://www.p-portal.go.jp/pps-web-biz/UAA01/OAA0101,官公需情報ポータルAPI（全省庁）
2026-05-19 19:26:05,全国,厚生労働省,その他,年度後半における集中的な就職面接会・企業説明会事業,2026-05-18,https://www.p-portal.go.jp/pps-web-biz/UAA01/OAA0101,官公需情報ポータルAPI（全省庁）
2026-05-19 19:26:05,全国,厚生労働省,物品,伏見公共職業安定所のレイアウト変更にかかる什器類の購入及び移設作業等の調達,2026-05-18,https://www.p-portal.go.jp/pps-web-biz/UAA01/OAA0101,官公需情報ポータルAPI（全省庁）
2026-05-19 19:26:05,全国,国土交通省,その他,令和８年度西広島バイパス都心部延伸事業ラジオ広報（その２）,2026-05-18,https://www.p-portal.go.jp/pps-web-biz/UAA01/OAA0101,官公需情報ポータルAPI（全省庁）
2026-05-19 19:26:03,全国,厚生労働省,委託,入札公告（生活保護担当ケースワーカー全国研修会開催業務）,2026-05-18,https://www.p-portal.go.jp/pps-web-biz/UAA01/OAA0101,官公需情報ポータルAPI（全省庁）
2026-05-19 19:26:03,全国,国土交通省,その他,令和８年度西広島バイパス都心部延伸事業テレビ広報（その２）,2026-05-18,https://www.p-portal.go.jp/pps-web-biz/UAA01/OAA0101,官公需情報ポータルAPI（全省庁）
2026-05-19 19:26:02,新潟県,厚生労働省,委託,糸魚川公共職業安定所における職業相談エリアのレイアウト変更業務,2026-05-18,https://www.p-portal.go.jp/pps-web-biz/UAA01/OAA0101,官公需情報ポータルAPI（対象5県）
2026-05-19 19:26:02,新潟県,厚生労働省,委託,柏崎公共職業安定所における職業相談エリアのレイアウト変更業務,2026-05-18,https://www.p-portal.go.jp/pps-web-biz/UAA01/OAA0101,官公需情報ポータルAPI（対象5県）
2026-05-19 19:26:02,新潟県,厚生労働省,委託,新発田公共職業安定所における職業相談エリアのレイアウト変更業務,2026-05-18,https://www.p-portal.go.jp/pps-web-biz/UAA01/OAA0101,官公需情報ポータルAPI（対象5県）
2026-05-19 19:26:02,新潟県,厚生労働省,委託,新津公共職業安定所における職業相談エリアのレイアウト変更業務,2026-05-18,https://www.p-portal.go.jp/pps-web-biz/UAA01/OAA0101,官公需情報ポータルAPI（対象5県）
2026-05-19 19:26:02,新潟県,厚生労働省,委託,十日町公共職業安定所における職業相談エリアのレイアウト変更業務,2026-05-18,https://www.p-portal.go.jp/pps-web-biz/UAA01/OAA0101,官公需情報ポータルAPI（対象5県）
2026-05-19 19:26:02,全国,法務省,その他,防災・まちづくり型法務局地図作成事業（令和８年度及び令和９年度）一式,2026-05-18,https://www.p-portal.go.jp/pps-web-biz/UAA01/OAA0101,官公需情報ポータルAPI（全省庁）
2026-05-19 19:26:01,全国,農林水産省,委託,漁業調査船「開洋丸」の内地入出港及び外地寄港における手続業務,2026-05-18,https://www.p-portal.go.jp/pps-web-biz/UAA01/OAA0101,官公需情報ポータルAPI（全省庁）
2026-05-19 19:26:01,全国,国土交通省,委託,令和８年度 土地分類基本調査（土地履歴調査）業務（山口・下関地区）,2026-05-18,https://www.p-portal.go.jp/pps-web-biz/UAA01/OAA0101,官公需情報ポータルAPI（全省庁）
2026-05-19 19:26:01,全国,国土交通省,役務,令和８年度 事務用消耗品単価契約（香川地区）,2026-05-18,https://www.p-portal.go.jp/pps-web-biz/UAA01/OAA0101,官公需情報ポータルAPI（全省庁）
2026-05-19 19:26:01,全国,国土交通省,委託,令和8年度 土地分類基本調査（土地履歴調査）業務（福島・郡山・いわき地区）,2026-05-18,https://www.p-portal.go.jp/pps-web-biz/UAA01/OAA0101,官公需情報ポータルAPI（全省庁）
2026-05-19 19:26:01,全国,国土交通省,委託,令和8年度 国土数値情報の整備方針に係る調査検討業務,2026-05-18,https://www.p-portal.go.jp/pps-web-biz/UAA01/OAA0101,官公需情報ポータルAPI（全省庁）
2026-05-18 19:13:43,全国,消費者庁,委託,令和８年度「取引デジタルプラットフォームを利用する消費者の利益の保護に関する法律」の運用状況等に関する調査業務,2026-05-18,https://www.p-portal.go.jp/pps-web-biz/UAA01/OAA0101,官公需情報ポータルAPI（全省庁）
2026-05-18 19:13:43,全国,財務省,物品,パーティションほかの購入,2026-05-18,https://www.p-portal.go.jp/pps-web-biz/UAA01/OAA0101,官公需情報ポータルAPI（全省庁）
2026-05-18 19:13:43,全国,国土交通省,物品,18GHz帯多重無線装置２式ほか３点買入,2026-05-18,https://www.p-portal.go.jp/pps-web-biz/UAA01/OAA0101,官公需情報ポータルAPI（全省庁）
2026-05-18 19:13:42,全国,経済産業省,委託,【本省】令和８年度石油・ガス等供給に係る保安対策調査等事業（ＬＰガス保安規制調査検討事業）,2026-05-18,https://www.p-portal.go.jp/pps-web-biz/UAA01/OAA0101,官公需情報ポータルAPI（全省庁）
2026-05-18 19:13:42,全国,経済産業省,委託,【中企庁】令和８年度中小企業取引対策事業（官公需に関する取引状況調査）,2026-05-18,https://www.p-portal.go.jp/pps-web-biz/UAA01/OAA0101,官公需情報ポータルAPI（全省庁）
2026-05-18 19:13:41,全国,法務省,役務,第１８工場空調機一式調達契約,2026-05-18,https://www.p-portal.go.jp/pps-web-biz/UAA01/OAA0101,官公需情報ポータルAPI（全省庁）
2026-05-18 19:13:41,全国,国土交通省,その他,無線電話装置７式の製造,2026-05-18,https://www.p-portal.go.jp/pps-web-biz/UAA01/OAA0101,官公需情報ポータルAPI（全省庁）
2026-05-18 19:13:41,全国,環境省,委託,令和8年度本州トキ野生復帰支援業務,2026-05-18,https://www.p-portal.go.jp/pps-web-biz/UAA01/OAA0101,官公需情報ポータルAPI（全省庁）
2026-05-18 19:13:41,全国,防衛省,その他,【税込入札】宿舎借上（市ヶ谷）,2026-05-18,https://www.p-portal.go.jp/pps-web-biz/UAA01/OAA0101,官公需情報ポータルAPI（全省庁）
2026-05-18 19:13:40,全国,国土交通省,その他,無人航空機検知システムの高機能化（製造・設置・調整）,2026-05-18,https://www.p-portal.go.jp/pps-web-biz/UAA01/OAA0101,官公需情報ポータルAPI（全省庁）
2026-05-18 19:13:40,全国,国土交通省,委託,令和８年度水源地域の情報発信等に関する業務,2026-05-18,https://www.p-portal.go.jp/pps-web-biz/UAA01/OAA0101,官公需情報ポータルAPI（全省庁）
2026-05-18 19:13:40,全国,環境省,委託,令和８年度損失と損害に関わる国際貢献方針等検討業務[総合評価落札方式],2026-05-18,https://www.p-portal.go.jp/pps-web-biz/UAA01/OAA0101,官公需情報ポータルAPI（全省庁）
2026-05-18 19:13:40,全国,国土交通省,役務,【東京航空局】函館空港移転補償跡地維持管理作業,2026-05-18,https://www.p-portal.go.jp/pps-web-biz/UAA01/OAA0101,官公需情報ポータルAPI（全省庁）
2026-05-18 19:13:40,全国,国土交通省,役務,【東京航空局】仙台空港移転補償跡地維持管理作業,2026-05-18,https://www.p-portal.go.jp/pps-web-biz/UAA01/OAA0101,官公需情報ポータルAPI（全省庁）
2026-05-18 19:13:40,全国,国土交通省,物品,【国土地理院】データ格納装置の購入（高さ測量のＤＸ及びＳＡＲ地殻変動監視）,2026-05-18,https://www.p-portal.go.jp/pps-web-biz/UAA01/OAA0101,官公需情報ポータルAPI（全省庁）
2026-05-18 19:13:40,全国,経済産業省,委託,【中企庁】令和８年度経営発達支援計画の採点評価支援業務,2026-05-18,https://www.p-portal.go.jp/pps-web-biz/UAA01/OAA0101,官公需情報ポータルAPI（全省庁）
2026-05-18 19:13:39,全国,国土交通省,物品,ＴＲＣＳ－１３Ａ型非常用ターミナルレーダー管制装置等の部品の購入,2026-05-18,https://www.p-portal.go.jp/pps-web-biz/UAA01/OAA0101,官公需情報ポータルAPI（全省庁）
2026-05-18 19:13:39,全国,国土交通省,役務,２０Ｍ型巡視艇定検修理（Ｒ８－１２）,2026-05-18,https://www.p-portal.go.jp/pps-web-biz/UAA01/OAA0101,官公需情報ポータルAPI（全省庁）
2026-05-18 19:13:38,全国,国土交通省,物品,ＡＳＤＥ－１４Ａ型空港面監視レーダー装置等の部品の購入,2026-05-18,https://www.p-portal.go.jp/pps-web-biz/UAA01/OAA0101,官公需情報ポータルAPI（全省庁）
2026-05-18 19:13:38,全国,国土交通省,委託,令和８年度 名古屋合同庁舎第２号館入退館管理設備更新業務,2026-05-18,https://www.p-portal.go.jp/pps-web-biz/UAA01/OAA0101,官公需情報ポータルAPI（全省庁）
2026-05-18 19:13:38,全国,経済産業省,委託,【資エ庁】令和８年度エネルギー需給構造高度化対策調査等事業（福島県における水素社会のモデル構築に関する調査）,2026-05-18,https://www.p-portal.go.jp/pps-web-biz/UAA01/OAA0101,官公需情報ポータルAPI（全省庁）
2026-05-18 19:13:38,全国,法務省,物品,「令和８年版犯罪白書」及び「令和８年版犯罪白書英文資料」に係る印刷製本等業務の請負 一式,2026-05-18,https://www.p-portal.go.jp/pps-web-biz/UAA01/OAA0101,官公需情報ポータルAPI（全省庁）
2026-05-18 19:13:37,全国,財務省,委託,大阪合同庁舎第３号館駐車場等警備業務,2026-05-18,https://www.p-portal.go.jp/pps-web-biz/UAA01/OAA0101,官公需情報ポータルAPI（全省庁）
2026-05-18 19:13:37,全国,経済産業省,委託,令和８年度中小企業活性化・事業承継総合支援事業（北海道内の自治体における事業承継支援力向上実証事業）,2026-05-18,https://www.p-portal.go.jp/pps-web-biz/UAA01/OAA0101,官公需情報ポータルAPI（全省庁）
2026-05-18 19:13:37,全国,厚生労働省,役務,令和８年度一般定期健康診断業務委託（単価契約）,2026-05-18,https://www.p-portal.go.jp/pps-web-biz/UAA01/OAA0101,官公需情報ポータルAPI（全省庁）
2026-05-18 19:13:37,全国,外務省,委託,令和８年度ウェブアクセシビリティ改善支援業務,2026-05-18,https://www.p-portal.go.jp/pps-web-biz/UAA01/OAA0101,官公需情報ポータルAPI（全省庁）
2026-05-18 19:13:37,全国,法務省,役務,令和8年度岡山刑務所浄化槽用薬品（メタノール）供給契約,2026-05-18,https://www.p-portal.go.jp/pps-web-biz/UAA01/OAA0101,官公需情報ポータルAPI（全省庁）
2026-05-18 19:13:35,全国,国土交通省,役務,【九州地方整備局】令和８年度 アプリケーションソフト（JUST PDF）調達,2026-05-18,https://www.p-portal.go.jp/pps-web-biz/UAA01/OAA0101,官公需情報ポータルAPI（全省庁）
2026-05-18 19:11:36,岐阜県,大学共同利用機関法人自然科学研究機構核融合科学研究所,その他,スーパーコンピュータシステムの買取 一式,2026-05-18,https://www.nifs.ac.jp/procurement/koukoku20260518-5.pdf,官公需情報ポータルAPI（対象5県）
2026-05-18 19:11:36,岐阜県,大学共同利用機関法人自然科学研究機構核融合科学研究所,委託,スーパーコンピュータシステムの保守・運用支援,2026-05-18,https://www.nifs.ac.jp/procurement/koukoku20260518-6.pdf,官公需情報ポータルAPI（対象5県）
2026-05-18 19:11:14,全国,厚生労働省東京労働局,物品,令和8～12年度 東京障害者職業能力開発校 調理・清掃サービス科におけるパソコン等のリース（設置・構築・保守含む）,2026-05-18,https://jsite.mhlw.go.jp//tokyo-roudoukyoku/content/contents/002658179.pdf,官公需情報ポータルAPI（全省庁）
2026-05-18 19:07:42,全国,国家公安委員会（警察庁）岩手県警察,その他,【県】入札公告（令和8年5月18日公表）デジタルフォレンジックツール（Inseyets offline Standalone）ライセンス調達 一式,2026-05-18,https://www.pref.iwate.jp/kenkei/_res/projects/project_kenkei/_page_/003/002/783/s_cyber_080518.pdf,官公需情報ポータルAPI（全省庁）
2026-05-18 19:07:24,新潟県,厚生労働省新潟労働局,委託,糸魚川公共職業安定所における職業相談エリアのレイアウト変更業務,2026-05-18,https://jsite.mhlw.go.jp/niigata-roudoukyoku/content/contents/R080515_4_nk0518-5.pdf,官公需情報ポータルAPI（対象5県）
2026-05-18 19:07:24,新潟県,厚生労働省新潟労働局,委託,新発田公共職業安定所における職業相談エリアのレイアウト変更業務,2026-05-18,https://jsite.mhlw.go.jp/niigata-roudoukyoku/content/contents/R080515_4_nk0518-2.pdf,官公需情報ポータルAPI（対象5県）
2026-05-18 19:07:24,新潟県,厚生労働省新潟労働局,委託,新津公共職業安定所における職業相談エリアのレイアウト変更業務,2026-05-18,https://jsite.mhlw.go.jp/niigata-roudoukyoku/content/contents/R080515_4_nk0518-3.pdf,官公需情報ポータルAPI（対象5県）
2026-05-18 19:07:24,新潟県,厚生労働省新潟労働局,委託,十日町公共職業安定所における職業相談エリアのレイアウト変更業務,2026-05-18,https://jsite.mhlw.go.jp/niigata-roudoukyoku/content/contents/R080515_4_nk0518-4.pdf,官公需情報ポータルAPI（対象5県）
2026-05-18 19:07:23,新潟県,厚生労働省新潟労働局,委託,柏崎公共職業安定所における職業相談エリアのレイアウト変更業務,2026-05-18,https://jsite.mhlw.go.jp/niigata-roudoukyoku/content/contents/R080515_4_nk0518-1.pdf,官公需情報ポータルAPI（対象5県）
2026-05-18 19:07:16,石川県,石川県内灘町,設計・測量・コンサル,白帆台小学校 屋内運動場空調設備整備工事実施設計業務,2026-05-18,https://www.ep-bis.supercals.jp/ebidPPIPublish/EjPPIj?KikanNO=1736500,官公需情報ポータルAPI（対象5県）
2026-05-18 19:07:16,石川県,石川県内灘町,設計・測量・コンサル,大根布配水池緊急遮断弁設置工事実施設計業務,2026-05-18,https://www.ep-bis.supercals.jp/ebidPPIPublish/EjPPIj?KikanNO=1736500,官公需情報ポータルAPI（対象5県）
2026-05-18 19:07:16,石川県,石川県内灘町,設計・測量・コンサル,向粟崎小学校 屋内運動場空調設備整備工事実施設計業務,2026-05-18,https://www.ep-bis.supercals.jp/ebidPPIPublish/EjPPIj?KikanNO=1736500,官公需情報ポータルAPI（対象5県）
2026-05-18 19:06:39,全国,国土交通省四国地方整備局,役務,令和８年度 事務用消耗品単価契約（香川地区）,2026-05-18,https://www.skr.mlit.go.jp/necsas/zuikei/upfiles/BH26882140400044.html,官公需情報ポータルAPI（全省庁）
2026-05-18 19:06:36,全国,国土交通省四国地方整備局,委託,令和８年度 土地価格等算定システムデータ移行等業務,2026-05-18,https://www.skr.mlit.go.jp/necsas/zuikei/upfiles/BH26882650300001.html,官公需情報ポータルAPI（全省庁）
2026-05-18 19:06:34,全国,厚生労働省京都労働局,物品,【公示第10号】伏見公共職業安定所のレイアウト変更にかかる什器類の購入及び移設作業等の調達,2026-05-18,https://jsite.mhlw.go.jp/kyoto-roudoukyoku/content/contents/koujidai10gou.pdf,官公需情報ポータルAPI（全省庁）
2026-05-18 19:05:40,全国,厚生労働省宮城労働局,その他,2026年5月18日年度後半における集中的な就職面接会・企業説明会事業,2026-05-18,https://jsite.mhlw.go.jp/miyagi-roudoukyoku/content/contents/002657107.pdf,官公需情報ポータルAPI（全省庁）
2026-05-18 19:05:34,全国,防衛省陸上自衛隊中部方面会計隊,その他,労働者派遣（ボイラー運転）ほか２件,2026-05-18,https://www.mod.go.jp/gsdf/mae/mafin/k/ko080867.pdf,官公需情報ポータルAPI（全省庁）
2026-05-18 19:05:30,新潟県,新潟県柏崎市,その他,教総第2号 児童・生徒用机・椅子,2026-05-18,https://www.city.kashiwazaki.lg.jp/material/files/group/10/r8kyousou2_koukoku.pdf,官公需情報ポータルAPI（対象5県）
2026-05-18 19:05:29,新潟県,新潟県柏崎市,その他,子育て第2号 エアコン,2026-05-18,https://www.city.kashiwazaki.lg.jp/material/files/group/10/r8kosodate2_koukoku.pdf,官公需情報ポータルAPI（対象5県）
2026-05-18 19:05:22,石川県,独立行政法人国立病院機構金沢医療センター,委託,入札公告（手術室・耳鼻科スコープ等保守業務 一式）,2026-05-18,https://kanazawa.hosp.go.jp/profession/bid/pdf/nyuusatsu/bid_20260518.pdf,官公需情報ポータルAPI（対象5県）
2026-05-18 19:05:20,新潟県,新潟県糸魚川市,役務,教こ委第1号 駅北遊び広場整備事業設計業務委託 [PDFファイル／157KB],2026-05-18,https://www.city.itoigawa.lg.jp/uploaded/attachment/18485.pdf,官公需情報ポータルAPI（対象5県）
2026-05-18 19:05:20,全国,国家公安委員会（警察庁）滋賀県警察,委託,一般競争入札の公告（滋賀県放置駐車違反金コンビニ収納対応業務）,2026-05-18,https://www.pref.shiga.lg.jp/police/osirase/304376/304378/350447.html,官公需情報ポータルAPI（全省庁）
2026-05-18 19:05:17,石川県,国立大学法人北陸先端科学技術大学院大学,その他,ＧＰＵ搭載計算機 一式（令和8年5月18日公告）,2026-05-18,https://www.jaist.ac.jp/about/data/bid/20260518-k1.pdf,官公需情報ポータルAPI（対象5県）
2026-05-18 19:05:17,新潟県,法務省新潟地方法務局,その他,令和８年度及び令和９年度大都市特化型法務局地図作成事業一式,2026-05-18,https://houmukyoku.moj.go.jp/niigata/content/001462510.pdf,官公需情報ポータルAPI（対象5県）
2026-05-18 19:05:16,全国,法務省甲府地方法務局,委託,長期相続登記等未了土地解消事業（登記名義人２００名分）の委託 一式,2026-05-18,https://houmukyoku.moj.go.jp/kofu/content/001462390.pdf,官公需情報ポータルAPI（全省庁）
2026-05-18 19:05:14,全国,法務省宇都宮地方法務局,役務,土地閉鎖登記簿電子化作業 一式,2026-05-18,https://houmukyoku.moj.go.jp/utsunomiya/content/001462568.pdf,官公需情報ポータルAPI（全省庁）
2026-05-18 19:05:11,全国,法務省東京法務局,その他,大都市特化型法務局地図（不動産登記法第１４条第１項地図）作成事業一式,2026-05-18,https://houmukyoku.moj.go.jp/tokyo/content/001462477.pdf,官公需情報ポータルAPI（全省庁）
2026-05-18 19:05:10,全国,国家公安委員会（警察庁）山口県警察,物品,録音・録画装置（小型可搬型）の購入 （PDF：124KB）,2026-05-18,https://www.pref.yamaguchi.lg.jp/uploaded/attachment/240254.pdf,官公需情報ポータルAPI（全省庁）
2026-05-18 19:05:10,全国,国家公安委員会（警察庁）山口県警察,物品,書ききり型撮影媒体の購入 （PDF：105KB）,2026-05-18,https://www.pref.yamaguchi.lg.jp/uploaded/attachment/240250.pdf,官公需情報ポータルAPI（全省庁）
2026-05-18 19:05:10,全国,国家公安委員会（警察庁）山口県警察,物品,小型警ら車の購入 （PDF：128KB）,2026-05-18,https://www.pref.yamaguchi.lg.jp/uploaded/attachment/240249.pdf,官公需情報ポータルAPI（全省庁）
2026-05-18 19:05:09,全国,法務省山形地方法務局,その他,防災・まちづくり型法務局地図作成事業（令和８年度及び令和９年度）一式,2026-05-18,https://houmukyoku.moj.go.jp/yamagata/content/001462551.pdf,官公需情報ポータルAPI（全省庁）
2026-05-18 19:05:04,全国,国土交通省中部地方整備局,役務,令和８年度 名古屋合同庁舎第２号館入退館管理設備更新業務,2026-05-18,https://www.cbr.mlit.go.jp/contract/buppin/bukoukoku/data/pdf/qAKa7j8Daa20260518_2.pdf,官公需情報ポータルAPI（全省庁）
2026-05-16 19:26:29,全国,厚生労働省,その他,100歳到達者のお祝い状用紙（揮毫）,2026-05-15,https://www.p-portal.go.jp/pps-web-biz/UAA01/OAA0101,官公需情報ポータルAPI（全省庁）
2026-05-15 19:38:58,福井県,法務省,役務,福井刑務所油入冷式変圧器交換委託業務,2026-05-15,https://www.p-portal.go.jp/pps-web-biz/UAA01/OAA0101,官公需情報ポータルAPI（対象5県）
2026-05-15 19:38:58,全国,国土交通省,物品,ＭＩＳＥ－２０型監視制御情報共有装置の部品の購入,2026-05-15,https://www.p-portal.go.jp/pps-web-biz/UAA01/OAA0101,官公需情報ポータルAPI（全省庁）
2026-05-15 19:38:58,全国,国土交通省,物品,ＤＲＥＣ－２００４Ｅ型デジタル録音再生装置の部品の購入,2026-05-15,https://www.p-portal.go.jp/pps-web-biz/UAA01/OAA0101,官公需情報ポータルAPI（全省庁）
2026-05-15 19:38:58,全国,外務省,役務,２０２６年東京国際法セミナーの際の国際法研修事業及び関連行事実施に係る委託業務一式,2026-05-15,https://www.p-portal.go.jp/pps-web-biz/UAA01/OAA0101,官公需情報ポータルAPI（全省庁）
2026-05-15 19:38:58,全国,農林水産省,役務,鳥甲国有林 森林環境保全整備事業 北信3,2026-05-15,https://www.p-portal.go.jp/pps-web-biz/UAA01/OAA0101,官公需情報ポータルAPI（全省庁）
2026-05-15 19:38:58,全国,防衛省,役務,照明設備整備役務,2026-05-15,https://www.p-portal.go.jp/pps-web-biz/UAA01/OAA0101,官公需情報ポータルAPI（全省庁）
2026-05-15 19:38:58,全国,財務省,役務,水戸税務署空気調和設備改修その他工事設計業務委託,2026-05-15,https://www.p-portal.go.jp/pps-web-biz/UAA01/OAA0101,官公需情報ポータルAPI（全省庁）
2026-05-15 19:38:58,全国,国土交通省,委託,植栽維持管理業務（高知運輸支局大津庁舎）,2026-05-15,https://www.p-portal.go.jp/pps-web-biz/UAA01/OAA0101,官公需情報ポータルAPI（全省庁）
2026-05-15 19:38:58,全国,国土交通省,役務,新福岡運輸支局における物品移転業務委託契約,2026-05-15,https://www.p-portal.go.jp/pps-web-biz/UAA01/OAA0101,官公需情報ポータルAPI（全省庁）
2026-05-15 19:38:58,全国,法務省,物品,携帯電話賃貸借及び利用契約,2026-05-15,https://www.p-portal.go.jp/pps-web-biz/UAA01/OAA0101,官公需情報ポータルAPI（全省庁）
2026-05-15 19:38:58,全国,国土交通省,役務,国土交通大学校柏研修センター 照明設備更新,2026-05-15,https://www.p-portal.go.jp/pps-web-biz/UAA01/OAA0101,官公需情報ポータルAPI（全省庁）
2026-05-15 19:38:58,全国,厚生労働省,物品,入所者送迎用特殊バス交換購入契約,2026-05-15,https://www.p-portal.go.jp/pps-web-biz/UAA01/OAA0101,官公需情報ポータルAPI（全省庁）
2026-05-15 19:38:58,全国,厚生労働省,物品,令和８～12年度 福島労働局業務用自動車賃貸借業務一式（令和８年１１月納車予定）,2026-05-15,https://www.p-portal.go.jp/pps-web-biz/UAA01/OAA0101,官公需情報ポータルAPI（全省庁）
2026-05-15 19:38:58,全国,厚生労働省,物品,令和８～12年度 東京障害者職業能力開発校 調理・清掃サービス科におけるパソコン等のリース（設置・構築・保守含む）,2026-05-15,https://www.p-portal.go.jp/pps-web-biz/UAA01/OAA0101,官公需情報ポータルAPI（全省庁）
2026-05-15 19:38:58,全国,環境省,委託,令和８年度陸域・海域OECMの具体化検討業務[総合評価落札方式],2026-05-15,https://www.p-portal.go.jp/pps-web-biz/UAA01/OAA0101,官公需情報ポータルAPI（全省庁）
2026-05-15 19:38:58,全国,環境省,委託,令和８年度環境影響評価制度最適化調査業務[総合評価落札方式],2026-05-15,https://www.p-portal.go.jp/pps-web-biz/UAA01/OAA0101,官公需情報ポータルAPI（全省庁）
2026-05-15 19:38:58,全国,法務省,委託,令和８年度大分刑務所テレビ更新整備及びテレビ収集運搬リサイクル委託一式,2026-05-15,https://www.p-portal.go.jp/pps-web-biz/UAA01/OAA0101,官公需情報ポータルAPI（全省庁）
2026-05-15 19:38:58,全国,環境省,役務,令和８年度地域の脱炭素化を実現する地方公共団体実行計画の在り方に 係る調査・支援委託業務【総合評価落札方式】,2026-05-15,https://www.p-portal.go.jp/pps-web-biz/UAA01/OAA0101,官公需情報ポータルAPI（全省庁）
2026-05-15 19:38:58,全国,環境省,委託,令和８年度中部山岳国立公園立山地域山岳登山地区に係る協働型管理 運営体制構築業務,2026-05-15,https://www.p-portal.go.jp/pps-web-biz/UAA01/OAA0101,官公需情報ポータルAPI（全省庁）
2026-05-15 19:38:58,全国,内閣府,委託,令和８年度 火山防災意識向上に資する普及啓発イベント及び住民意識調査の実施に係る企画・運営等業務,2026-05-15,https://www.p-portal.go.jp/pps-web-biz/UAA01/OAA0101,官公需情報ポータルAPI（全省庁）
2026-05-15 19:38:58,全国,財務省,委託,令和８年度 広報動画の制作等,2026-05-15,https://www.p-portal.go.jp/pps-web-biz/UAA01/OAA0101,官公需情報ポータルAPI（全省庁）
2026-05-15 19:38:58,全国,環境省,役務,令和８年度 TOD（Transit Oriented Development）プロジェクトにおける温室効果ガス削減効果に係る調査検討委託業務【総合評価落札方式】,2026-05-15,https://www.p-portal.go.jp/pps-web-biz/UAA01/OAA0101,官公需情報ポータルAPI（全省庁）
2026-05-15 19:38:58,全国,国土交通省,委託,令和8年度 建築施設点検業務（東京空港事務所外3官署）（東京航空局 東京空港事務所）,2026-05-15,https://www.p-portal.go.jp/pps-web-biz/UAA01/OAA0101,官公需情報ポータルAPI（全省庁）
2026-05-15 19:38:58,全国,経済産業省,委託,【近畿経済産業局】令和８年度大企業の協業拡大に際して中小企業に必要な知財戦略調査事業,2026-05-15,https://www.p-portal.go.jp/pps-web-biz/UAA01/OAA0101,官公需情報ポータルAPI（全省庁）
2026-05-15 19:38:58,全国,国家公安委員会（警察庁）,役務,【茨城県情報通信部】通信施設清掃点検作業,2026-05-15,https://www.p-portal.go.jp/pps-web-biz/UAA01/OAA0101,官公需情報ポータルAPI（全省庁）
2026-05-15 19:38:58,全国,経済産業省,委託,【本省】令和８年度経済産業政策関係調査事業（会計執行実務等に関する課題分析調査）,2026-05-15,https://www.p-portal.go.jp/pps-web-biz/UAA01/OAA0101,官公需情報ポータルAPI（全省庁）
2026-05-15 19:38:58,全国,文部科学省,委託,2027年教育調査に伴う学校連絡調整にかかるシステム開発及び運用保守 一式,2026-05-15,https://www.p-portal.go.jp/pps-web-biz/UAA01/OAA0101,官公需情報ポータルAPI（全省庁）
2026-05-15 19:38:57,石川県,財務省,役務,個別指導方式による記帳指導等の委託業務,2026-05-15,https://www.p-portal.go.jp/pps-web-biz/UAA01/OAA0101,官公需情報ポータルAPI（対象5県）
2026-05-15 19:38:57,石川県,財務省,役務,会計ソフト方式による記帳指導業務委託,2026-05-15,https://www.p-portal.go.jp/pps-web-biz/UAA01/OAA0101,官公需情報ポータルAPI（対象5県）
2026-05-15 19:38:57,新潟県,厚生労働省,委託,長岡公共職業安定所小千谷出張所における職業相談エリアのレイアウト変更業務,2026-05-15,https://www.p-portal.go.jp/pps-web-biz/UAA01/OAA0101,官公需情報ポータルAPI（対象5県）
2026-05-15 19:38:57,新潟県,厚生労働省,委託,長岡公共職業安定所における職業相談エリアのレイアウト変更業務,2026-05-15,https://www.p-portal.go.jp/pps-web-biz/UAA01/OAA0101,官公需情報ポータルAPI（対象5県）
2026-05-15 19:38:57,新潟県,厚生労働省,委託,上越公共職業安定所妙高出張所における職業相談エリアのレイアウト変更業務,2026-05-15,https://www.p-portal.go.jp/pps-web-biz/UAA01/OAA0101,官公需情報ポータルAPI（対象5県）
2026-05-15 19:38:57,新潟県,厚生労働省,委託,上越公共職業安定所における職業相談エリアのレイアウト変更業務,2026-05-15,https://www.p-portal.go.jp/pps-web-biz/UAA01/OAA0101,官公需情報ポータルAPI（対象5県）
2026-05-15 19:38:57,新潟県,厚生労働省,委託,三条公共職業安定所における職業相談エリアのレイアウト変更業務,2026-05-15,https://www.p-portal.go.jp/pps-web-biz/UAA01/OAA0101,官公需情報ポータルAPI（対象5県）
2026-05-15 19:38:57,全国,国土交通省,委託,Ｒ８-１２国営飛鳥・平城宮跡歴史公園運営維持管理業務,2026-05-15,https://www.p-portal.go.jp/pps-web-biz/UAA01/OAA0101,官公需情報ポータルAPI（全省庁）
2026-05-15 19:38:57,全国,農林水産省,役務,８年度網走中部署【北見地区】保全整備（保育間伐等・地拵・植付）第６号,2026-05-15,https://www.p-portal.go.jp/pps-web-biz/UAA01/OAA0101,官公需情報ポータルAPI（全省庁）
2026-05-15 19:38:57,全国,農林水産省,役務,７年度網走中部署【日吉地区その３】保全整備（保育間伐）第９号,2026-05-15,https://www.p-portal.go.jp/pps-web-biz/UAA01/OAA0101,官公需情報ポータルAPI（全省庁）
2026-05-15 19:38:57,全国,法務省,役務,防災・まちづくり型法務局地図作成事業請負契約,2026-05-15,https://www.p-portal.go.jp/pps-web-biz/UAA01/OAA0101,官公需情報ポータルAPI（全省庁）
2026-05-15 19:38:57,全国,総務省,委託,郵便分野における情報セキュリティに係る調査の請負,2026-05-15,https://www.p-portal.go.jp/pps-web-biz/UAA01/OAA0101,官公需情報ポータルAPI（全省庁）
2026-05-15 19:38:57,全国,法務省,物品,福岡第２法務総合庁舎で使用するガスの購入,2026-05-15,https://www.p-portal.go.jp/pps-web-biz/UAA01/OAA0101,官公需情報ポータルAPI（全省庁）
2026-05-15 19:38:57,全国,総務省,委託,消防・救急分野での利用モデルを用いた自営通信網における周波数有効利用に関する調査検討の請負,2026-05-15,https://www.p-portal.go.jp/pps-web-biz/UAA01/OAA0101,官公需情報ポータルAPI（全省庁）
2026-05-15 19:38:57,全国,厚生労働省,物品,書籍（医科点数表の解釈外４点889冊）の購入,2026-05-15,https://www.p-portal.go.jp/pps-web-biz/UAA01/OAA0101,官公需情報ポータルAPI（全省庁）
2026-05-15 19:38:57,全国,財務省,設計・測量・コンサル,国有財産測量業務（北見市常呂町字常呂721番2外1工区）,2026-05-15,https://www.p-portal.go.jp/pps-web-biz/UAA01/OAA0101,官公需情報ポータルAPI（全省庁）
2026-05-15 19:38:57,全国,国土交通省,役務,十勝ダム管理支所ダム諸量配信装置更新,2026-05-15,https://www.p-portal.go.jp/pps-web-biz/UAA01/OAA0101,官公需情報ポータルAPI（全省庁）
2026-05-15 19:38:57,全国,農林水産省,役務,保科山国有林外 森林環境保全整備事業 北信２,2026-05-15,https://www.p-portal.go.jp/pps-web-biz/UAA01/OAA0101,官公需情報ポータルAPI（全省庁）
2026-05-15 19:38:57,全国,デジタル庁東京都,役務,令和８年度英語研修（外国人接遇・海外出張対応コース）,2026-05-15,https://www.p-portal.go.jp/pps-web-biz/UAA01/OAA0101,官公需情報ポータルAPI（全省庁）
2026-05-15 19:38:57,全国,環境省,委託,令和８年度瀬戸内海国立公園淡路地域の公園計画第４次点検等に係る調査等業務,2026-05-15,https://www.p-portal.go.jp/pps-web-biz/UAA01/OAA0101,官公需情報ポータルAPI（全省庁）
2026-05-15 19:38:57,全国,国土交通省,その他,令和８年度土師ダム超音波流量計更新,2026-05-15,https://www.p-portal.go.jp/pps-web-biz/UAA01/OAA0101,官公需情報ポータルAPI（全省庁）
2026-05-15 19:38:57,全国,国土交通省,その他,令和８年度土師ダム排水ポンプ他更新,2026-05-15,https://www.p-portal.go.jp/pps-web-biz/UAA01/OAA0101,官公需情報ポータルAPI（全省庁）
2026-05-15 19:38:57,全国,農林水産省,役務,令和８年度別所国有林外防護柵点検委託業務,2026-05-15,https://www.p-portal.go.jp/pps-web-biz/UAA01/OAA0101,官公需情報ポータルAPI（全省庁）
2026-05-15 19:38:57,全国,法務省,役務,令和８年度乗用自動車（１台）交換契約,2026-05-15,https://www.p-portal.go.jp/pps-web-biz/UAA01/OAA0101,官公需情報ポータルAPI（全省庁）
2026-05-15 19:38:57,全国,国土交通省,物品,令和８年度中国地方整備局無人航空機購入,2026-05-15,https://www.p-portal.go.jp/pps-web-biz/UAA01/OAA0101,官公需情報ポータルAPI（全省庁）
2026-05-15 19:38:57,全国,防衛省,物品,令和８年度中国四国防衛局乗用自動車交換購入,2026-05-15,https://www.p-portal.go.jp/pps-web-biz/UAA01/OAA0101,官公需情報ポータルAPI（全省庁）
2026-05-15 19:38:57,全国,厚生労働省,役務,令和８年度一般定期健康診断及び情報機器作業健康診断にかかる業務委託契約（単価契約）,2026-05-15,https://www.p-portal.go.jp/pps-web-biz/UAA01/OAA0101,官公需情報ポータルAPI（全省庁）
2026-05-15 19:38:57,全国,環境省,委託,令和８年度フロン排出抑制法（法定報告）・オゾン層保護法（濃度変化監視）施行支援業務,2026-05-15,https://www.p-portal.go.jp/pps-web-biz/UAA01/OAA0101,官公需情報ポータルAPI（全省庁）
2026-05-15 19:38:57,全国,法務省,その他,令和８・９年度防災・まちづくり型法務局地図作成事業（岡山市北区平田ほか地区）一式,2026-05-15,https://www.p-portal.go.jp/pps-web-biz/UAA01/OAA0101,官公需情報ポータルAPI（全省庁）
2026-05-15 19:38:57,全国,法務省,その他,令和８・９年度大都市特化型法務局地図作成事業（岡山市北区駅元町ほか地区）一式,2026-05-15,https://www.p-portal.go.jp/pps-web-biz/UAA01/OAA0101,官公需情報ポータルAPI（全省庁）
2026-05-15 19:38:57,全国,法務省,その他,令和8年度・令和9年度防災・まちづくり型法務局地図作成事業（北上市大通りほか地区）,2026-05-15,https://www.p-portal.go.jp/pps-web-biz/UAA01/OAA0101,官公需情報ポータルAPI（全省庁）
2026-05-15 19:38:57,全国,法務省,その他,令和8年度・令和9年度被災地域復興型法務局地図作成事業（宮古市松山ほか地区）,2026-05-15,https://www.p-portal.go.jp/pps-web-biz/UAA01/OAA0101,官公需情報ポータルAPI（全省庁）
2026-05-15 19:38:57,全国,財務省,物品,ボールペン等の購入,2026-05-15,https://www.p-portal.go.jp/pps-web-biz/UAA01/OAA0101,官公需情報ポータルAPI（全省庁）
2026-05-15 19:38:57,全国,財務省,物品,パンフレット「関税レポート」ほかの印刷製本,2026-05-15,https://www.p-portal.go.jp/pps-web-biz/UAA01/OAA0101,官公需情報ポータルAPI（全省庁）
2026-05-15 19:38:57,全国,内閣官房,委託,グローバルヘルスのためのインパクト投資イニシアティブ（トリプルI）における、UHC達成に向けた民間投資及び地域別動向に係る調査事業,2026-05-15,https://www.p-portal.go.jp/pps-web-biz/UAA01/OAA0101,官公需情報ポータルAPI（全省庁）
2026-05-15 19:38:57,全国,環境省,役務,【規制庁】令和８年度 緊急時におけるリスク情報活用のための不確実さ評価手法整備,2026-05-15,https://www.p-portal.go.jp/pps-web-biz/UAA01/OAA0101,官公需情報ポータルAPI（全省庁）
2026-05-15 19:38:57,全国,環境省,役務,【規制庁】令和８年度 環境影響評価に係る手法の整備及び解析,2026-05-15,https://www.p-portal.go.jp/pps-web-biz/UAA01/OAA0101,官公需情報ポータルAPI（全省庁）
2026-05-15 19:38:57,全国,環境省,その他,【規制庁】令和８年度 溶融炉心挙動の多次元詳細解析,2026-05-15,https://www.p-portal.go.jp/pps-web-biz/UAA01/OAA0101,官公需情報ポータルAPI（全省庁）
2026-05-15 19:38:57,全国,環境省,その他,【規制庁】令和８年度 MELCOR2によるソースターム評価のための事故進展解析,2026-05-15,https://www.p-portal.go.jp/pps-web-biz/UAA01/OAA0101,官公需情報ポータルAPI（全省庁）
2026-05-15 19:38:57,全国,財務省,その他,AI映像解析による監視取締りに関する研究開発,2026-05-15,https://www.p-portal.go.jp/pps-web-biz/UAA01/OAA0101,官公需情報ポータルAPI（全省庁）
2026-05-15 19:38:57,全国,総務省,委託,08-0049-0114 放送制度の在り方に関する調査研究の請負（再度公告）,2026-05-15,https://www.p-portal.go.jp/pps-web-biz/UAA01/OAA0101,官公需情報ポータルAPI（全省庁）
2026-05-15 19:38:56,新潟県,国土交通省,物品,令和８年度 レーダ雨雪量計用ＴＲリミッタ８個購入,2026-05-15,https://www.p-portal.go.jp/pps-web-biz/UAA01/OAA0101,官公需情報ポータルAPI（対象5県）
2026-05-15 19:38:56,岐阜県,法務省,委託,長期相続登記等未了土地解消事業（登記名義人２００人分）の委託 一式,2026-05-15,https://www.p-portal.go.jp/pps-web-biz/UAA01/OAA0101,官公需情報ポータルAPI（対象5県）
2026-05-15 19:38:56,全国,国土交通省,物品,ＰＦＤＯＵ３２（4YU6044-2858G103）１個外２１点購入,2026-05-15,https://www.p-portal.go.jp/pps-web-biz/UAA01/OAA0101,官公需情報ポータルAPI（全省庁）
2026-05-15 19:38:56,全国,農林水産省,役務,７年度網走中部署【日吉地区その２】保全整備（保育間伐等）第８号,2026-05-15,https://www.p-portal.go.jp/pps-web-biz/UAA01/OAA0101,官公需情報ポータルAPI（全省庁）
2026-05-15 19:38:56,全国,厚生労働省,その他,食料品製造業等における外国人労働者の労働災害防止対策推進のための広報事業,2026-05-15,https://www.p-portal.go.jp/pps-web-biz/UAA01/OAA0101,官公需情報ポータルAPI（全省庁）
2026-05-15 19:38:56,全国,総務省,役務,消費動向把握に関するデータソースの多様化に関する研究開発の請負,2026-05-15,https://www.p-portal.go.jp/pps-web-biz/UAA01/OAA0101,官公需情報ポータルAPI（全省庁）
2026-05-15 19:38:56,全国,財務省,役務,年末調整関係書類の封入外部委託業務（第２グループ）,2026-05-15,https://www.p-portal.go.jp/pps-web-biz/UAA01/OAA0101,官公需情報ポータルAPI（全省庁）
2026-05-15 19:38:56,全国,財務省,役務,年末調整関係書類の封入外部委託業務（第１グループ）,2026-05-15,https://www.p-portal.go.jp/pps-web-biz/UAA01/OAA0101,官公需情報ポータルAPI（全省庁）
2026-05-15 19:38:56,全国,総務省,役務,地域のセキュリティコミュニティの強化に向けたインシデント演習の運営の請負,2026-05-15,https://www.p-portal.go.jp/pps-web-biz/UAA01/OAA0101,官公需情報ポータルAPI（全省庁）
2026-05-15 19:38:56,全国,国土交通省,委託,国土交通省 令和７年度省庁別財務書類作成支援等業務,2026-05-15,https://www.p-portal.go.jp/pps-web-biz/UAA01/OAA0101,官公需情報ポータルAPI（全省庁）
2026-05-15 19:38:56,全国,厚生労働省,役務,北海道次世代半導体フェア事業業務委託契約,2026-05-15,https://www.p-portal.go.jp/pps-web-biz/UAA01/OAA0101,官公需情報ポータルAPI（全省庁）
2026-05-15 19:38:56,全国,環境省,委託,令和８年度釧路湿原自然再生事業推進業務,2026-05-15,https://www.p-portal.go.jp/pps-web-biz/UAA01/OAA0101,官公需情報ポータルAPI（全省庁）
2026-05-15 19:38:56,全国,法務省,役務,令和8年度宇都宮法務総合庁舎等健康診断（一般定期健康診断等）委託業務一式,2026-05-15,https://www.p-portal.go.jp/pps-web-biz/UAA01/OAA0101,官公需情報ポータルAPI（全省庁）
2026-05-15 19:38:56,全国,財務省,委託,三保第一住宅外2住宅26草刈等業務,2026-05-15,https://www.p-portal.go.jp/pps-web-biz/UAA01/OAA0101,官公需情報ポータルAPI（全省庁）
2026-05-15 19:38:56,全国,国土交通省,その他,ドラグサクション浚渫兼油回収船「海翔丸」リップシール１２個外２点,2026-05-15,https://www.p-portal.go.jp/pps-web-biz/UAA01/OAA0101,官公需情報ポータルAPI（全省庁）
2026-05-15 19:38:56,全国,総務省,委託,インドにおける我が国ICT企業のグローバル展開促進（インド・モバイル・コングレス2026出展）に関する調査研究の請負,2026-05-15,https://www.p-portal.go.jp/pps-web-biz/UAA01/OAA0101,官公需情報ポータルAPI（全省庁）
2026-05-15 19:38:56,全国,環境省,その他,【規制庁】令和８年度 MELCOR2による事故耐性燃料導入時の代表事故シーケンスへの影響評価,2026-05-15,https://www.p-portal.go.jp/pps-web-biz/UAA01/OAA0101,官公需情報ポータルAPI（全省庁）
2026-05-15 19:07:42,全国,国家公安委員会（警察庁）岩手県警察,物品,【県】入札公告（令和8年5月15日公表）岩手県警察WANシステム端末等（令和9年1月整備）賃貸借契約 1式,2026-05-15,https://www.pref.iwate.jp/kenkei/_res/projects/project_kenkei/_page_/003/002/741/s_dezi_wansisutemu.pdf,官公需情報ポータルAPI（全省庁）
2026-05-15 19:07:37,新潟県,新潟県魚沼市,物品,ガスメーター購入・修理,2026-05-15,https://www.city.uonuma.lg.jp/nyusatu/260528/002284/00228401.pdf,官公需情報ポータルAPI（対象5県）
2026-05-15 19:07:34,新潟県,新潟県魚沼市,物品,校務PC増設メモリ購入,2026-05-15,https://www.city.uonuma.lg.jp/nyusatu/260528/002699/00269901.pdf,官公需情報ポータルAPI（対象5県）
2026-05-15 19:07:33,新潟県,新潟県魚沼市,物品,小出学校給食センターステンレス戸棚購入,2026-05-15,https://www.city.uonuma.lg.jp/nyusatu/260528/002713/00271301.pdf,官公需情報ポータルAPI（対象5県）
2026-05-15 19:07:04,新潟県,厚生労働省新潟労働局,委託,長岡公共職業安定所における職業相談エリアのレイアウト変更業務,2026-05-15,https://jsite.mhlw.go.jp/niigata-roudoukyoku/content/contents/R080514_12_nk0515-1.pdf,官公需情報ポータルAPI（対象5県）
2026-05-15 19:07:04,新潟県,厚生労働省新潟労働局,委託,上越公共職業安定所における職業相談エリアのレイアウト変更業務,2026-05-15,https://jsite.mhlw.go.jp/niigata-roudoukyoku/content/contents/R080514_13_nk0515-2.pdf,官公需情報ポータルAPI（対象5県）
2026-05-15 19:07:03,新潟県,厚生労働省新潟労働局,委託,長岡公共職業安定所小千谷出張所における職業相談エリアのレイアウト変更業務,2026-05-15,https://jsite.mhlw.go.jp/niigata-roudoukyoku/content/contents/R080514_15_nk0515-4.pdf,官公需情報ポータルAPI（対象5県）
2026-05-15 19:07:03,新潟県,厚生労働省新潟労働局,委託,上越公共職業安定所妙高出張所における職業相談エリアのレイアウト変更業務,2026-05-15,https://jsite.mhlw.go.jp/niigata-roudoukyoku/content/contents/R080514_16_nk0515-5.pdf,官公需情報ポータルAPI（対象5県）
2026-05-15 19:07:03,新潟県,厚生労働省新潟労働局,委託,三条公共職業安定所における職業相談エリアのレイアウト変更業務,2026-05-15,https://jsite.mhlw.go.jp/niigata-roudoukyoku/content/contents/R080514_14_nk0515-3.pdf,官公需情報ポータルAPI（対象5県）
2026-05-15 19:06:45,全国,国土交通省九州地方整備局関門航路事務所,その他,ドラグサクション浚渫兼油回収船「海翔丸」リップシール１２個外２点,2026-05-15,https://www.pa.qsr.mlit.go.jp/kanmon/keiyaku/bidding/R8d/080515koukokudoragusakusyonrippu.pdf,官公需情報ポータルAPI（全省庁）
2026-05-15 19:06:41,全国,総務省九州総合通信局,委託,消防・救急分野での利用モデルを用いた自営通信網における周波数有効利用に関する調査検討の請負,2026-05-15,https://www.soumu.go.jp/main_content/001072628.pdf,官公需情報ポータルAPI（全省庁）
2026-05-15 19:06:36,全国,厚生労働省北海道労働局,委託,北海道次世代半導体フェア事業における委託事業,2026-05-15,https://jsite.mhlw.go.jp/hokkaido-roudoukyoku/content/contents/002655101.pdf,官公需情報ポータルAPI（全省庁）
2026-05-15 19:06:25,全国,防衛省防衛医科大学,その他,8_08-85-61B-6703.pdf,2026-05-15,https://www.ndmc.ac.jp/wp-content/uploads/2026/05/8_08-85-61B-6703.pdf,官公需情報ポータルAPI（全省庁）
2026-05-15 19:05:55,全国,厚生労働省国立療養所 菊池恵楓園,物品,入札公告 ： 入所者送迎用特殊バス交換購入契約 (PDF 115KB),2026-05-15,https://www.mhlw.go.jp/seisakunitsuite/bunya/kenkou_iryou/iryou/hansen/keifuen/nyuusatu/nyuusatu_202601.pdf,官公需情報ポータルAPI（全省庁）
2026-05-15 19:05:43,全国,防衛省陸上自衛隊中部方面会計隊,その他,重油１種２号,2026-05-15,https://www.mod.go.jp/gsdf/mae/mafin/k/ko080839.pdf,官公需情報ポータルAPI（全省庁）
2026-05-15 19:05:43,全国,防衛省陸上自衛隊中部方面会計隊,その他,曲りシノ付両口ラチェットレンチ（ショートタイプ）ほか ４８件,2026-05-15,https://www.mod.go.jp/gsdf/mae/mafin/k/ko080840.pdf,官公需情報ポータルAPI（全省庁）
2026-05-15 19:05:43,全国,防衛省陸上自衛隊中部方面会計隊,物品,グリースほか１２８件,2026-05-15,https://www.mod.go.jp/gsdf/mae/mafin/k/ko080847.pdf,官公需情報ポータルAPI（全省庁）
2026-05-15 19:05:42,全国,防衛省陸上自衛隊中部方面会計隊,その他,マイクロコード（ＯＤ）ほか１０７件,2026-05-15,https://www.mod.go.jp/gsdf/mae/mafin/k/ko080854.pdf,官公需情報ポータルAPI（全省庁）
2026-05-15 19:05:41,全国,防衛省陸上自衛隊中部方面会計隊,物品,乗用式草刈り機リース,2026-05-15,https://www.mod.go.jp/gsdf/mae/mafin/k/ko080836.pdf,官公需情報ポータルAPI（全省庁）
2026-05-15 19:05:41,全国,防衛省陸上自衛隊中部方面会計隊,その他,中ぶとん（外注クリーニング） ほか２件,2026-05-15,https://www.mod.go.jp/gsdf/mae/mafin/k/ko080838.pdf,官公需情報ポータルAPI（全省庁）
2026-05-15 19:05:40,全国,防衛省陸上自衛隊中部方面会計隊,役務,海田市駐屯地における営繕事務補助派遣役務,2026-05-15,https://www.mod.go.jp/gsdf/mae/mafin/k/ko080835.pdf,官公需情報ポータルAPI（全省庁）
2026-05-15 19:05:40,全国,防衛省陸上自衛隊中部方面会計隊,その他,大久保（８）１ＢＯＸ車レンタルほか１件,2026-05-15,https://www.mod.go.jp/gsdf/mae/mafin/k/ko080844.pdf,官公需情報ポータルAPI（全省庁）
2026-05-15 19:05:40,全国,防衛省陸上自衛隊中部方面会計隊,その他,今津（８）第４今津宿舎補修,2026-05-15,https://www.mod.go.jp/gsdf/mae/mafin/k/ko080843.pdf,官公需情報ポータルAPI（全省庁）
2026-05-15 19:05:40,全国,防衛省陸上自衛隊中部方面会計隊,役務,ボイラー内部洗缶作業及びバーナー等整備,2026-05-15,https://www.mod.go.jp/gsdf/mae/mafin/k/ko080846.pdf,官公需情報ポータルAPI（全省庁）
2026-05-15 19:05:35,全国,防衛省陸上自衛隊中部方面会計隊,役務,（８）１７７号建物ほか空調機等借上設置等役務,2026-05-15,https://www.mod.go.jp/gsdf/mae/mafin/k/ko080834.pdf,官公需情報ポータルAPI（全省庁）
2026-05-15 19:05:35,全国,財務省東北財務局,委託,（R08）小浜住宅ほか74住宅建物定期点検業務,2026-05-15,https://lfb.mof.go.jp/tohoku/content/t1-2605151.pdf,官公需情報ポータルAPI（全省庁）
2026-05-15 19:05:35,全国,防衛省陸上自衛隊中部方面会計隊,役務,今津（８）駐屯地ボイラー洗缶等整備,2026-05-15,https://www.mod.go.jp/gsdf/mae/mafin/k/ko080842.pdf,官公需情報ポータルAPI（全省庁）
2026-05-15 19:05:34,全国,国家公安委員会（警察庁）中国四国管区警察局,委託,車載無線機取付金具設置等作業委託（令和8年5月15日～令和8年5月28日）,2026-05-15,https://www.chugokushikoku.npa.go.jp/kaikei/ippan/file/hiroshima/hiroshima-nyuusatu-0515.pdf,官公需情報ポータルAPI（全省庁）
2026-05-15 19:05:33,全国,国家公安委員会（警察庁）中国管区警察局,委託,車載無線機取付金具設置等作業委託（令和8年5月15日～令和8年5月28日）,2026-05-15,https://www.chugokushikoku.npa.go.jp/kaikei/ippan/file/hiroshima/hiroshima-nyuusatu-0515.pdf,官公需情報ポータルAPI（全省庁）
2026-05-15 19:05:31,全国,国土交通省北海道開発局,委託,令和8年度北海道開発局レイアウト変更等業務 (PDF:100KB),2026-05-15,https://www.hkd.mlit.go.jp/ky/ki/kaikei/jtfkjs0000002oqo-att/jtfkjs0000008ex3.pdf,官公需情報ポータルAPI（全省庁）
2026-05-15 19:05:29,全国,法務省長崎地方法務局,その他,防災・まちづくり型法務局地図作成事業,2026-05-15,https://houmukyoku.moj.go.jp/nagasaki/content/001462404.pdf,官公需情報ポータルAPI（全省庁）
2026-05-15 19:05:27,全国,国家公安委員会（警察庁）群馬県警察,その他,交通管制システム用ＬＴＥデジタル回線提供,2026-05-15,https://www.pref.gunma.jp/uploaded/attachment/701497.pdf,官公需情報ポータルAPI（全省庁）
2026-05-15 19:05:25,全国,法務省鳥取地方法務局,その他,令和８年度及び令和９年度防災・まちづくり型法務局地図作成事業,2026-05-15,https://houmukyoku.moj.go.jp/tottori/content/001462513.pdf,官公需情報ポータルAPI（全省庁）
2026-05-15 19:05:25,全国,法務省岡山地方法務局,その他,令和８・９年度防災・まちづくり型法務局地図作成事業（岡山市北区平田ほか地区）一式,2026-05-15,https://houmukyoku.moj.go.jp/okayama/content/001462533.pdf,官公需情報ポータルAPI（全省庁）
2026-05-15 19:05:25,全国,法務省岡山地方法務局,その他,令和８・９年度大都市特化型法務局地図作成事業（岡山市北区駅元町ほか地区）一式,2026-05-15,https://houmukyoku.moj.go.jp/okayama/content/001462532.pdf,官公需情報ポータルAPI（全省庁）
2026-05-15 19:05:22,全国,国家公安委員会（警察庁）滋賀県警察,物品,一般競争入札の公告（長浜警察署印刷室用複写サービス）,2026-05-15,https://www.pref.shiga.lg.jp/police/osirase/304376/304378/349960.html,官公需情報ポータルAPI（全省庁）
2026-05-15 19:05:19,岐阜県,法務省岐阜地方法務局,委託,長期相続登記等未了土地解消事業（登記名義人２００人分）の委託 一式,2026-05-15,https://houmukyoku.moj.go.jp/gifu/content/001462472.pdf,官公需情報ポータルAPI（対象5県）
2026-05-15 19:05:18,全国,法務省名古屋法務局,委託,長期相続登記等未了土地解消事業（登記名義人２００名分）の委託一式,2026-05-15,https://houmukyoku.moj.go.jp/nagoya/content/001462509.pdf,官公需情報ポータルAPI（全省庁）
2026-05-15 19:05:16,全国,環境省釧路自然環境事務所,委託,令和８年度釧路湿原自然再生事業推進業務,2026-05-15,https://hokkaido.env.go.jp/kushiro/procure/procure_00270.html,官公需情報ポータルAPI（全省庁）
2026-05-15 19:05:15,全国,財務省北海道財務局,設計・測量・コンサル,国有財産測量業務（北見市常呂町字常呂721番2外1工区）,2026-05-15,https://lfb.mof.go.jp/hokkaido/content/kakusyo/042/koukoku_r8kitamitokorosokuryou.pdf,官公需情報ポータルAPI（全省庁）
2026-05-15 19:05:14,岐阜県,岐阜県岐阜市,物品,5月15日 物品 電子黒板機能搭載プロジェクター等機器 一式,2026-05-15,https://www.city.gifu.lg.jp/_res/projects/default_project/_page_/001/039/684/r8.5.15/koukoku_denshikokuban_r8.pdf,官公需情報ポータルAPI（対象5県）
2026-05-15 19:05:14,全国,法務省宇都宮地方法務局,役務,令和８年度宇都宮法務総合庁舎等健康診断（一般定期健康診断等）委託業務 一式,2026-05-15,https://houmukyoku.moj.go.jp/utsunomiya/content/001462382.pdf,官公需情報ポータルAPI（全省庁）
2026-05-15 19:05:13,全国,法務省千葉地方法務局,役務,令和８年度乗用自動車（１台）交換契約,2026-05-15,https://houmukyoku.moj.go.jp/chiba/content/001462575.pdf,官公需情報ポータルAPI（全省庁）
2026-05-15 19:05:12,全国,国家公安委員会（警察庁）関東管区警察局,役務,通信施設清掃点検作業,2026-05-15,https://www.kanto.npa.go.jp/choutatsu/ippan/nyusatsu/n-ibaraki-20260515-0604.pdf,官公需情報ポータルAPI（全省庁）
2026-05-15 19:05:11,全国,法務省横浜地方法務局,その他,防災・まちづくり型法務局地図作成事業一式,2026-05-15,https://houmukyoku.moj.go.jp/yokohama/content/001462354.pdf,官公需情報ポータルAPI（全省庁）
2026-05-15 19:05:10,全国,法務省盛岡地方法務局,その他,令和８年度・令和９年度防災・まちづくり型法務局地図作成事業（北上市大通りほか地区）,2026-05-15,https://houmukyoku.moj.go.jp/morioka/content/001462561.pdf,官公需情報ポータルAPI（全省庁）
2026-05-15 19:05:09,岐阜県,国立大学法人東海国立大学機構岐阜大学,その他,高解像度手術顕微鏡システム 一式,2026-05-15,https://www.gifu-u.ac.jp/about/financial_affairs/procurement/8827f2211879ae64d9606453da6948a2.pdf,官公需情報ポータルAPI（対象5県）
2026-05-15 19:05:09,全国,法務省盛岡地方法務局,その他,令和８年度・令和９年度被災地域復興型法務局地図作成事業（宮古市松山ほか地区）,2026-05-15,https://houmukyoku.moj.go.jp/morioka/content/001462563.pdf,官公需情報ポータルAPI（全省庁）
2026-05-15 19:05:09,全国,国家公安委員会（警察庁）山口県警察,物品,交通信号灯器の購入 （PDF：113KB）,2026-05-15,https://www.pref.yamaguchi.lg.jp/uploaded/attachment/240150.pdf,官公需情報ポータルAPI（全省庁）
2026-05-15 19:05:06,全国,国家公安委員会（警察庁）秋田県警察,役務,交通安全施設モバイル回線契約,2026-05-15,https://www.police.pref.akita.lg.jp/uploads/contents/pages_0000000382_00/%E5%85%A5%E6%9C%AD%E5%85%AC%E5%91%8A%EF%BC%8F%E4%BA%A4%E9%80%9A%E5%AE%89%E5%85%A8%E6%96%BD%E8%A8%AD%E3%83%A2%E3%83%90%E3%82%A4%E3%83%AB%E5%9B%9E%E7%B7%9A%E5%A5%91%E7%B4%84.pdf,官公需情報ポータルAPI（全省庁）
2026-05-19 19:05:31,全国,厚生労働省秋田労働局,役務,（令和8年5月14日公告）一般定期健康診断等業務委託契約（単価契約）,2026-05-14,https://jsite.mhlw.go.jp/akita-roudoukyoku/content/contents/002659912.pdf,官公需情報ポータルAPI（全省庁）
2026-05-15 19:09:09,岐阜県,岐阜県海津市,その他,総物第10号,2026-05-14,https://www.city.kaizu.lg.jp/shisei/cmsfiles/contents/0000004/4539/20260514_soubutu10_03koukoku.pdf,官公需情報ポータルAPI（対象5県）
2026-05-15 19:05:08,全国,厚生労働省関西空港検疫所,物品,病原菌自動検出システム賃貸借,2026-05-14,https://www.forth.go.jp/keneki/kanku/soumu/20260514_nyusatu_01.pdf,官公需情報ポータルAPI（全省庁）
2026-05-14 19:35:39,全国,防衛省,その他,船舶の産業廃棄,2026-05-14,https://www.p-portal.go.jp/pps-web-biz/UAA01/OAA0101,官公需情報ポータルAPI（全省庁）
2026-05-14 19:35:39,全国,防衛省,役務,樹木撫育作業役務,2026-05-14,https://www.p-portal.go.jp/pps-web-biz/UAA01/OAA0101,官公需情報ポータルAPI（全省庁）
2026-05-14 19:35:39,全国,内閣府,委託,令和８年度原子力総合防災訓練コントローラ等訓練支援業務,2026-05-14,https://www.p-portal.go.jp/pps-web-biz/UAA01/OAA0101,官公需情報ポータルAPI（全省庁）
2026-05-14 19:35:39,全国,経済産業省,委託,【本省】令和８年度ＧＸ需要創出・カーボンプライシング運営事業（ＧＸ製品・サービスの需要創出に向けた課題及び政策手法等に関する調査）,2026-05-14,https://www.p-portal.go.jp/pps-web-biz/UAA01/OAA0101,官公需情報ポータルAPI（全省庁）
2026-05-14 19:35:38,新潟県,国土交通省,役務,令和８年度SNS防災情報収集作業,2026-05-14,https://www.p-portal.go.jp/pps-web-biz/UAA01/OAA0101,官公需情報ポータルAPI（対象5県）
2026-05-14 19:35:38,新潟県,国土交通省,委託,令和8年度三国川ダム防災等広報ラジオ放送業務,2026-05-14,https://www.p-portal.go.jp/pps-web-biz/UAA01/OAA0101,官公需情報ポータルAPI（対象5県）
2026-05-14 19:35:38,全国,防衛省,役務,Ｃ３棟フロア移設に伴う分電盤改修及び電源回路配線役務,2026-05-14,https://www.p-portal.go.jp/pps-web-biz/UAA01/OAA0101,官公需情報ポータルAPI（全省庁）
2026-05-14 19:35:38,全国,農林水産省,役務,霊仙寺山国有林外 森林環境保全整備事業 北信１,2026-05-14,https://www.p-portal.go.jp/pps-web-biz/UAA01/OAA0101,官公需情報ポータルAPI（全省庁）
2026-05-14 19:35:38,全国,厚生労働省,その他,雇用保険関係しおり・リーフレットの作製（令和８年８月使用分）,2026-05-14,https://www.p-portal.go.jp/pps-web-biz/UAA01/OAA0101,官公需情報ポータルAPI（全省庁）
2026-05-14 19:35:38,全国,金融庁,物品,金融六法（令和８年版）の購入,2026-05-14,https://www.p-portal.go.jp/pps-web-biz/UAA01/OAA0101,官公需情報ポータルAPI（全省庁）
2026-05-14 19:35:38,全国,財務省,委託,輸出入申告データと他国の取引レベルの貿易データ等との接合手法に関する委託研究,2026-05-14,https://www.p-portal.go.jp/pps-web-biz/UAA01/OAA0101,官公需情報ポータルAPI（全省庁）
2026-05-14 19:35:38,全国,宮内庁,物品,稗の購入,2026-05-14,https://www.p-portal.go.jp/pps-web-biz/UAA01/OAA0101,官公需情報ポータルAPI（全省庁）
2026-05-14 19:35:38,全国,財務省,委託,省庁別財務書類の作成基準に基づく令和７年度財務省省庁別財務書類等作成支援等業務,2026-05-14,https://www.p-portal.go.jp/pps-web-biz/UAA01/OAA0101,官公需情報ポータルAPI（全省庁）
2026-05-14 19:35:38,全国,厚生労働省,物品,病原菌自動検出システム賃貸借,2026-05-14,https://www.p-portal.go.jp/pps-web-biz/UAA01/OAA0101,官公需情報ポータルAPI（全省庁）
2026-05-14 19:35:38,全国,財務省,その他,特色ある沖縄県内誘致催事等を活用した泡盛の認知度向上施策,2026-05-14,https://www.p-portal.go.jp/pps-web-biz/UAA01/OAA0101,官公需情報ポータルAPI（全省庁）
2026-05-14 19:35:38,全国,消費者庁,委託,消費者志向経営優良事例表彰事業の運営に係る業務,2026-05-14,https://www.p-portal.go.jp/pps-web-biz/UAA01/OAA0101,官公需情報ポータルAPI（全省庁）
2026-05-14 19:35:38,全国,法務省,委託,法務省人権擁護局ウェブサイト改修等業務の請負 一式,2026-05-14,https://www.p-portal.go.jp/pps-web-biz/UAA01/OAA0101,官公需情報ポータルAPI（全省庁）
2026-05-14 19:35:38,全国,財務省,物品,業務センター対象署拡大による事務机等の購入,2026-05-14,https://www.p-portal.go.jp/pps-web-biz/UAA01/OAA0101,官公需情報ポータルAPI（全省庁）
2026-05-14 19:35:38,全国,財務省,委託,業務センター及び税務署における什器類移転等業務（４コース）,2026-05-14,https://www.p-portal.go.jp/pps-web-biz/UAA01/OAA0101,官公需情報ポータルAPI（全省庁）
2026-05-14 19:35:38,全国,財務省,委託,業務センター及び税務署における什器類移転等業務（３コース）,2026-05-14,https://www.p-portal.go.jp/pps-web-biz/UAA01/OAA0101,官公需情報ポータルAPI（全省庁）
2026-05-14 19:35:38,全国,財務省,委託,業務センター及び税務署における什器類移転等業務（２コース）,2026-05-14,https://www.p-portal.go.jp/pps-web-biz/UAA01/OAA0101,官公需情報ポータルAPI（全省庁）
2026-05-14 19:35:38,全国,財務省,委託,業務センター及び税務署における什器類移転等業務（１コース）,2026-05-14,https://www.p-portal.go.jp/pps-web-biz/UAA01/OAA0101,官公需情報ポータルAPI（全省庁）
2026-05-14 19:35:38,全国,農林水産省,役務,森林環境保全整備事業（立丸山国有林）,2026-05-14,https://www.p-portal.go.jp/pps-web-biz/UAA01/OAA0101,官公需情報ポータルAPI（全省庁）
2026-05-14 19:35:38,全国,財務省,委託,個別指導方式による記帳指導実施業務,2026-05-14,https://www.p-portal.go.jp/pps-web-biz/UAA01/OAA0101,官公需情報ポータルAPI（全省庁）
2026-05-14 19:35:38,全国,財務省,委託,会計ソフトを利用した記帳指導実施業務,2026-05-14,https://www.p-portal.go.jp/pps-web-biz/UAA01/OAA0101,官公需情報ポータルAPI（全省庁）
2026-05-14 19:35:38,全国,法務省,物品,令和８年度青森地方検察庁ほか２官署事務用品（消耗品）購入契約,2026-05-14,https://www.p-portal.go.jp/pps-web-biz/UAA01/OAA0101,官公需情報ポータルAPI（全省庁）
2026-05-14 19:35:38,全国,総務省,役務,令和８年度電波利用環境保護周知啓発活動におけるインターネット広告の請負,2026-05-14,https://www.p-portal.go.jp/pps-web-biz/UAA01/OAA0101,官公需情報ポータルAPI（全省庁）
2026-05-14 19:35:38,全国,農林水産省,委託,令和８年度輸入小麦に係る重金属、カビ毒及び残留農薬等検査業務,2026-05-14,https://www.p-portal.go.jp/pps-web-biz/UAA01/OAA0101,官公需情報ポータルAPI（全省庁）
2026-05-14 19:35:38,全国,財務省,物品,令和８年度税務大学校で使用する図書の購入（第２回）,2026-05-14,https://www.p-portal.go.jp/pps-web-biz/UAA01/OAA0101,官公需情報ポータルAPI（全省庁）
2026-05-14 19:35:38,全国,法務省,物品,令和８年度福岡高等検察庁及び福岡地方検察庁六法全書等購入契約,2026-05-14,https://www.p-portal.go.jp/pps-web-biz/UAA01/OAA0101,官公需情報ポータルAPI（全省庁）
2026-05-14 19:35:38,全国,環境省,委託,令和８年度環境省施設における太陽光発電の導入計画の策定に向けた調査及び検討業務[総合評価落札方式],2026-05-14,https://www.p-portal.go.jp/pps-web-biz/UAA01/OAA0101,官公需情報ポータルAPI（全省庁）
2026-05-14 19:35:38,全国,農林水産省,委託,令和８年度木材産業における外国人材の受入れに関する委託事業,2026-05-14,https://www.p-portal.go.jp/pps-web-biz/UAA01/OAA0101,官公需情報ポータルAPI（全省庁）
2026-05-14 19:35:38,全国,法務省,役務,令和８年度文具等供給契約,2026-05-14,https://www.p-portal.go.jp/pps-web-biz/UAA01/OAA0101,官公需情報ポータルAPI（全省庁）
2026-05-14 19:35:38,全国,経済産業省,委託,令和８年度固定価格買取制度等効率的・安定的運用業務事業（固定価格買取制度等における自治体連携のための調査）,2026-05-14,https://www.p-portal.go.jp/pps-web-biz/UAA01/OAA0101,官公需情報ポータルAPI（全省庁）
2026-05-14 19:35:38,全国,経済産業省,その他,令和８年度四国経済産業局7階フロアレイアウト変更等一式,2026-05-14,https://www.p-portal.go.jp/pps-web-biz/UAA01/OAA0101,官公需情報ポータルAPI（全省庁）
2026-05-14 19:35:38,全国,法務省,役務,令和８年度プリンタトナー等供給契約,2026-05-14,https://www.p-portal.go.jp/pps-web-biz/UAA01/OAA0101,官公需情報ポータルAPI（全省庁）
2026-05-14 19:35:38,全国,国土交通省,委託,令和８年度 マスプロダクツ型排水ポンプ設備点検外業務,2026-05-14,https://www.p-portal.go.jp/pps-web-biz/UAA01/OAA0101,官公需情報ポータルAPI（全省庁）
2026-05-14 19:35:38,全国,国土交通省,委託,令和８年度 インシデント対処研修及び演習実施業務,2026-05-14,https://www.p-portal.go.jp/pps-web-biz/UAA01/OAA0101,官公需情報ポータルAPI（全省庁）
2026-05-14 19:35:38,全国,厚生労働省,物品,京都七条公共職業安定所（本所）のレイアウト変更にかかる什器類の購入及び移設作業等の調達,2026-05-14,https://www.p-portal.go.jp/pps-web-biz/UAA01/OAA0101,官公需情報ポータルAPI（全省庁）
2026-05-14 19:35:38,全国,厚生労働省,役務,一般定期健康診断等業務委託契約（単価契約）,2026-05-14,https://www.p-portal.go.jp/pps-web-biz/UAA01/OAA0101,官公需情報ポータルAPI（全省庁）
2026-05-14 19:35:38,全国,経済産業省,委託,【資エ庁】令和８年度燃料安定供給対策調査等事業（エネルギーに関する国内外の経済社会動向の調査）,2026-05-14,https://www.p-portal.go.jp/pps-web-biz/UAA01/OAA0101,官公需情報ポータルAPI（全省庁）
2026-05-14 19:35:38,全国,経済産業省,委託,【資エ庁】令和８年度固定価格買取制度等効率的・安定的運用業務事業（再生可能エネルギー固定価格買取制度等における賦課金単価算定の精緻化に向けた分析等調査）,2026-05-14,https://www.p-portal.go.jp/pps-web-biz/UAA01/OAA0101,官公需情報ポータルAPI（全省庁）
2026-05-14 19:35:38,全国,国家公安委員会（警察庁）,物品,【東京都警察情報通信部】アナログ電話機ほかの購入,2026-05-14,https://www.p-portal.go.jp/pps-web-biz/UAA01/OAA0101,官公需情報ポータルAPI（全省庁）
2026-05-14 19:35:38,全国,経済産業省,委託,【本省】令和７年度補正デジタルライフライン整備加速事業（ドローン航路の登録・認証に係る調査）,2026-05-14,https://www.p-portal.go.jp/pps-web-biz/UAA01/OAA0101,官公需情報ポータルAPI（全省庁）
2026-05-14 19:35:38,全国,経済産業省,委託,【本省】令和8年度内外一体の経済成長戦略構築にかかる国際経済調査事業 （日EU競争力アライアンスを踏まえた、サプライチェーン強靭化 に向けた欧州の重点国に関する調査）,2026-05-14,https://www.p-portal.go.jp/pps-web-biz/UAA01/OAA0101,官公需情報ポータルAPI（全省庁）
2026-05-14 19:35:38,全国,農林水産省,役務,【山口森林管理事務所】城山国有林保安林総合改良整備事業,2026-05-14,https://www.p-portal.go.jp/pps-web-biz/UAA01/OAA0101,官公需情報ポータルAPI（全省庁）
2026-05-14 19:35:38,全国,国土交通省,委託,【国土地理院】電子基準点「枝幸（９５０１０３）」の移設業務,2026-05-14,https://www.p-portal.go.jp/pps-web-biz/UAA01/OAA0101,官公需情報ポータルAPI（全省庁）
2026-05-14 19:35:38,全国,国土交通省,役務,【九州地方整備局】令和８年度九州技術事務所空調設備保守点検,2026-05-14,https://www.p-portal.go.jp/pps-web-biz/UAA01/OAA0101,官公需情報ポータルAPI（全省庁）
2026-05-14 19:35:38,全国,国土交通省,委託,【九州地方整備局】令和８ － 1 2年度 行政情報システム運用サポート業務,2026-05-14,https://www.p-portal.go.jp/pps-web-biz/UAA01/OAA0101,官公需情報ポータルAPI（全省庁）
2026-05-14 19:35:38,全国,経済産業省,委託,【中企庁】令和８年度中小企業の持続的・構造的賃上げに向けた調査・分析事業（新政策立案に向けた賃上げ等各種データに関する調査分析）,2026-05-14,https://www.p-portal.go.jp/pps-web-biz/UAA01/OAA0101,官公需情報ポータルAPI（全省庁）
2026-05-14 19:35:37,新潟県,国土交通省,委託,令和８年度新潟国道登記業務（権利に関する登記）,2026-05-14,https://www.p-portal.go.jp/pps-web-biz/UAA01/OAA0101,官公需情報ポータルAPI（対象5県）
2026-05-14 19:35:37,新潟県,国家公安委員会（警察庁）,役務,【新潟県情報通信部】通信施設除草作業,2026-05-14,https://www.p-portal.go.jp/pps-web-biz/UAA01/OAA0101,官公需情報ポータルAPI（対象5県）
2026-05-14 19:35:37,岐阜県,農林水産省,役務,森林環境保全整備事業（保育間伐活用型外 東濃3阿木恵那）,2026-05-14,https://www.p-portal.go.jp/pps-web-biz/UAA01/OAA0101,官公需情報ポータルAPI（対象5県）
2026-05-14 19:35:37,岐阜県,農林水産省,役務,森林環境保全整備事業（保育間伐活用型 東濃５木曽越峠）,2026-05-14,https://www.p-portal.go.jp/pps-web-biz/UAA01/OAA0101,官公需情報ポータルAPI（対象5県）
2026-05-14 19:35:37,全国,国土交通省,委託,航路調査船「鎮西」電光表示シート４枚外３点,2026-05-14,https://www.p-portal.go.jp/pps-web-biz/UAA01/OAA0101,官公需情報ポータルAPI（全省庁）
2026-05-14 19:35:37,全国,内閣府,設計・測量・コンサル,航空レーザ測量による国境離島の現況調査業務（五島列島白瀬北小島・大隅諸島やいと及びヤクロ瀬地区）,2026-05-14,https://www.p-portal.go.jp/pps-web-biz/UAA01/OAA0101,官公需情報ポータルAPI（全省庁）
2026-05-14 19:35:37,全国,内閣府,設計・測量・コンサル,航空レーザ測量による国境離島の状況把握業務（沖縄諸島鳥島地区）,2026-05-14,https://www.p-portal.go.jp/pps-web-biz/UAA01/OAA0101,官公需情報ポータルAPI（全省庁）
2026-05-14 19:35:37,全国,内閣府,委託,海洋データ利活用の普及展開に向けた調査検討事業）,2026-05-14,https://www.p-portal.go.jp/pps-web-biz/UAA01/OAA0101,官公需情報ポータルAPI（全省庁）
2026-05-14 19:35:37,全国,法務省,委託,令和８年度福岡第２法務総合庁舎入退館管理システム更新業務,2026-05-14,https://www.p-portal.go.jp/pps-web-biz/UAA01/OAA0101,官公需情報ポータルAPI（全省庁）
2026-05-14 19:35:37,全国,財務省,委託,令和８年度定期健康診断等の業務,2026-05-14,https://www.p-portal.go.jp/pps-web-biz/UAA01/OAA0101,官公需情報ポータルAPI（全省庁）
2026-05-14 19:35:37,全国,財務省,委託,令和８年度合同宿舎建物点検及び外壁等調査業務,2026-05-14,https://www.p-portal.go.jp/pps-web-biz/UAA01/OAA0101,官公需情報ポータルAPI（全省庁）
2026-05-14 19:35:37,全国,法務省,その他,令和８年度及び同９年度大都市特化型法務局地図作成事業 一式,2026-05-14,https://www.p-portal.go.jp/pps-web-biz/UAA01/OAA0101,官公需情報ポータルAPI（全省庁）
2026-05-14 19:35:37,全国,国土交通省,委託,【九州地方整備局】令和８年度Power Platform及びCopilot Chatトレーニングほか業務,2026-05-14,https://www.p-portal.go.jp/pps-web-biz/UAA01/OAA0101,官公需情報ポータルAPI（全省庁）
2026-05-14 19:35:36,全国,防衛省,委託,下総及び木更津飛行場周辺（８）住宅防音事業に係る事務手続補助等業務（その１）,2026-05-14,https://www.p-portal.go.jp/pps-web-biz/UAA01/OAA0101,官公需情報ポータルAPI（全省庁）
2026-05-14 19:10:13,岐阜県,岐阜県海津市,その他,教学物第15号,2026-05-14,https://www.city.kaizu.lg.jp/shisei/cmsfiles/contents/0000004/4539/20260514_kyougakubutu15_03koukoku.pdf,官公需情報ポータルAPI（対象5県）
2026-05-14 19:10:10,岐阜県,岐阜県海津市,その他,観シ物第8号,2026-05-14,https://www.city.kaizu.lg.jp/shisei/cmsfiles/contents/0000004/4539/20260514_kansibutu8_03koukoku.pdf,官公需情報ポータルAPI（対象5県）
2026-05-14 19:10:09,岐阜県,岐阜県海津市,その他,こ物第7号,2026-05-14,https://www.city.kaizu.lg.jp/shisei/cmsfiles/contents/0000004/4539/20260514_kobutu7_03koukoku.pdf,官公需情報ポータルAPI（対象5県）
2026-05-14 19:10:08,岐阜県,岐阜県海津市,その他,健物第2号,2026-05-14,https://www.city.kaizu.lg.jp/shisei/cmsfiles/contents/0000004/4539/20260514_kenbutu2_03koukoku.pdf,官公需情報ポータルAPI（対象5県）
2026-05-14 19:10:03,岐阜県,岐阜県海津市,その他,総物第9号,2026-05-14,https://www.city.kaizu.lg.jp/shisei/cmsfiles/contents/0000004/4539/20260514_soubutu9_03koukoku.pdf,官公需情報ポータルAPI（対象5県）
2026-05-14 19:09:48,岐阜県,岐阜県海津市,その他,保委第11号,2026-05-14,https://www.city.kaizu.lg.jp/shisei/cmsfiles/contents/0000004/4538/20260514_hoi11_03koukoku_shuusei.pdf,官公需情報ポータルAPI（対象5県）
2026-05-14 19:09:46,岐阜県,岐阜県海津市,その他,文ス委第25号,2026-05-14,https://www.city.kaizu.lg.jp/shisei/cmsfiles/contents/0000004/4538/20260514_bunsui25_04koukoku.pdf,官公需情報ポータルAPI（対象5県）
2026-05-14 19:06:40,新潟県,国土交通省北陸信越運輸局,その他,R8.5.14,2026-05-14,https://wwwtb.mlit.go.jp/hokushin/content/000373391.pdf,官公需情報ポータルAPI（対象5県）
2026-05-14 19:06:37,全国,総務省九州総合通信局,委託,遠隔方位測定設備センサ標準IV型の移設先置局調査の請負,2026-05-14,https://www.soumu.go.jp/main_content/001072383.pdf,官公需情報ポータルAPI（全省庁）
2026-05-14 19:06:37,全国,国家公安委員会（警察庁）宮崎県警察本部,役務,宮崎南警察署庁舎清掃業務委託に係る条件付一般競争入札の公告について,2026-05-14,https://www.pref.miyazaki.lg.jp/police/nyusatsujoho/nyusatsukokoku/minami/20260508153857.html,官公需情報ポータルAPI（全省庁）
2026-05-14 19:06:35,全国,厚生労働省京都労働局,物品,【公示第6号】京都七条公共職業安定所（本所）のレイアウト変更にかかる什器類の購入及び移設作業等の調達,2026-05-14,https://jsite.mhlw.go.jp/kyoto-roudoukyoku/content/contents/koujidai6gou.pdf,官公需情報ポータルAPI（全省庁）
2026-05-14 19:06:33,全国,国土交通省九州地方整備局関門航路事務所,委託,航路調査船「鎮西」電光表示シート４枚外３点,2026-05-14,https://www.pa.qsr.mlit.go.jp/kanmon/keiyaku/bidding/R8d/080514koukokutinzeidenkouhyou.pdf,官公需情報ポータルAPI（全省庁）
2026-05-14 19:05:37,全国,国土交通省国土技術政策総合研究所,物品,リモートデスクトップソフトウェア購入,2026-05-14,https://www.nilim.go.jp/lab/adg/koukoku/buppin/260514-2.pdf,官公需情報ポータルAPI（全省庁）
2026-05-14 19:05:37,全国,国土交通省国土技術政策総合研究所,役務,ウイルス対策ソフトウェア管理サーバ構築,2026-05-14,https://www.nilim.go.jp/lab/adg/koukoku/buppin/260514-3.pdf,官公需情報ポータルAPI（全省庁）
2026-05-14 19:05:35,全国,防衛省陸上自衛隊中部方面会計隊,その他,＜変更＞八尾（８）１０７号ほか灯油ポンプ更新,2026-05-14,https://www.mod.go.jp/gsdf/mae/mafin/k/ko080821.pdf,官公需情報ポータルAPI（全省庁）
2026-05-14 19:05:34,全国,防衛省陸上自衛隊中部方面会計隊,その他,ＭＳサドル２型 ほか３３件,2026-05-14,https://www.mod.go.jp/gsdf/mae/mafin/k/ko080826.pdf,官公需情報ポータルAPI（全省庁）
2026-05-14 19:05:34,全国,防衛省陸上自衛隊中部方面会計隊,その他,＜変更＞カネヤ ケーブルクロスオーバーほか５件,2026-05-14,https://www.mod.go.jp/gsdf/mae/mafin/k/ko080824.pdf,官公需情報ポータルAPI（全省庁）
2026-05-14 19:05:31,全国,厚生労働省秋田労働局,役務,（令和8年5月14日公告）一般定期健康診断等業務委託契約（単価契約）,2026-05-14,https://jsite.mhlw.go.jp/akita-roudoukyoku/content/contents/002654524.pdf,官公需情報ポータルAPI（全省庁）
2026-05-14 19:05:24,全国,法務省広島法務局,その他,令和８年度及び同９年度防災・まちづくり型法務局地図作成事業 一式,2026-05-14,https://houmukyoku.moj.go.jp/hiroshima/content/001462231.pdf,官公需情報ポータルAPI（全省庁）
2026-05-14 19:05:24,全国,法務省広島法務局,その他,令和８年度及び同９年度大都市特化型法務局地図作成事業 一式,2026-05-14,https://houmukyoku.moj.go.jp/hiroshima/content/001462233.pdf,官公需情報ポータルAPI（全省庁）
2026-05-14 19:05:24,全国,総務省関東総合通信局,役務,令和8年度電波利用環境保護周知啓発活動におけるインターネット広告の請負,2026-05-14,https://www.soumu.go.jp/main_content/001072385.pdf,官公需情報ポータルAPI（全省庁）
2026-05-14 19:05:22,全国,財務省近畿財務局,委託,令和８年度合同宿舎建物点検及び外壁等調査業務,2026-05-14,https://lfb.mof.go.jp/kinki/content/031/03100631.pdf,官公需情報ポータルAPI（全省庁）
2026-05-14 19:05:20,石川県,法務省金沢地方法務局,委託,長期相続登記等未了土地解消事業（登記名義人２００名分）の委託一式に係る入札公告,2026-05-14,https://houmukyoku.moj.go.jp/kanazawa/content/001462373.pdf,官公需情報ポータルAPI（対象5県）
2026-05-14 19:05:15,全国,法務省長野地方法務局,委託,長期相続登記等未了土地解消事業(登記名義人２００名分)の委託 一式,2026-05-14,https://houmukyoku.moj.go.jp/nagano/content/001462375.pdf,官公需情報ポータルAPI（全省庁）
2026-05-14 19:05:13,全国,法務省水戸地方法務局,委託,長期相続登記等未了土地解消事業(登記名義人２００名分)の委託一式,2026-05-14,https://houmukyoku.moj.go.jp/mito/content/001462489.pdf,官公需情報ポータルAPI（全省庁）
2026-05-14 19:05:10,全国,金融庁,物品,金融六法（令和８年版）の購入,2026-05-14,https://www.fsa.go.jp/choutatu/choutatu_j/R8/20260514.pdf,官公需情報ポータルAPI（全省庁）
2026-05-14 19:05:10,全国,国家公安委員会（警察庁）関東管区警察局,役務,[電子可] 通信施設除草作業,2026-05-14,https://www.kanto.npa.go.jp/choutatsu/ippan/nyusatsu/n-niigata-20260514-0603.pdf,官公需情報ポータルAPI（全省庁）
2026-05-14 19:05:08,全国,国家公安委員会（警察庁）山口県警察,その他,長府警察署旧殿居駐在所建物売却 （PDF：136KB）,2026-05-14,https://www.pref.yamaguchi.lg.jp/uploaded/attachment/240113.pdf,官公需情報ポータルAPI（全省庁）
2026-05-14 19:05:05,全国,国家公安委員会（警察庁）秋田県警察,物品,物品調達契約（DNA鑑定用消耗品6品目 単価契約） [67KB],2026-05-14,https://www.police.pref.akita.lg.jp/uploads/contents/pages_0000000382_00/20260514%E5%85%A5%E6%9C%AD%E5%85%AC%E5%91%8A%EF%BC%88%EF%BC%A4%EF%BC%AE%EF%BC%A1%E9%91%91%E5%AE%9A%E7%94%A8%E6%B6%88%E8%80%97%E5%93%81%EF%BC%89.pdf,官公需情報ポータルAPI（全省庁）
2026-05-14 19:35:38,全国,財務省,その他,暗号資産関連情報提供ライセンスの更新,2026-05-13,https://www.p-portal.go.jp/pps-web-biz/UAA01/OAA0101,官公需情報ポータルAPI（全省庁）
2026-05-14 19:35:38,全国,防衛省,役務,多国間連携等の業務に係る技術支援役務,2026-05-13,https://www.p-portal.go.jp/pps-web-biz/UAA01/OAA0101,官公需情報ポータルAPI（全省庁）
2026-05-13 19:39:06,全国,法務省,委託,長期相続登記等未了土地解消事業（登記名義人住所変更２００名分）の委託一式,2026-05-13,https://www.p-portal.go.jp/pps-web-biz/UAA01/OAA0101,官公需情報ポータルAPI（全省庁）
2026-05-13 19:39:06,全国,財務省,委託,観音寺税務署ほか５署 アスベスト含有調査,2026-05-13,https://www.p-portal.go.jp/pps-web-biz/UAA01/OAA0101,官公需情報ポータルAPI（全省庁）
2026-05-13 19:39:06,全国,国土交通省,物品,特内燃機油（４号）買入（みうら 単契）,2026-05-13,https://www.p-portal.go.jp/pps-web-biz/UAA01/OAA0101,官公需情報ポータルAPI（全省庁）
2026-05-13 19:39:06,全国,法務省,委託,地方公共団体による再犯防止の取組を促進するための協議会の実施業務の請負 一式,2026-05-13,https://www.p-portal.go.jp/pps-web-biz/UAA01/OAA0101,官公需情報ポータルAPI（全省庁）
2026-05-13 19:39:06,全国,環境省,委託,令和８年度開発途上国向け気候変動適応M&Eツールの改修及び運用支援整備業務[総合評価落札方式],2026-05-13,https://www.p-portal.go.jp/pps-web-biz/UAA01/OAA0101,官公需情報ポータルAPI（全省庁）
2026-05-13 19:39:06,全国,農林水産省,委託,令和８年度資格試験（林業普及指導員）運営業務,2026-05-13,https://www.p-portal.go.jp/pps-web-biz/UAA01/OAA0101,官公需情報ポータルAPI（全省庁）
2026-05-13 19:39:06,全国,内閣府,委託,令和８年度孤立集落防災訓練企画運営業務（その２）,2026-05-13,https://www.p-portal.go.jp/pps-web-biz/UAA01/OAA0101,官公需情報ポータルAPI（全省庁）
2026-05-13 19:39:06,全国,環境省,設計・測量・コンサル,令和８年度京都御苑自然苑路等改修設計業務,2026-05-13,https://www.p-portal.go.jp/pps-web-biz/UAA01/OAA0101,官公需情報ポータルAPI（全省庁）
2026-05-13 19:39:06,全国,法務省,委託,令和８年度パブリック・スピーキング研修実施業務 一式,2026-05-13,https://www.p-portal.go.jp/pps-web-biz/UAA01/OAA0101,官公需情報ポータルAPI（全省庁）
2026-05-13 19:39:06,全国,国土交通省,役務,令和8年度 東京国際空港官用車定期点検整備（東京航空局 東京空港事務所）,2026-05-13,https://www.p-portal.go.jp/pps-web-biz/UAA01/OAA0101,官公需情報ポータルAPI（全省庁）
2026-05-13 19:39:06,全国,厚生労働省,役務,マザーズハローワーク天神及びマザーズハローワーク北九州における「面接の対策セミナー」等実施業務委託,2026-05-13,https://www.p-portal.go.jp/pps-web-biz/UAA01/OAA0101,官公需情報ポータルAPI（全省庁）
2026-05-13 19:39:06,全国,総務省,委託,ウェブスクレイピング研究・分析用及び構造編関連分析用のインターネット通信販売価格のデータ取集業務の請負,2026-05-13,https://www.p-portal.go.jp/pps-web-biz/UAA01/OAA0101,官公需情報ポータルAPI（全省庁）
2026-05-13 19:39:06,全国,経済産業省,委託,【資エ庁】令和８年度エネルギー需給構造高度化対策調査等事業（合成メタン（e-methane）等の社会実装の実現・加速化に向けた制度等の検討及び制度運用の支援に関する業務）,2026-05-13,https://www.p-portal.go.jp/pps-web-biz/UAA01/OAA0101,官公需情報ポータルAPI（全省庁）
2026-05-13 19:39:05,新潟県,国土交通省,物品,潤滑油遠心フィルタエレメント4個ほか172点買入,2026-05-13,https://www.p-portal.go.jp/pps-web-biz/UAA01/OAA0101,官公需情報ポータルAPI（対象5県）
2026-05-13 19:39:05,富山県,農林水産省,物品,自動車の交換購入,2026-05-13,https://www.p-portal.go.jp/pps-web-biz/UAA01/OAA0101,官公需情報ポータルAPI（対象5県）
2026-05-13 19:39:05,全国,農林水産省,役務,鳴瀬山国有林外鹿等防護柵点検業務委託,2026-05-13,https://www.p-portal.go.jp/pps-web-biz/UAA01/OAA0101,官公需情報ポータルAPI（全省庁）
2026-05-13 19:39:05,全国,農林水産省,役務,阿舎利国有林森林整備事業（間伐）,2026-05-13,https://www.p-portal.go.jp/pps-web-biz/UAA01/OAA0101,官公需情報ポータルAPI（全省庁）
2026-05-13 19:39:05,全国,法務省,その他,長期相続登記等未了土地解消事業（登記名義人２００名分）,2026-05-13,https://www.p-portal.go.jp/pps-web-biz/UAA01/OAA0101,官公需情報ポータルAPI（全省庁）
2026-05-13 19:39:05,全国,農林水産省,役務,赤西国有林森林整備事業（間伐（存置対象を含む））,2026-05-13,https://www.p-portal.go.jp/pps-web-biz/UAA01/OAA0101,官公需情報ポータルAPI（全省庁）
2026-05-13 19:39:05,全国,農林水産省,その他,第４号 コピー用紙ほか,2026-05-13,https://www.p-portal.go.jp/pps-web-biz/UAA01/OAA0101,官公需情報ポータルAPI（全省庁）
2026-05-13 19:39:05,全国,農林水産省,その他,第３号 ファイル類,2026-05-13,https://www.p-portal.go.jp/pps-web-biz/UAA01/OAA0101,官公需情報ポータルAPI（全省庁）
2026-05-13 19:39:05,全国,農林水産省,その他,第２号 インクカートリッジほか,2026-05-13,https://www.p-portal.go.jp/pps-web-biz/UAA01/OAA0101,官公需情報ポータルAPI（全省庁）
2026-05-13 19:39:05,全国,厚生労働省,物品,福知山公共職業安定所のレイアウト変更に伴う什器類の購入及び移設作業等一式の調達,2026-05-13,https://www.p-portal.go.jp/pps-web-biz/UAA01/OAA0101,官公需情報ポータルAPI（全省庁）
2026-05-13 19:39:05,全国,農林水産省,役務,犬伏山国有林外鹿等防護柵点検業務委託,2026-05-13,https://www.p-portal.go.jp/pps-web-biz/UAA01/OAA0101,官公需情報ポータルAPI（全省庁）
2026-05-13 19:39:05,全国,農林水産省,役務,犬伏山国有林外鹿等防護柵点検,2026-05-13,https://www.p-portal.go.jp/pps-web-biz/UAA01/OAA0101,官公需情報ポータルAPI（全省庁）
2026-05-13 19:39:05,全国,財務省,委託,年末調整関係書類の発送代行業務,2026-05-13,https://www.p-portal.go.jp/pps-web-biz/UAA01/OAA0101,官公需情報ポータルAPI（全省庁）
2026-05-13 19:39:05,全国,財務省,委託,年末調整関係書類の封入業務（Bブロック）,2026-05-13,https://www.p-portal.go.jp/pps-web-biz/UAA01/OAA0101,官公需情報ポータルAPI（全省庁）
2026-05-13 19:39:05,全国,財務省,委託,年末調整関係書類の封入業務（Aブロック）,2026-05-13,https://www.p-portal.go.jp/pps-web-biz/UAA01/OAA0101,官公需情報ポータルAPI（全省庁）
2026-05-13 19:39:05,全国,国土交通省,役務,室蘭開発建設部管内 標識灯点検整備,2026-05-13,https://www.p-portal.go.jp/pps-web-biz/UAA01/OAA0101,官公需情報ポータルAPI（全省庁）
2026-05-13 19:39:05,全国,厚生労働省,物品,宇治公共職業安定所、京都田辺公共職業安定所のレイアウト変更にかかる什器類の購入及び移設作業等一式の調達,2026-05-13,https://www.p-portal.go.jp/pps-web-biz/UAA01/OAA0101,官公需情報ポータルAPI（全省庁）
2026-05-13 19:39:05,全国,財務省,委託,外国人客員・実務研究員の招へいに関する支援業務,2026-05-13,https://www.p-portal.go.jp/pps-web-biz/UAA01/OAA0101,官公需情報ポータルAPI（全省庁）
2026-05-13 19:39:05,全国,法務省,役務,土地閉鎖登記簿電子化作業 一式,2026-05-13,https://www.p-portal.go.jp/pps-web-biz/UAA01/OAA0101,官公需情報ポータルAPI（全省庁）
2026-05-13 19:39:05,全国,財務省,役務,個別指導方式による記帳指導の委託業務,2026-05-13,https://www.p-portal.go.jp/pps-web-biz/UAA01/OAA0101,官公需情報ポータルAPI（全省庁）
2026-05-13 19:39:05,全国,財務省,役務,会計ソフト方式による記帳指導の委託業務(第４グループ(高知県)),2026-05-13,https://www.p-portal.go.jp/pps-web-biz/UAA01/OAA0101,官公需情報ポータルAPI（全省庁）
2026-05-13 19:39:05,全国,財務省,役務,会計ソフト方式による記帳指導の委託業務(第３グループ(愛媛県)),2026-05-13,https://www.p-portal.go.jp/pps-web-biz/UAA01/OAA0101,官公需情報ポータルAPI（全省庁）
2026-05-13 19:39:05,全国,財務省,役務,会計ソフト方式による記帳指導の委託業務(第２グループ(香川県)),2026-05-13,https://www.p-portal.go.jp/pps-web-biz/UAA01/OAA0101,官公需情報ポータルAPI（全省庁）
2026-05-13 19:39:05,全国,財務省,役務,会計ソフト方式による記帳指導の委託業務(第１グループ(徳島県)),2026-05-13,https://www.p-portal.go.jp/pps-web-biz/UAA01/OAA0101,官公需情報ポータルAPI（全省庁）
2026-05-13 19:39:05,全国,環境省,役務,令和８年度排水処理における温室効果ガス排出量等に関する調査検討委託業務,2026-05-13,https://www.p-portal.go.jp/pps-web-biz/UAA01/OAA0101,官公需情報ポータルAPI（全省庁）
2026-05-13 19:39:05,全国,法務省,その他,令和８年度及び令和９年度防災・まちづくり型法務局地図作成事業 一式,2026-05-13,https://www.p-portal.go.jp/pps-web-biz/UAA01/OAA0101,官公需情報ポータルAPI（全省庁）
2026-05-13 19:39:05,全国,厚生労働省,役務,令和８年度佐賀労働局定期健康診断及び情報機器作業従事者にかかる健康診断業務委託（単価契約）,2026-05-13,https://www.p-portal.go.jp/pps-web-biz/UAA01/OAA0101,官公需情報ポータルAPI（全省庁）
2026-05-13 19:39:05,全国,財務省,物品,令和８年度センター化に伴う備品移設及び預託業務,2026-05-13,https://www.p-portal.go.jp/pps-web-biz/UAA01/OAA0101,官公需情報ポータルAPI（全省庁）
2026-05-13 19:39:05,全国,国土交通省,委託,令和８年度 海象観測装置定期点検・保守業務,2026-05-13,https://www.p-portal.go.jp/pps-web-biz/UAA01/OAA0101,官公需情報ポータルAPI（全省庁）
2026-05-13 19:39:05,全国,こども家庭庁,委託,令和８年度 「アウトリーチ（訪問支援）研修」の運営支援業務,2026-05-13,https://www.p-portal.go.jp/pps-web-biz/UAA01/OAA0101,官公需情報ポータルAPI（全省庁）
2026-05-13 19:39:05,全国,国土交通省,委託,令和8年度成田空港事務所発電設備等巡回保守業務（６～３月）（成田）（東京航空局 東京空港事務所）,2026-05-13,https://www.p-portal.go.jp/pps-web-biz/UAA01/OAA0101,官公需情報ポータルAPI（全省庁）
2026-05-13 19:39:05,全国,法務省,委託,令和8年度さいたま地方法務局志木出張所外1庁舎の夏季期間における冷房用燃料（白灯油）の継続的供給業務,2026-05-13,https://www.p-portal.go.jp/pps-web-biz/UAA01/OAA0101,官公需情報ポータルAPI（全省庁）
2026-05-13 19:39:05,全国,国土交通省,委託,令和8年度 単価契約飯田国道公共嘱託登記業務（表示に関する登記）,2026-05-13,https://www.p-portal.go.jp/pps-web-biz/UAA01/OAA0101,官公需情報ポータルAPI（全省庁）
2026-05-13 19:39:05,全国,国土交通省,物品,シャープペン3箱外235点購入,2026-05-13,https://www.p-portal.go.jp/pps-web-biz/UAA01/OAA0101,官公需情報ポータルAPI（全省庁）
2026-05-13 19:39:05,全国,国土交通省,物品,グリスほか３３点買入（七ツ島）,2026-05-13,https://www.p-portal.go.jp/pps-web-biz/UAA01/OAA0101,官公需情報ポータルAPI（全省庁）
2026-05-13 19:39:05,全国,経済産業省,委託,【資エ庁】令和８年度エネルギー需給構造高度化対策調査等事業（熱量引き下げに向けた検討に関する調査）,2026-05-13,https://www.p-portal.go.jp/pps-web-biz/UAA01/OAA0101,官公需情報ポータルAPI（全省庁）
2026-05-13 19:39:05,全国,経済産業省,物品,【特許庁】冷却水用複合処理剤レジオクラッシュＬ－２２２の購入 一式,2026-05-13,https://www.p-portal.go.jp/pps-web-biz/UAA01/OAA0101,官公需情報ポータルAPI（全省庁）
2026-05-13 19:39:05,全国,国家公安委員会（警察庁）,役務,【東北管区警察局岩手県情報通信部】通信施設清掃点検業務委託,2026-05-13,https://www.p-portal.go.jp/pps-web-biz/UAA01/OAA0101,官公需情報ポータルAPI（全省庁）
2026-05-13 19:39:05,全国,国土交通省,役務,【九州地方整備局】用地調査等業務委託設計書作成システム保守,2026-05-13,https://www.p-portal.go.jp/pps-web-biz/UAA01/OAA0101,官公需情報ポータルAPI（全省庁）
2026-05-13 19:39:04,新潟県,法務省,その他,令和８年度及び令和９年度防災・まちづくり型法務局地図作成事業一式,2026-05-13,https://www.p-portal.go.jp/pps-web-biz/UAA01/OAA0101,官公需情報ポータルAPI（対象5県）
2026-05-13 19:39:04,全国,国土交通省,委託,Ｒ８淀川ダム統合管理事務所管内不動産表示登記等業務,2026-05-13,https://www.p-portal.go.jp/pps-web-biz/UAA01/OAA0101,官公需情報ポータルAPI（全省庁）
2026-05-13 19:39:04,全国,法務省,委託,長期相続登記等未了土地解消事業（登記名義人２００名分）の委託 一式,2026-05-13,https://www.p-portal.go.jp/pps-web-biz/UAA01/OAA0101,官公需情報ポータルAPI（全省庁）
2026-05-13 19:39:04,全国,金融庁,物品,金融モニタリングシステム（FIMOS）に係るデータ処理自動化ソフトウェアライセンス購入,2026-05-13,https://www.p-portal.go.jp/pps-web-biz/UAA01/OAA0101,官公需情報ポータルAPI（全省庁）
2026-05-13 19:39:04,全国,法務省,役務,法務局地図作成事業請負契約（令和８年度及び令和９年度）一式,2026-05-13,https://www.p-portal.go.jp/pps-web-biz/UAA01/OAA0101,官公需情報ポータルAPI（全省庁）
2026-05-13 19:39:04,全国,国土交通省,物品,室蘭開発建設部 特殊車両指導取締り補助,2026-05-13,https://www.p-portal.go.jp/pps-web-biz/UAA01/OAA0101,官公需情報ポータルAPI（全省庁）
2026-05-13 19:39:04,全国,国家公安委員会（警察庁）,その他,分析担当官育成に係るトレーニングの実施,2026-05-13,https://www.p-portal.go.jp/pps-web-biz/UAA01/OAA0101,官公需情報ポータルAPI（全省庁）
2026-05-13 19:39:04,全国,法務省,役務,冷暖房用燃料継続的供給契約,2026-05-13,https://www.p-portal.go.jp/pps-web-biz/UAA01/OAA0101,官公需情報ポータルAPI（全省庁）
2026-05-13 19:39:04,全国,環境省,その他,令和８年度福島地方環境事務所金属くず売払（大熊地区その３）,2026-05-13,https://www.p-portal.go.jp/pps-web-biz/UAA01/OAA0101,官公需情報ポータルAPI（全省庁）
2026-05-13 19:39:04,全国,環境省,その他,令和８年度福島地方環境事務所金属くず売払（大熊地区その２）,2026-05-13,https://www.p-portal.go.jp/pps-web-biz/UAA01/OAA0101,官公需情報ポータルAPI（全省庁）
2026-05-13 19:39:04,全国,法務省,役務,令和８年度冷暖房用白灯油供給契約,2026-05-13,https://www.p-portal.go.jp/pps-web-biz/UAA01/OAA0101,官公需情報ポータルAPI（全省庁）
2026-05-13 19:39:04,全国,法務省,委託,令和8年度横浜刑務所等健康診断委託契約,2026-05-13,https://www.p-portal.go.jp/pps-web-biz/UAA01/OAA0101,官公需情報ポータルAPI（全省庁）
2026-05-13 19:39:04,全国,厚生労働省,委託,「麻薬・覚醒剤原料の携帯輸出入に係る許可申請手続き及び審査等業務の効率化・省力化支援業務一式」に係る調達,2026-05-13,https://www.p-portal.go.jp/pps-web-biz/UAA01/OAA0101,官公需情報ポータルAPI（全省庁）
2026-05-13 19:39:03,全国,法務省,その他,大都市特化型法務局地図作成事業（令和８年度及び令和９年度）,2026-05-13,https://www.p-portal.go.jp/pps-web-biz/UAA01/OAA0101,官公需情報ポータルAPI（全省庁）
2026-05-13 19:39:03,全国,厚生労働省,物品,令和８年度衛生品等消耗品の購入（単価契約）,2026-05-13,https://www.p-portal.go.jp/pps-web-biz/UAA01/OAA0101,官公需情報ポータルAPI（全省庁）
2026-05-13 19:39:03,全国,財務省,役務,令和８年度巡回健康診断業務委託,2026-05-13,https://www.p-portal.go.jp/pps-web-biz/UAA01/OAA0101,官公需情報ポータルAPI（全省庁）
2026-05-13 19:39:03,全国,厚生労働省,役務,令和８年度化学物質管理に係る普及・啓発事業,2026-05-13,https://www.p-portal.go.jp/pps-web-biz/UAA01/OAA0101,官公需情報ポータルAPI（全省庁）
2026-05-13 19:39:03,全国,国土交通省,役務,【九州地方整備局】令和８年度北九州国道事務所庁舎外空調設備保守点検,2026-05-13,https://www.p-portal.go.jp/pps-web-biz/UAA01/OAA0101,官公需情報ポータルAPI（全省庁）
2026-05-13 19:06:53,新潟県,新潟県新潟市,その他,08wto-koukoku32.pdf,2026-05-13,https://www.city.niigata.lg.jp/business/keiyaku/keiyaku_top/kokoku/reiwa08-wto-koukoku.files/08wto-koukoku32.pdf,官公需情報ポータルAPI（対象5県）
2026-05-13 19:06:53,新潟県,新潟県新潟市,その他,08wto-koukoku31.pdf,2026-05-13,https://www.city.niigata.lg.jp/business/keiyaku/keiyaku_top/kokoku/reiwa08-wto-koukoku.files/08wto-koukoku31.pdf,官公需情報ポータルAPI（対象5県）
2026-05-13 19:06:42,全国,厚生労働省京都労働局,物品,【公示第7号】福知山公共職業安定所のレイアウト変更に伴う什器類の購入及び移設作業等一式の調達,2026-05-13,https://jsite.mhlw.go.jp/kyoto-roudoukyoku/content/contents/koujidai7gou.pdf,官公需情報ポータルAPI（全省庁）
2026-05-13 19:06:42,全国,厚生労働省京都労働局,物品,【公示第5号】宇治公共職業安定所、京都田辺公共職業安定所のレイアウト変更にかかる什器類の購入及び移設作業等一式の調達,2026-05-13,https://jsite.mhlw.go.jp/kyoto-roudoukyoku/content/contents/koujidai5gou.pdf,官公需情報ポータルAPI（全省庁）
2026-05-13 19:06:23,富山県,独立行政法人労働者健康安全機構富山労災病院,物品,医療用ガスの購入,2026-05-13,https://www.toyamah.johas.go.jp/wp-toyama/wp-content/uploads/2026/05/20260513.pdf,官公需情報ポータルAPI（対象5県）
2026-05-13 19:06:15,全国,国家公安委員会（警察庁）愛媛県警察,委託,西条警察署庁舎空調設備保守点検業務の委託,2026-05-13,https://www.police.pref.ehime.jp/kaikei/nyuusatu/0513.pdf,官公需情報ポータルAPI（全省庁）
2026-05-13 19:06:11,全国,国土交通省近畿地方整備局淀川ダム統合管理事務所,委託,R８淀川ダム統合管理事務所管内不動産表示登記等業務（電子調達システム対象案件）,2026-05-13,https://www.kkr.mlit.go.jp/yodoto/nyusatsu-koukoku/ippan/pdf/koukoku20260513.pdf,官公需情報ポータルAPI（全省庁）
2026-05-13 19:05:45,全国,防衛省陸上自衛隊中部方面会計隊,その他,ＳＥＡＬＩＮＧ ＣＯＭＰＯＵＮＤほか９件,2026-05-13,https://www.mod.go.jp/gsdf/mae/mafin/k/ko080734.pdf,官公需情報ポータルAPI（全省庁）
2026-05-13 19:05:45,全国,防衛省陸上自衛隊中部方面会計隊,その他,ＨＤＭＩエクステンダーほか９９件,2026-05-13,https://www.mod.go.jp/gsdf/mae/mafin/k/ko080767.pdf,官公需情報ポータルAPI（全省庁）
2026-05-13 19:05:45,全国,防衛省陸上自衛隊中部方面会計隊,その他,重油 １種（Ａ重油） １号 バルク,2026-05-13,https://www.mod.go.jp/gsdf/mae/mafin/k/ko080730.pdf,官公需情報ポータルAPI（全省庁）
2026-05-13 19:05:45,全国,防衛省陸上自衛隊中部方面会計隊,その他,遮光カーテンほか５件,2026-05-13,https://www.mod.go.jp/gsdf/mae/mafin/k/ko080758.pdf,官公需情報ポータルAPI（全省庁）
2026-05-13 19:05:45,全国,防衛省陸上自衛隊中部方面会計隊,その他,脚折りたたみ式テーブル（棚なし）ほか３８件,2026-05-13,https://www.mod.go.jp/gsdf/mae/mafin/k/ko080765.pdf,官公需情報ポータルAPI（全省庁）
2026-05-13 19:05:45,全国,防衛省陸上自衛隊中部方面会計隊,その他,トレッドミルほか１件,2026-05-13,https://www.mod.go.jp/gsdf/mae/mafin/k/ko080766.pdf,官公需情報ポータルAPI（全省庁）
2026-05-13 19:05:45,全国,防衛省陸上自衛隊中部方面会計隊,その他,ティッシュペーパーほか２３件,2026-05-13,https://www.mod.go.jp/gsdf/mae/mafin/k/ko080729.pdf,官公需情報ポータルAPI（全省庁）
2026-05-13 19:05:45,全国,防衛省陸上自衛隊中部方面会計隊,その他,シャワールーム,2026-05-13,https://www.mod.go.jp/gsdf/mae/mafin/k/ko080768.pdf,官公需情報ポータルAPI（全省庁）
2026-05-13 19:05:45,全国,防衛省陸上自衛隊中部方面会計隊,その他,コンパネほか１１０件,2026-05-13,https://www.mod.go.jp/gsdf/mae/mafin/k/ko080733.pdf,官公需情報ポータルAPI（全省庁）
2026-05-13 19:05:44,全国,防衛省陸上自衛隊中部方面会計隊,その他,透明ポリ袋ほか１４件,2026-05-13,https://www.mod.go.jp/gsdf/mae/mafin/k/ko080789.pdf,官公需情報ポータルAPI（全省庁）
2026-05-13 19:05:44,全国,防衛省陸上自衛隊中部方面会計隊,その他,洗面カウンター,2026-05-13,https://www.mod.go.jp/gsdf/mae/mafin/k/ko080790.pdf,官公需情報ポータルAPI（全省庁）
2026-05-13 19:05:44,全国,防衛省陸上自衛隊中部方面会計隊,その他,リヒトラブ クリヤーホルダーほか６０件,2026-05-13,https://www.mod.go.jp/gsdf/mae/mafin/k/ko080787.pdf,官公需情報ポータルAPI（全省庁）
2026-05-13 19:05:44,全国,防衛省陸上自衛隊中部方面会計隊,その他,ポリ・ウレタンイヤープラグ（迷彩）ほか７８件,2026-05-13,https://www.mod.go.jp/gsdf/mae/mafin/k/ko080796.pdf,官公需情報ポータルAPI（全省庁）
2026-05-13 19:05:44,全国,防衛省陸上自衛隊中部方面会計隊,その他,コードリール［防雨・防塵型・アース付］ ほか７件,2026-05-13,https://www.mod.go.jp/gsdf/mae/mafin/k/ko080793.pdf,官公需情報ポータルAPI（全省庁）
2026-05-13 19:05:44,全国,防衛省陸上自衛隊中部方面会計隊,その他,クロモナロープほか１９４件,2026-05-13,https://www.mod.go.jp/gsdf/mae/mafin/k/ko080763.pdf,官公需情報ポータルAPI（全省庁）
2026-05-13 19:05:44,全国,防衛省陸上自衛隊中部方面会計隊,その他,キャスター ほか４５件,2026-05-13,https://www.mod.go.jp/gsdf/mae/mafin/k/ko080794.pdf,官公需情報ポータルAPI（全省庁）
2026-05-13 19:05:44,全国,防衛省陸上自衛隊中部方面会計隊,その他,カネヤ ケーブルクロスオーバーほか５件,2026-05-13,https://www.mod.go.jp/gsdf/mae/mafin/k/ko080764.pdf,官公需情報ポータルAPI（全省庁）
2026-05-13 19:05:44,全国,防衛省陸上自衛隊中部方面会計隊,その他,インサートカップ ほか７６件,2026-05-13,https://www.mod.go.jp/gsdf/mae/mafin/k/ko080792.pdf,官公需情報ポータルAPI（全省庁）
2026-05-13 19:05:42,全国,防衛省陸上自衛隊中部方面会計隊,役務,２号ボイラー内部洗缶作業,2026-05-13,https://www.mod.go.jp/gsdf/mae/mafin/k/ko080728.pdf,官公需情報ポータルAPI（全省庁）
2026-05-13 19:05:42,全国,防衛省陸上自衛隊中部方面会計隊,役務,公務員宿舎エアコン設置専用電源回路等取付役務,2026-05-13,https://www.mod.go.jp/gsdf/mae/mafin/k/ko080727.pdf,官公需情報ポータルAPI（全省庁）
2026-05-13 19:05:41,全国,防衛省陸上自衛隊中部方面会計隊,役務,１４８号建物６階窓ガラス清掃作業,2026-05-13,https://www.mod.go.jp/gsdf/mae/mafin/k/ko080722.pdf,官公需情報ポータルAPI（全省庁）
2026-05-13 19:05:41,全国,防衛省陸上自衛隊中部方面会計隊,役務,食器消毒保管庫修理及び機能点検,2026-05-13,https://www.mod.go.jp/gsdf/mae/mafin/k/ko080721.pdf,官公需情報ポータルAPI（全省庁）
2026-05-13 19:05:41,全国,防衛省陸上自衛隊中部方面会計隊,役務,血球計数装置，希釈装置付の修理,2026-05-13,https://www.mod.go.jp/gsdf/mae/mafin/k/ko080723.pdf,官公需情報ポータルAPI（全省庁）
2026-05-13 19:05:41,全国,防衛省陸上自衛隊中部方面会計隊,役務,福知山（８）高置水槽等清掃,2026-05-13,https://www.mod.go.jp/gsdf/mae/mafin/k/ko080724.pdf,官公需情報ポータルAPI（全省庁）
2026-05-13 19:05:41,全国,防衛省陸上自衛隊中部方面会計隊,その他,福知山（８）ばい煙測定検査,2026-05-13,https://www.mod.go.jp/gsdf/mae/mafin/k/ko080720.pdf,官公需情報ポータルAPI（全省庁）
2026-05-13 19:05:41,全国,防衛省陸上自衛隊中部方面会計隊,その他,善通寺（８）３１号建物ほかウィンドエアコンレンタル,2026-05-13,https://www.mod.go.jp/gsdf/mae/mafin/k/ko080757.pdf,官公需情報ポータルAPI（全省庁）
2026-05-13 19:05:41,全国,防衛省陸上自衛隊中部方面会計隊,その他,プール水質検査ほか５件,2026-05-13,https://www.mod.go.jp/gsdf/mae/mafin/k/ko080726.pdf,官公需情報ポータルAPI（全省庁）
2026-05-13 19:05:41,全国,防衛省陸上自衛隊中部方面会計隊,役務,プレハブ冷凍庫修理及び機能点検,2026-05-13,https://www.mod.go.jp/gsdf/mae/mafin/k/ko080725.pdf,官公需情報ポータルAPI（全省庁）
2026-05-13 19:05:40,全国,防衛省陸上自衛隊中部方面会計隊,その他,３７号建物発電機借上,2026-05-13,https://www.mod.go.jp/gsdf/mae/mafin/k/ko080756.pdf,官公需情報ポータルAPI（全省庁）
2026-05-13 19:05:40,全国,防衛省陸上自衛隊中部方面会計隊,その他,１２０号厚生センター空調設備取替,2026-05-13,https://www.mod.go.jp/gsdf/mae/mafin/k/ko080785.pdf,官公需情報ポータルAPI（全省庁）
2026-05-13 19:05:40,全国,防衛省陸上自衛隊中部方面会計隊,その他,（８）２１８号建物消火設備用薬剤容器等取替取替,2026-05-13,https://www.mod.go.jp/gsdf/mae/mafin/k/ko080784.pdf,官公需情報ポータルAPI（全省庁）
2026-05-13 19:05:40,全国,防衛省陸上自衛隊中部方面会計隊,役務,大津（８）空調設備年間保守点検役務,2026-05-13,https://www.mod.go.jp/gsdf/mae/mafin/k/ko080762.pdf,官公需情報ポータルAPI（全省庁）
2026-05-13 19:05:40,全国,防衛省陸上自衛隊中部方面会計隊,その他,信太山（８）公務員宿舎畳表替 １畳ほか１件,2026-05-13,https://www.mod.go.jp/gsdf/mae/mafin/k/ko080755.pdf,官公需情報ポータルAPI（全省庁）
2026-05-13 19:05:40,全国,防衛省陸上自衛隊中部方面会計隊,その他,ディスポーザー配管薬品洗浄,2026-05-13,https://www.mod.go.jp/gsdf/mae/mafin/k/ko080760.pdf,官公需情報ポータルAPI（全省庁）
2026-05-13 19:05:39,全国,防衛省陸上自衛隊中部方面会計隊,役務,空調機保守点検,2026-05-13,https://www.mod.go.jp/gsdf/mae/mafin/k/ko080777.pdf,官公需情報ポータルAPI（全省庁）
2026-05-13 19:05:39,全国,防衛省陸上自衛隊中部方面会計隊,その他,松山（８）９８号哨舎空調機取替,2026-05-13,https://www.mod.go.jp/gsdf/mae/mafin/k/ko080782.pdf,官公需情報ポータルAPI（全省庁）
2026-05-13 19:05:39,全国,防衛省陸上自衛隊中部方面会計隊,役務,松山（８）８７号及び１０３号建物窓ガラス清掃,2026-05-13,https://www.mod.go.jp/gsdf/mae/mafin/k/ko080781.pdf,官公需情報ポータルAPI（全省庁）
2026-05-13 19:05:39,全国,防衛省陸上自衛隊中部方面会計隊,その他,松山（８）ボイラー２号缶等性能検査,2026-05-13,https://www.mod.go.jp/gsdf/mae/mafin/k/ko080778.pdf,官公需情報ポータルAPI（全省庁）
2026-05-13 19:05:39,全国,防衛省陸上自衛隊中部方面会計隊,役務,ボイラー洗缶作業,2026-05-13,https://www.mod.go.jp/gsdf/mae/mafin/k/ko080780.pdf,官公需情報ポータルAPI（全省庁）
2026-05-13 19:05:38,全国,防衛省陸上自衛隊中部方面会計隊,物品,駐屯地非常用発電機部品取替,2026-05-13,https://www.mod.go.jp/gsdf/mae/mafin/k/ko080774.pdf,官公需情報ポータルAPI（全省庁）
2026-05-13 19:05:38,全国,防衛省陸上自衛隊中部方面会計隊,その他,松山（８）ばい煙測定検査,2026-05-13,https://www.mod.go.jp/gsdf/mae/mafin/k/ko080776.pdf,官公需情報ポータルAPI（全省庁）
2026-05-13 19:05:36,全国,国家公安委員会（警察庁）中部管区警察局,その他,帯域確保型イーサネットサービス（リンク回線）,2026-05-13,https://www.chubu.npa.go.jp/upload/pdf/chotatsu/fukui/fukui_sagyo_link.pdf,官公需情報ポータルAPI（全省庁）
2026-05-13 19:05:34,全国,国家公安委員会（警察庁）徳島県警察,物品,一般競争入札「運転免許証更新時講習用教本」の購入,2026-05-13,https://www.police.pref.tokushima.jp/./wp-content/uploads/post47113/u3t20260512cro9i19.pdf,官公需情報ポータルAPI（全省庁）
2026-05-13 19:05:34,全国,国家公安委員会（警察庁）徳島県警察,物品,一般競争入札「自動車用バッテリー」の購入,2026-05-13,https://www.police.pref.tokushima.jp/./wp-content/uploads/post47117/u3t20260512ct9lz13.pdf,官公需情報ポータルAPI（全省庁）
2026-05-13 19:05:33,全国,防衛省陸上自衛隊中部方面会計隊,その他,冷凍パン（クロワッサン）ほか７９件,2026-05-13,https://www.mod.go.jp/gsdf/mae/mafin/k/ko080737.pdf,官公需情報ポータルAPI（全省庁）
2026-05-13 19:05:33,全国,国家公安委員会（警察庁）徳島県警察,物品,一般競争入札「自動車用タイヤ」の購入,2026-05-13,https://www.police.pref.tokushima.jp/./wp-content/uploads/post47115/u3t20260512cer3v58.pdf,官公需情報ポータルAPI（全省庁）
2026-05-13 19:05:33,全国,防衛省陸上自衛隊中部方面会計隊,その他,ボディメンテドリンク ほか１件,2026-05-13,https://www.mod.go.jp/gsdf/mae/mafin/k/ko080738.pdf,官公需情報ポータルAPI（全省庁）
2026-05-13 19:05:32,全国,防衛省陸上自衛隊中部方面会計隊,その他,幕の内弁当Ａ,2026-05-13,https://www.mod.go.jp/gsdf/mae/mafin/k/ko080735.pdf,官公需情報ポータルAPI（全省庁）
2026-05-13 19:05:32,全国,防衛省陸上自衛隊中部方面会計隊,その他,内地米 ほか８件,2026-05-13,https://www.mod.go.jp/gsdf/mae/mafin/k/ko080736.pdf,官公需情報ポータルAPI（全省庁）
2026-05-13 19:05:30,全国,財務省四国財務局,設計・測量・コンサル,令和8年度四国管内合同宿舎施設改修設計業務,2026-05-13,https://lfb.mof.go.jp/shikoku/content/017/018000806.pdf,官公需情報ポータルAPI（全省庁）
2026-05-13 19:05:28,全国,財務省九州財務局,役務,延岡住宅ほか健全性等調査その他業務委託（庁2026）,2026-05-13,https://lfb.mof.go.jp/kyusyu/soumu/0513nobe_r833.pdf,官公需情報ポータルAPI（全省庁）
2026-05-13 19:05:26,岐阜県,岐阜県岐阜市,物品,5月13日 物品 消防用ホース 50mm×20m 1.6Mpa 173本 ほか2件,2026-05-13,https://www.city.gifu.lg.jp/_res/projects/default_project/_page_/001/039/816/koukoku.hosu.pdf,官公需情報ポータルAPI（対象5県）
2026-05-13 19:05:26,全国,法務省高松法務局,委託,長期相続登記等未了土地解消事業 （登記名義人２００名分）の委託 一式,2026-05-13,https://houmukyoku.moj.go.jp/takamatsu/content/001462290.pdf,官公需情報ポータルAPI（全省庁）
2026-05-13 19:05:25,新潟県,新潟県見附市,委託,埋設農薬検査業務 委託 [PDFファイル／124KB],2026-05-13,https://www.city.mitsuke.niigata.jp/uploaded/attachment/25034.pdf,官公需情報ポータルAPI（対象5県）
2026-05-13 19:05:24,全国,法務省大津地方法務局,委託,長期相続登記等未了土地解消事業（登記名義人２００名分）の委託一式,2026-05-13,https://houmukyoku.moj.go.jp/otsu/content/001462418.pdf,官公需情報ポータルAPI（全省庁）
2026-05-13 19:05:22,全国,法務省大阪法務局,委託,入札公告（防災・まちづくり型法務局地図作成事業（令和８年度及び令和９年度）の委託一式）,2026-05-13,https://houmukyoku.moj.go.jp/osaka/content/001462278.pdf,官公需情報ポータルAPI（全省庁）
2026-05-13 19:05:22,全国,法務省大阪法務局,委託,入札公告（大都市特化型法務局地図作成事業（令和８年度及び令和９年度）の委託一式）,2026-05-13,https://houmukyoku.moj.go.jp/osaka/content/001462282.pdf,官公需情報ポータルAPI（全省庁）
2026-05-13 19:05:22,全国,国家公安委員会（警察庁）群馬県警察,物品,交通鑑識車（普通ワゴン）の購入,2026-05-13,https://www.pref.gunma.jp/uploaded/attachment/701132.pdf,官公需情報ポータルAPI（全省庁）
2026-05-13 19:05:18,新潟県,法務省新潟地方法務局,その他,令和８年度及び令和９年度防災・まちづくり型法務局地図作成事業一式,2026-05-13,https://houmukyoku.moj.go.jp/niigata/content/001462315.pdf,官公需情報ポータルAPI（対象5県）
2026-05-13 19:05:17,全国,法務省長野地方法務局,役務,土地閉鎖登記簿電子化作業一式,2026-05-13,https://houmukyoku.moj.go.jp/nagano/content/001462363.pdf,官公需情報ポータルAPI（全省庁）
2026-05-13 19:05:17,全国,法務省長野地方法務局,役務,冷暖房用燃料継続的供給契約,2026-05-13,https://houmukyoku.moj.go.jp/nagano/content/001462359.pdf,官公需情報ポータルAPI（全省庁）
2026-05-13 19:05:16,全国,法務省前橋地方法務局,役務,令和8年度冷暖房用白灯油供給契約,2026-05-13,https://houmukyoku.moj.go.jp/maebashi/content/001462019.pdf,官公需情報ポータルAPI（全省庁）
2026-05-13 19:05:15,富山県,独立行政法人国立高等専門学校機構富山高等専門学校,その他,軽油（軽油引取税免税） 予定数量４０，８００リットル,2026-05-13,https://www.nc-toyama.ac.jp/wp/wp-content/uploads/2026/05/d1f0650b31ea6302d4bb64857949c2a5.pdf,官公需情報ポータルAPI（対象5県）
2026-05-13 19:05:15,全国,法務省前橋地方法務局,委託,長期相続登記等未了土地解消作業（登記名義人２００名分）の委託一式,2026-05-13,https://houmukyoku.moj.go.jp/maebashi/content/001462216.pdf,官公需情報ポータルAPI（全省庁）
2026-05-13 19:05:14,全国,法務省宇都宮地方法務局,その他,令和８年度及び令和９年度防災・まちづくり型法務局地図作成事業 一式,2026-05-13,https://houmukyoku.moj.go.jp/utsunomiya/content/001462295.pdf,官公需情報ポータルAPI（全省庁）
2026-05-13 19:05:13,全国,法務省さいたま地方法務局,委託,令和８年度さいたま地方法務局志木出張所外１庁舎の夏季期間における冷房用燃料（白灯油）の継続的供給業務,2026-05-13,https://houmukyoku.moj.go.jp/saitama/content/001462351.pdf,官公需情報ポータルAPI（全省庁）
2026-05-13 19:05:12,全国,国家公安委員会（警察庁）関東管区警察局,役務,直流電源装置蓄電池更新作業 １式,2026-05-13,https://www.kanto.npa.go.jp/choutatsu/ippan/nyusatsu/n-shizuoka-20260513-0601-1.pdf,官公需情報ポータルAPI（全省庁）
2026-05-13 19:05:11,石川県,農林水産省北陸農政局,物品,自動車の交換購入(PDF : 163KB),2026-05-13,https://www.maff.go.jp/hokuriku/bid/materials/attach/pdf/kyosonyusatu-427.pdf,官公需情報ポータルAPI（対象5県）
2026-05-13 19:05:11,全国,国家公安委員会（警察庁）関東管区警察局,物品,車載用通信機器搭載等作業,2026-05-13,https://www.kanto.npa.go.jp/choutatsu/ippan/nyusatsu/n-shizuoka-20260513-0601-2.pdf,官公需情報ポータルAPI（全省庁）
2026-05-13 19:05:10,全国,金融庁,物品,金融モニタリングシステム（FIMOS）に係るデータ処理自動化ソフトウェアライセンス購入,2026-05-13,https://www.fsa.go.jp/choutatu/choutatu_j/R8/20260513.pdf,官公需情報ポータルAPI（全省庁）
2026-05-13 19:05:05,全国,国土交通省中部地方整備局,役務,令和８年度 単価契約飯田国道公共嘱託登記業務（表示に関する登記）,2026-05-13,https://www.cbr.mlit.go.jp/contract/buppin/bukoukoku/data/pdf/H5UmPWaleZ20260512_26.pdf,官公需情報ポータルAPI（全省庁）
2026-05-13 19:39:06,全国,防衛省,設計・測量・コンサル,次期音響測定艦の船型設計に関する技術資料の作成,2026-05-12,https://www.p-portal.go.jp/pps-web-biz/UAA01/OAA0101,官公需情報ポータルAPI（全省庁）
2026-05-13 19:39:06,全国,厚生労働省,役務,マザーズハローワーク尼崎における安全サポート業務委託契約（正）,2026-05-12,https://www.p-portal.go.jp/pps-web-biz/UAA01/OAA0101,官公需情報ポータルAPI（全省庁）
2026-05-13 19:39:03,全国,国土交通省,委託,茨城・銚子海上保安部航路標識保守業務,2026-05-12,https://www.p-portal.go.jp/pps-web-biz/UAA01/OAA0101,官公需情報ポータルAPI（全省庁）
2026-05-13 19:39:03,全国,国土交通省,委託,横浜・清水・下田海上保安部航路標識保守業務,2026-05-12,https://www.p-portal.go.jp/pps-web-biz/UAA01/OAA0101,官公需情報ポータルAPI（全省庁）
2026-05-13 19:39:03,全国,財務省,役務,根室地方合同庁舎 照明改修工事設計業務委託,2026-05-12,https://www.p-portal.go.jp/pps-web-biz/UAA01/OAA0101,官公需情報ポータルAPI（全省庁）
2026-05-13 19:39:03,全国,財務省,役務,倶知安東１丁目宿舎 給排水管改修工事設計業務委託,2026-05-12,https://www.p-portal.go.jp/pps-web-biz/UAA01/OAA0101,官公需情報ポータルAPI（全省庁）
2026-05-13 19:39:03,全国,環境省,委託,令和８年度グリーンワーカー事業小笠原国立公園母島固有トンボ類保全調査等業務,2026-05-12,https://www.p-portal.go.jp/pps-web-biz/UAA01/OAA0101,官公需情報ポータルAPI（全省庁）
2026-05-13 19:39:03,全国,環境省,役務,【規制庁】令和８年度施設管理（状態監視）研修,2026-05-12,https://www.p-portal.go.jp/pps-web-biz/UAA01/OAA0101,官公需情報ポータルAPI（全省庁）
2026-05-13 19:39:03,全国,環境省,役務,【規制庁】令和８年度施設管理（保全管理実習）研修,2026-05-12,https://www.p-portal.go.jp/pps-web-biz/UAA01/OAA0101,官公需情報ポータルAPI（全省庁）
2026-05-13 19:39:03,全国,環境省,委託,【規制庁】令和８年度原子力施設における火災防護に関する研修に係る支援業務,2026-05-12,https://www.p-portal.go.jp/pps-web-biz/UAA01/OAA0101,官公需情報ポータルAPI（全省庁）
2026-05-12 19:33:20,石川県,厚生労働省,物品,石川障害者職業能力開発校で使用する自動制御実習装置の購入一式,2026-05-12,https://www.p-portal.go.jp/pps-web-biz/UAA01/OAA0101,官公需情報ポータルAPI（対象5県）
2026-05-12 19:33:20,岐阜県,国土交通省,委託,令和８年度 岐阜国道空中斜め写真撮影業務,2026-05-12,https://www.p-portal.go.jp/pps-web-biz/UAA01/OAA0101,官公需情報ポータルAPI（対象5県）
2026-05-12 19:33:20,全国,防衛省,役務,Ｃ３棟フロア移設に伴う公刊情報収集装置のネットワーク構築・Ｌ２スイッチ設定等役務,2026-05-12,https://www.p-portal.go.jp/pps-web-biz/UAA01/OAA0101,官公需情報ポータルAPI（全省庁）
2026-05-12 19:33:20,全国,国土交通省,物品,非常電源装置買入,2026-05-12,https://www.p-portal.go.jp/pps-web-biz/UAA01/OAA0101,官公需情報ポータルAPI（全省庁）
2026-05-12 19:33:20,全国,防衛省,委託,統合訓練支援機能に関する技術支援,2026-05-12,https://www.p-portal.go.jp/pps-web-biz/UAA01/OAA0101,官公需情報ポータルAPI（全省庁）
2026-05-12 19:33:20,全国,防衛省,役務,放送設備整備役務,2026-05-12,https://www.p-portal.go.jp/pps-web-biz/UAA01/OAA0101,官公需情報ポータルAPI（全省庁）
2026-05-12 19:33:20,全国,国土交通省,その他,国土交通省図書館所蔵図書等のデジタル化等,2026-05-12,https://www.p-portal.go.jp/pps-web-biz/UAA01/OAA0101,官公需情報ポータルAPI（全省庁）
2026-05-12 19:33:20,全国,消費者庁,委託,令和８年度消費者意識基本調査,2026-05-12,https://www.p-portal.go.jp/pps-web-biz/UAA01/OAA0101,官公需情報ポータルAPI（全省庁）
2026-05-12 19:33:20,全国,法務省,役務,令和8年度水戸刑務所職員定期健康診断業務委託契約,2026-05-12,https://www.p-portal.go.jp/pps-web-biz/UAA01/OAA0101,官公需情報ポータルAPI（全省庁）
2026-05-12 19:33:20,全国,国土交通省,役務,令和8年度 空港用10000立級化学消防車（新潟800は1760）外2台定期点検整備（新潟）（東京航空局 東京空港事務所）,2026-05-12,https://www.p-portal.go.jp/pps-web-biz/UAA01/OAA0101,官公需情報ポータルAPI（全省庁）
2026-05-12 19:33:20,全国,厚生労働省,役務,マザーズハローワーク天神及びマザーズハローワーク北九州におけるパソコン関係セミナー実施業務委託,2026-05-12,https://www.p-portal.go.jp/pps-web-biz/UAA01/OAA0101,官公需情報ポータルAPI（全省庁）
2026-05-12 19:33:20,全国,国土交通省,物品,ジンクほか７４点買入れ（単価契約）,2026-05-12,https://www.p-portal.go.jp/pps-web-biz/UAA01/OAA0101,官公需情報ポータルAPI（全省庁）
2026-05-12 19:33:20,全国,国土交通省,委託,【東京航空局】令和８年度 東京国際空港雨水排水施設健全度確認調査業務,2026-05-12,https://www.p-portal.go.jp/pps-web-biz/UAA01/OAA0101,官公需情報ポータルAPI（全省庁）
2026-05-12 19:33:20,全国,経済産業省,委託,【中企庁】令和８年度中小企業活性化・事業承継総合支援事業（中小企業活性化協議会広報事業）,2026-05-12,https://www.p-portal.go.jp/pps-web-biz/UAA01/OAA0101,官公需情報ポータルAPI（全省庁）
2026-05-12 19:33:19,福井県,農林水産省,委託,令和8年度ヤシャゲンゴロウ保護管理対策調査業務,2026-05-12,https://www.p-portal.go.jp/pps-web-biz/UAA01/OAA0101,官公需情報ポータルAPI（対象5県）
2026-05-12 19:33:19,全国,国土交通省,委託,高知空港外５空港カーブサイド施設配置検討調査,2026-05-12,https://www.p-portal.go.jp/pps-web-biz/UAA01/OAA0101,官公需情報ポータルAPI（全省庁）
2026-05-12 19:33:19,全国,法務省,その他,防災・まちづくり型法務局地図作成事業一式,2026-05-12,https://www.p-portal.go.jp/pps-web-biz/UAA01/OAA0101,官公需情報ポータルAPI（全省庁）
2026-05-12 19:33:19,全国,法務省,委託,長期相続登記等未了土地解消事業委託契約,2026-05-12,https://www.p-portal.go.jp/pps-web-biz/UAA01/OAA0101,官公需情報ポータルAPI（全省庁）
2026-05-12 19:33:19,全国,こども家庭庁,委託,諸外国における妊娠を他者に知られたくない女性が出産する場合の法・制度に係る運用状況及び社会に生じた影響並びにその評価に関する調査研究業務一式,2026-05-12,https://www.p-portal.go.jp/pps-web-biz/UAA01/OAA0101,官公需情報ポータルAPI（全省庁）
2026-05-12 19:33:19,全国,国土交通省,物品,航空タービンオイルほか買入（羽田・横浜・単価契約）,2026-05-12,https://www.p-portal.go.jp/pps-web-biz/UAA01/OAA0101,官公需情報ポータルAPI（全省庁）
2026-05-12 19:33:19,全国,農林水産省,その他,第１号 プリンタートナーほか,2026-05-12,https://www.p-portal.go.jp/pps-web-biz/UAA01/OAA0101,官公需情報ポータルAPI（全省庁）
2026-05-12 19:33:19,全国,国土交通省,役務,空港用125型救急医療作業車（新潟100は2176）外３台定期点検整備（新潟）,2026-05-12,https://www.p-portal.go.jp/pps-web-biz/UAA01/OAA0101,官公需情報ポータルAPI（全省庁）
2026-05-12 19:33:19,全国,法務省,物品,福岡刑務所洗濯工場全自動洗濯脱水機２台の交換購入一式契約,2026-05-12,https://www.p-portal.go.jp/pps-web-biz/UAA01/OAA0101,官公需情報ポータルAPI（全省庁）
2026-05-12 19:33:19,全国,国家公安委員会（警察庁）,その他,男性警察官用夏服上衣第一種（長袖）外18点,2026-05-12,https://www.p-portal.go.jp/pps-web-biz/UAA01/OAA0101,官公需情報ポータルAPI（全省庁）
2026-05-12 19:33:19,全国,農林水産省,物品,水産庁漁業調査・取締船用燃料油の購入（令和８年度６月分・瀬戸内海軽油）,2026-05-12,https://www.p-portal.go.jp/pps-web-biz/UAA01/OAA0101,官公需情報ポータルAPI（全省庁）
2026-05-12 19:33:19,全国,農林水産省,物品,水産庁漁業調査・取締船用燃料油の購入（令和８年度６月分・沖縄重油）,2026-05-12,https://www.p-portal.go.jp/pps-web-biz/UAA01/OAA0101,官公需情報ポータルAPI（全省庁）
2026-05-12 19:33:19,全国,農林水産省,物品,水産庁漁業調査・取締船用燃料油の購入（令和８年度６月分・東北重油）,2026-05-12,https://www.p-portal.go.jp/pps-web-biz/UAA01/OAA0101,官公需情報ポータルAPI（全省庁）
2026-05-12 19:33:19,全国,農林水産省,物品,水産庁漁業調査・取締船用燃料油の購入（令和８年度６月分・山陽四国重油）,2026-05-12,https://www.p-portal.go.jp/pps-web-biz/UAA01/OAA0101,官公需情報ポータルAPI（全省庁）
2026-05-12 19:33:19,全国,農林水産省,物品,水産庁漁業調査・取締船用燃料油の購入（令和８年度６月分・山陰重油）,2026-05-12,https://www.p-portal.go.jp/pps-web-biz/UAA01/OAA0101,官公需情報ポータルAPI（全省庁）
2026-05-12 19:33:19,全国,農林水産省,物品,水産庁漁業調査・取締船用燃料油の購入（令和８年度６月分・山陰軽油）,2026-05-12,https://www.p-portal.go.jp/pps-web-biz/UAA01/OAA0101,官公需情報ポータルAPI（全省庁）
2026-05-12 19:33:19,全国,農林水産省,物品,水産庁漁業調査・取締船用燃料油の購入（令和８年度６月分・北陸重油）,2026-05-12,https://www.p-portal.go.jp/pps-web-biz/UAA01/OAA0101,官公需情報ポータルAPI（全省庁）
2026-05-12 19:33:19,全国,農林水産省,物品,水産庁漁業調査・取締船用燃料油の購入（令和８年度６月分・北陸軽油）,2026-05-12,https://www.p-portal.go.jp/pps-web-biz/UAA01/OAA0101,官公需情報ポータルAPI（全省庁）
2026-05-12 19:33:19,全国,農林水産省,物品,水産庁漁業調査・取締船用燃料油の購入（令和８年度６月分・北海道重油）,2026-05-12,https://www.p-portal.go.jp/pps-web-biz/UAA01/OAA0101,官公需情報ポータルAPI（全省庁）
2026-05-12 19:33:19,全国,農林水産省,物品,水産庁漁業調査・取締船用燃料油の購入（令和８年度６月分・北海道軽油）,2026-05-12,https://www.p-portal.go.jp/pps-web-biz/UAA01/OAA0101,官公需情報ポータルAPI（全省庁）
2026-05-12 19:33:19,全国,農林水産省,物品,水産庁漁業調査・取締船用燃料油の購入（令和８年度６月分・京浜重油）,2026-05-12,https://www.p-portal.go.jp/pps-web-biz/UAA01/OAA0101,官公需情報ポータルAPI（全省庁）
2026-05-12 19:33:19,全国,農林水産省,物品,水産庁漁業調査・取締船用燃料油の購入（令和８年度６月分・京浜軽油）,2026-05-12,https://www.p-portal.go.jp/pps-web-biz/UAA01/OAA0101,官公需情報ポータルAPI（全省庁）
2026-05-12 19:33:19,全国,農林水産省,物品,水産庁漁業調査・取締船用燃料油の購入（令和８年度６月分・九州重油）,2026-05-12,https://www.p-portal.go.jp/pps-web-biz/UAA01/OAA0101,官公需情報ポータルAPI（全省庁）
2026-05-12 19:33:19,全国,農林水産省,物品,水産庁漁業調査・取締船用燃料油の購入（令和８年度６月分・九州軽油）,2026-05-12,https://www.p-portal.go.jp/pps-web-biz/UAA01/OAA0101,官公需情報ポータルAPI（全省庁）
2026-05-12 19:33:19,全国,国土交通省,委託,検査用スキャンツールの認定・販売状況に関する調査業務,2026-05-12,https://www.p-portal.go.jp/pps-web-biz/UAA01/OAA0101,官公需情報ポータルAPI（全省庁）
2026-05-12 19:33:19,全国,財務省,その他,折りたたみコンテナ及び折りたたみコンテナ台車の借上げ,2026-05-12,https://www.p-portal.go.jp/pps-web-biz/UAA01/OAA0101,官公需情報ポータルAPI（全省庁）
2026-05-12 19:33:19,全国,法務省,その他,大都市特化型法務局地図作成事業一式,2026-05-12,https://www.p-portal.go.jp/pps-web-biz/UAA01/OAA0101,官公需情報ポータルAPI（全省庁）
2026-05-12 19:33:19,全国,財務省,その他,国際ターミナル及び空港監視カメラシステム四式,2026-05-12,https://www.p-portal.go.jp/pps-web-biz/UAA01/OAA0101,官公需情報ポータルAPI（全省庁）
2026-05-12 19:33:19,全国,財務省,委託,会計業務システムのアプリケーション移行等支援業務,2026-05-12,https://www.p-portal.go.jp/pps-web-biz/UAA01/OAA0101,官公需情報ポータルAPI（全省庁）
2026-05-12 19:33:19,全国,環境省,設計・測量・コンサル,令和８年度霧島錦江湾国立公園指宿園地（知林ヶ島）改修設計業務,2026-05-12,https://www.p-portal.go.jp/pps-web-biz/UAA01/OAA0101,官公需情報ポータルAPI（全省庁）
2026-05-12 19:33:19,全国,財務省,委託,令和８年度税務大学校通信研修「実務語学」の研修実施委託,2026-05-12,https://www.p-portal.go.jp/pps-web-biz/UAA01/OAA0101,官公需情報ポータルAPI（全省庁）
2026-05-12 19:33:19,全国,経済産業省,委託,令和８年度産業関係調査等事業（宝石・貴金属等取扱事業者を対象とした実態把握調査）,2026-05-12,https://www.p-portal.go.jp/pps-web-biz/UAA01/OAA0101,官公需情報ポータルAPI（全省庁）
2026-05-12 19:33:19,全国,環境省,委託,令和８年度化管法に基づくPRTR制度等の課題検討及び情報収集業務［総合評価落札方式］,2026-05-12,https://www.p-portal.go.jp/pps-web-biz/UAA01/OAA0101,官公需情報ポータルAPI（全省庁）
2026-05-12 19:33:19,全国,環境省,委託,令和７年度（繰越）釧路湿原国立公園エゾシカ対策業務,2026-05-12,https://www.p-portal.go.jp/pps-web-biz/UAA01/OAA0101,官公需情報ポータルAPI（全省庁）
2026-05-12 19:33:19,全国,厚生労働省,役務,令和8年度定期健康診断業務委託契約,2026-05-12,https://www.p-portal.go.jp/pps-web-biz/UAA01/OAA0101,官公需情報ポータルAPI（全省庁）
2026-05-12 19:33:19,全国,厚生労働省,役務,マザーズハローワーク尼崎における安全サポート業務委託契約,2026-05-12,https://www.p-portal.go.jp/pps-web-biz/UAA01/OAA0101,官公需情報ポータルAPI（全省庁）
2026-05-12 19:33:19,全国,厚生労働省,役務,マザーズハローワーク三宮における安全サポートスタッフ業務委託契約,2026-05-12,https://www.p-portal.go.jp/pps-web-biz/UAA01/OAA0101,官公需情報ポータルAPI（全省庁）
2026-05-12 19:33:19,全国,国土交通省,物品,テキストロン・アビエーション式525C型機に搭載する飛行検証用データベースライセンス５式の購入,2026-05-12,https://www.p-portal.go.jp/pps-web-biz/UAA01/OAA0101,官公需情報ポータルAPI（全省庁）
2026-05-12 19:33:18,全国,厚生労働省,物品,"第25回21世紀出生児縦断調査及び第22回中高年者縦断調査謝礼品（筆記用具）44,600セットの購入",2026-05-12,https://www.p-portal.go.jp/pps-web-biz/UAA01/OAA0101,官公需情報ポータルAPI（全省庁）
2026-05-12 19:33:18,全国,厚生労働省,委託,令和８年度化学物質管理に係る専門家検討会の開催等事業,2026-05-12,https://www.p-portal.go.jp/pps-web-biz/UAA01/OAA0101,官公需情報ポータルAPI（全省庁）
2026-05-12 19:33:18,全国,厚生労働省,その他,令和８年度労働安全衛生法改正に係る説明会の開催等事業,2026-05-12,https://www.p-portal.go.jp/pps-web-biz/UAA01/OAA0101,官公需情報ポータルAPI（全省庁）
2026-05-12 19:33:18,全国,国土交通省,役務,令和８年度 神戸航空交通管制部一般健康診断（単価契約）,2026-05-12,https://www.p-portal.go.jp/pps-web-biz/UAA01/OAA0101,官公需情報ポータルAPI（全省庁）
2026-05-12 19:33:18,全国,内閣府,委託,つながりサポーターの養成・普及に必要な手法等に関する調査等業務,2026-05-12,https://www.p-portal.go.jp/pps-web-biz/UAA01/OAA0101,官公需情報ポータルAPI（全省庁）
2026-05-12 19:33:18,全国,外務省,委託,SNS等オンライン空間における戦略的対外発信強化支援業務,2026-05-12,https://www.p-portal.go.jp/pps-web-biz/UAA01/OAA0101,官公需情報ポータルAPI（全省庁）
2026-05-12 19:07:29,新潟県,新潟県新発田市,物品,令和8年5月12日 米子運動公園簡易水洗トイレ購入,2026-05-12,https://www.city.shibata.lg.jp/_res/projects/default_project/_page_/001/031/137/110koukoku.pdf,官公需情報ポータルAPI（対象5県）
2026-05-12 19:07:28,全国,国家公安委員会（警察庁）京都府警察,物品,令和8年5月12日公告分デジタルフォレンジックツールの賃貸借に係る入札説明書等,2026-05-12,https://www.pref.kyoto.jp/fukei/site/kaikei_f/nyuusatsu/documents/051201.pdf,官公需情報ポータルAPI（全省庁）
2026-05-12 19:07:13,全国,国家公安委員会（警察庁）兵庫県警察,役務,兵庫県警察学校等空調設備保守点検整備その②,2026-05-12,https://www.police.pref.hyogo.lg.jp/chotatu/kou_data/2026/B26051201.pdf,官公需情報ポータルAPI（全省庁）
2026-05-12 19:06:52,新潟県,新潟県新潟市,その他,08wto-koukoku33.pdf,2026-05-12,https://www.city.niigata.lg.jp/business/keiyaku/keiyaku_top/kokoku/reiwa08-wto-koukoku.files/08wto-koukoku33.pdf,官公需情報ポータルAPI（対象5県）
2026-05-12 19:06:28,全国,国土交通省四国地方整備局,役務,令和８ー１１年度 ライセンス導入作業,2026-05-12,https://www.skr.mlit.go.jp/necsas/zuikei/upfiles/BH26882265350001.html,官公需情報ポータルAPI（全省庁）
2026-05-12 19:06:04,全国,国家公安委員会（警察庁）愛媛県警察,役務,白灯油の単価契約（１リットル当たり単価）,2026-05-12,https://www.police.pref.ehime.jp/kaikei/nyuusatu/0512.pdf,官公需情報ポータルAPI（全省庁）
2026-05-12 19:05:36,全国,厚生労働省成田空港検疫所,役務,食品衛生法第２８条第４項の規定に基づく収去食品等（畜水産食品の抗菌性物質及び食品中の添加物）検査業務委託（単価契約）一式,2026-05-12,https://www.forth.go.jp/keneki/narita/soumu/pdf/20260512-1.pdf,官公需情報ポータルAPI（全省庁）
2026-05-12 19:05:28,全国,法務省熊本地方法務局,委託,長期相続登記等未了土地解消事業（登記名義人２００名分）の委託 一式,2026-05-12,https://houmukyoku.moj.go.jp/kumamoto/content/001462238.pdf,官公需情報ポータルAPI（全省庁）
2026-05-12 19:05:17,全国,環境省釧路自然環境事務所,委託,令和７年度（繰越）釧路湿原国立公園エゾシカ対策業務,2026-05-12,https://hokkaido.env.go.jp/kushiro/procure/procure_00269.html,官公需情報ポータルAPI（全省庁）
2026-05-12 19:05:13,全国,法務省千葉地方法務局,その他,防災・まちづくり型法務局地図作成事業 一式,2026-05-12,https://houmukyoku.moj.go.jp/chiba/content/001462232.pdf,官公需情報ポータルAPI（全省庁）
2026-05-12 19:05:13,全国,環境省関東地方環境事務所,委託,令和８年度グリーンワーカー事業小笠原国立公園母島固有トンボ類保全調査等業務,2026-05-12,https://kanto.env.go.jp/procure/procure_00429.html,官公需情報ポータルAPI（全省庁）
2026-05-12 19:05:12,全国,法務省千葉地方法務局,その他,大都市特化型法務局地図作成事業 一式,2026-05-12,https://houmukyoku.moj.go.jp/chiba/content/001462229.pdf,官公需情報ポータルAPI（全省庁）
2026-05-12 19:05:08,全国,財務省東京税関,その他,令和７年度（補正予算）携帯型空間オフセットラマン分光計の調達（PDF：201KB）,2026-05-12,https://www.customs.go.jp/kyotsu/chotatsu/seifu/s_tokyo/cjc20260512_R7hosei_Raman%20.pdf,官公需情報ポータルAPI（全省庁）
2026-05-13 19:39:03,全国,法務省,役務,令和８年度網走刑務所医薬品供給契約（単価契約）,2026-05-11,https://www.p-portal.go.jp/pps-web-biz/UAA01/OAA0101,官公需情報ポータルAPI（全省庁）
2026-05-12 19:33:20,全国,防衛省,役務,電源設備整備役務,2026-05-11,https://www.p-portal.go.jp/pps-web-biz/UAA01/OAA0101,官公需情報ポータルAPI（全省庁）
2026-05-12 19:33:20,全国,防衛省,役務,庶務業務改善に関する検討役務,2026-05-11,https://www.p-portal.go.jp/pps-web-biz/UAA01/OAA0101,官公需情報ポータルAPI（全省庁）
2026-05-12 19:33:20,全国,防衛省,役務,執務室のレイアウト変更等役務,2026-05-11,https://www.p-portal.go.jp/pps-web-biz/UAA01/OAA0101,官公需情報ポータルAPI（全省庁）
2026-05-12 19:33:20,全国,防衛省,委託,令和７年度省庁別財務書類等の作成業務,2026-05-11,https://www.p-portal.go.jp/pps-web-biz/UAA01/OAA0101,官公需情報ポータルAPI（全省庁）
2026-05-12 19:33:19,全国,財務省,委託,諸外国の裁判所における相続手続関係書類の入手業務の委託,2026-05-11,https://www.p-portal.go.jp/pps-web-biz/UAA01/OAA0101,官公需情報ポータルAPI（全省庁）
2026-05-12 19:33:19,全国,法務省,その他,令和８・９年度防災・まちづくり型法務局地図作成事業一式,2026-05-11,https://www.p-portal.go.jp/pps-web-biz/UAA01/OAA0101,官公需情報ポータルAPI（全省庁）
2026-05-12 19:33:19,全国,法務省,その他,令和８・９年度大都市特化型法務局地図作成事業一式,2026-05-11,https://www.p-portal.go.jp/pps-web-biz/UAA01/OAA0101,官公需情報ポータルAPI（全省庁）
2026-05-12 19:33:19,全国,法務省,役務,令和7年度函館少年刑務所鱒川農場庁舎設計業務委託,2026-05-11,https://www.p-portal.go.jp/pps-web-biz/UAA01/OAA0101,官公需情報ポータルAPI（全省庁）
2026-05-12 19:33:19,全国,経済産業省,委託,【特許庁】令和８年度特許庁の情報発信業務改善に係る支援事業,2026-05-11,https://www.p-portal.go.jp/pps-web-biz/UAA01/OAA0101,官公需情報ポータルAPI（全省庁）
2026-05-12 19:33:18,石川県,法務省,その他,第９工場空調設備設置に係る入札,2026-05-11,https://www.p-portal.go.jp/pps-web-biz/UAA01/OAA0101,官公需情報ポータルAPI（対象5県）
2026-05-12 19:33:18,全国,国土交通省,委託,宮古管内低濃度PCB廃棄物処分業務,2026-05-11,https://www.p-portal.go.jp/pps-web-biz/UAA01/OAA0101,官公需情報ポータルAPI（全省庁）
2026-05-12 19:33:18,全国,総務省,物品,令和８年度長崎刑務所自動車購入契約,2026-05-11,https://www.p-portal.go.jp/pps-web-biz/UAA01/OAA0101,官公需情報ポータルAPI（全省庁）
2026-05-12 19:33:18,全国,法務省,設計・測量・コンサル,令和８年度木更津法務総合庁舎改修実施設計業務,2026-05-11,https://www.p-portal.go.jp/pps-web-biz/UAA01/OAA0101,官公需情報ポータルAPI（全省庁）
2026-05-12 19:33:18,全国,財務省,役務,令和８年度広島国税局健康診断（巡回式健康診断）委託業務,2026-05-11,https://www.p-portal.go.jp/pps-web-biz/UAA01/OAA0101,官公需情報ポータルAPI（全省庁）
2026-05-12 19:33:18,全国,国家公安委員会（警察庁）,役務,令和８年度 「中長期にわたる犯罪被害者遺族等に対する適切な支援の提供のための研究会」業務委託,2026-05-11,https://www.p-portal.go.jp/pps-web-biz/UAA01/OAA0101,官公需情報ポータルAPI（全省庁）
2026-05-12 19:33:18,全国,法務省,役務,令和8年度第２四半期被収容者用給食用食肉供給契約,2026-05-11,https://www.p-portal.go.jp/pps-web-biz/UAA01/OAA0101,官公需情報ポータルAPI（全省庁）
2026-05-12 19:33:18,全国,国土交通省,役務,【九州地方整備局】令和８年度上野畑局外多重無線通信装置製造,2026-05-11,https://www.p-portal.go.jp/pps-web-biz/UAA01/OAA0101,官公需情報ポータルAPI（全省庁）
2026-05-11 19:22:40,全国,国土交通省,物品,潤滑油（主機関用）16，000リットル買入（舞鶴）（単価契約）,2026-05-11,https://www.p-portal.go.jp/pps-web-biz/UAA01/OAA0101,官公需情報ポータルAPI（全省庁）
2026-05-11 19:22:40,全国,厚生労働省,その他,大和郡山公共職業安定所の呼び出しシステムの交換,2026-05-11,https://www.p-portal.go.jp/pps-web-biz/UAA01/OAA0101,官公需情報ポータルAPI（全省庁）
2026-05-11 19:22:40,全国,防衛省,その他,令和８年度駐留軍等労働者の予防接種,2026-05-11,https://www.p-portal.go.jp/pps-web-biz/UAA01/OAA0101,官公需情報ポータルAPI（全省庁）
2026-05-11 19:22:40,全国,国土交通省,物品,交換部品（ウォータージェット推進装置）２式ほか９点買入,2026-05-11,https://www.p-portal.go.jp/pps-web-biz/UAA01/OAA0101,官公需情報ポータルAPI（全省庁）
2026-05-11 19:22:39,全国,環境省,その他,令和８年度阿蘇くじゅう国立公園における食を通じた感動体験創出事業,2026-05-11,https://www.p-portal.go.jp/pps-web-biz/UAA01/OAA0101,官公需情報ポータルAPI（全省庁）
2026-05-11 19:22:39,全国,国土交通省,委託,令和８年度情報セキュリティ基礎研修等開催業務,2026-05-11,https://www.p-portal.go.jp/pps-web-biz/UAA01/OAA0101,官公需情報ポータルAPI（全省庁）
2026-05-11 19:22:39,全国,経済産業省,委託,【近畿経済産業局】令和８年度福井県嶺南地域の食資源を活用した商品の販路開拓等支援事業,2026-05-11,https://www.p-portal.go.jp/pps-web-biz/UAA01/OAA0101,官公需情報ポータルAPI（全省庁）
2026-05-11 19:22:39,全国,経済産業省,委託,【中企庁】令和８年度事業承継税制活用企業実態調査事業,2026-05-11,https://www.p-portal.go.jp/pps-web-biz/UAA01/OAA0101,官公需情報ポータルAPI（全省庁）
2026-05-11 19:22:38,全国,厚生労働省,物品,石巻公共職業安定所ほか２か所におけるレイアウト変更に伴う什器等購入契約,2026-05-11,https://www.p-portal.go.jp/pps-web-biz/UAA01/OAA0101,官公需情報ポータルAPI（全省庁）
2026-05-11 19:22:37,全国,厚生労働省,物品,古川公共職業安定所ほか２か所におけるレイアウト変更に伴う什器等購入契約,2026-05-11,https://www.p-portal.go.jp/pps-web-biz/UAA01/OAA0101,官公需情報ポータルAPI（全省庁）
2026-05-11 19:22:37,全国,国土交通省,物品,動力運搬車１式ほか５点買入,2026-05-11,https://www.p-portal.go.jp/pps-web-biz/UAA01/OAA0101,官公需情報ポータルAPI（全省庁）
2026-05-11 19:22:37,全国,厚生労働省,委託,介護現場の働きやすい職場環境づくりに向けた経営の協働化・大規模化に係る伴走支援事業一式,2026-05-11,https://www.p-portal.go.jp/pps-web-biz/UAA01/OAA0101,官公需情報ポータルAPI（全省庁）
2026-05-11 19:22:36,全国,厚生労働省,物品,大河原公共職業安定所ほか１か所におけるレイアウト変更に伴う什器等購入契約,2026-05-11,https://www.p-portal.go.jp/pps-web-biz/UAA01/OAA0101,官公需情報ポータルAPI（全省庁）
2026-05-11 19:22:36,全国,農林水産省,役務,令和8年度希少野生生物保護管理業務委託（シマフクロウ）,2026-05-11,https://www.p-portal.go.jp/pps-web-biz/UAA01/OAA0101,官公需情報ポータルAPI（全省庁）
2026-05-11 19:22:36,全国,厚生労働省,委託,介護現場の働きやすい職場環境づくりに向けた経営の協働化等の推進人材養成に係る調査研究事業一式,2026-05-11,https://www.p-portal.go.jp/pps-web-biz/UAA01/OAA0101,官公需情報ポータルAPI（全省庁）
2026-05-11 19:22:35,全国,農林水産省,委託,令和８年度林野庁空中写真提供等業務,2026-05-11,https://www.p-portal.go.jp/pps-web-biz/UAA01/OAA0101,官公需情報ポータルAPI（全省庁）
2026-05-11 19:22:35,全国,法務省,委託,令和８年度大分刑務所臨床検査委託契約（単価契約）,2026-05-11,https://www.p-portal.go.jp/pps-web-biz/UAA01/OAA0101,官公需情報ポータルAPI（全省庁）
2026-05-11 19:22:35,全国,厚生労働省,物品,仙台公共職業安定所大和出張所ほか２か所におけるレイアウト変更に伴う什器等購入契約,2026-05-11,https://www.p-portal.go.jp/pps-web-biz/UAA01/OAA0101,官公需情報ポータルAPI（全省庁）
2026-05-11 19:22:34,全国,法務省,役務,名古屋刑務所空調設備整備契約,2026-05-11,https://www.p-portal.go.jp/pps-web-biz/UAA01/OAA0101,官公需情報ポータルAPI（全省庁）
2026-05-11 19:22:34,全国,法務省,委託,令和８年度沖縄刑務所及び那覇拘置支所消防用設備等点検業務契約,2026-05-11,https://www.p-portal.go.jp/pps-web-biz/UAA01/OAA0101,官公需情報ポータルAPI（全省庁）
2026-05-11 19:22:34,全国,厚生労働省,物品,仙台公共職業安定所におけるレイアウト変更に伴う什器等購入契約,2026-05-11,https://www.p-portal.go.jp/pps-web-biz/UAA01/OAA0101,官公需情報ポータルAPI（全省庁）
2026-05-11 19:22:33,石川県,財務省,委託,年末調整等関係書類の封入等業務,2026-05-11,https://www.p-portal.go.jp/pps-web-biz/UAA01/OAA0101,官公需情報ポータルAPI（対象5県）
2026-05-11 19:22:33,全国,環境省,委託,令和７年度（繰越）奄美野生生物保護センター展示改修に係る基本計画策定業務［総合評価落札方式］,2026-05-11,https://www.p-portal.go.jp/pps-web-biz/UAA01/OAA0101,官公需情報ポータルAPI（全省庁）
2026-05-11 19:22:33,全国,経済産業省,委託,【本省】令和８年度産業サイバーセキュリティ強靭化事業（半導体産業分野等におけるセキュリティガイドラインの整備等に関する調査）,2026-05-11,https://www.p-portal.go.jp/pps-web-biz/UAA01/OAA0101,官公需情報ポータルAPI（全省庁）
2026-05-11 19:22:33,全国,国土交通省,役務,Gメンシステムの保守,2026-05-11,https://www.p-portal.go.jp/pps-web-biz/UAA01/OAA0101,官公需情報ポータルAPI（全省庁）
2026-05-11 19:22:32,全国,財務省,役務,成田空港合同庁舎2号棟警備室内火災受信機更新,2026-05-11,https://www.p-portal.go.jp/pps-web-biz/UAA01/OAA0101,官公需情報ポータルAPI（全省庁）
2026-05-11 19:22:32,全国,法務省,委託,令和８年度京都少年鑑別所境界確定等業務,2026-05-11,https://www.p-portal.go.jp/pps-web-biz/UAA01/OAA0101,官公需情報ポータルAPI（全省庁）
2026-05-11 19:22:32,全国,厚生労働省,委託,令和8年度労働保険年度更新申告書審査等各種業務に係る労働者派遣契約（単価契約）,2026-05-11,https://www.p-portal.go.jp/pps-web-biz/UAA01/OAA0101,官公需情報ポータルAPI（全省庁）
2026-05-11 19:22:32,全国,経済産業省,委託,【本省】令和８年度技術開発調査等の推進事業費（国家戦略技術領域における一気通貫支援並びにイノベーション関連税制の活用実態及び効果検証の仕組みの構築に向けた調査事業）,2026-05-11,https://www.p-portal.go.jp/pps-web-biz/UAA01/OAA0101,官公需情報ポータルAPI（全省庁）
2026-05-11 19:22:31,全国,農林水産省,役務,トナーカートリッジ外１（単価契約）,2026-05-11,https://www.p-portal.go.jp/pps-web-biz/UAA01/OAA0101,官公需情報ポータルAPI（全省庁）
2026-05-11 19:22:30,全国,厚生労働省,その他,適切なケアマネジメント手法普及促進（広報）事業一式,2026-05-11,https://www.p-portal.go.jp/pps-web-biz/UAA01/OAA0101,官公需情報ポータルAPI（全省庁）
2026-05-11 19:22:30,全国,環境省,委託,令和８年度阿寒摩周国立公園満喫プロジェクト・マリモ保護活用のあり方検討業務,2026-05-11,https://www.p-portal.go.jp/pps-web-biz/UAA01/OAA0101,官公需情報ポータルAPI（全省庁）
2026-05-11 19:22:30,全国,環境省,委託,令和８年度釧路湿原国立公園におけるインナーブランディング強化に向けた学校支援体制構築業務,2026-05-11,https://www.p-portal.go.jp/pps-web-biz/UAA01/OAA0101,官公需情報ポータルAPI（全省庁）
2026-05-11 19:22:30,全国,財務省,委託,令和８年度国際取引調査実務研修用動画教材等の制作（区分２）,2026-05-11,https://www.p-portal.go.jp/pps-web-biz/UAA01/OAA0101,官公需情報ポータルAPI（全省庁）
2026-05-11 19:22:30,全国,財務省,委託,令和８年度国際取引調査実務研修用動画教材等の制作（区分１）,2026-05-11,https://www.p-portal.go.jp/pps-web-biz/UAA01/OAA0101,官公需情報ポータルAPI（全省庁）
2026-05-11 19:22:30,全国,国土交通省,役務,令和８年度 岩沼研修センター構内除草作業,2026-05-11,https://www.p-portal.go.jp/pps-web-biz/UAA01/OAA0101,官公需情報ポータルAPI（全省庁）
2026-05-11 19:22:30,全国,国土交通省,委託,令和８年度 中村管内排水機場施工歩掛等調査作業,2026-05-11,https://www.p-portal.go.jp/pps-web-biz/UAA01/OAA0101,官公需情報ポータルAPI（全省庁）
2026-05-11 19:22:30,全国,国土交通省,物品,予報作業支援システムの開発用端末の購入,2026-05-11,https://www.p-portal.go.jp/pps-web-biz/UAA01/OAA0101,官公需情報ポータルAPI（全省庁）
2026-05-11 19:22:29,富山県,厚生労働省,物品,令和８～12年度 富山労働局管下の業務用自動車２台賃貸借業務（令和８年11月納車）一式,2026-05-11,https://www.p-portal.go.jp/pps-web-biz/UAA01/OAA0101,官公需情報ポータルAPI（対象5県）
2026-05-11 19:22:29,全国,厚生労働省,委託,令和８年度就職支援セミナー事業の実施運営業務一式,2026-05-11,https://www.p-portal.go.jp/pps-web-biz/UAA01/OAA0101,官公需情報ポータルAPI（全省庁）
2026-05-11 19:22:29,全国,国土交通省,役務,令和８年度 事務用消耗品単価契約（中村地区）,2026-05-11,https://www.p-portal.go.jp/pps-web-biz/UAA01/OAA0101,官公需情報ポータルAPI（全省庁）
2026-05-11 19:22:29,全国,財務省,物品,事務室用什器の購入,2026-05-11,https://www.p-portal.go.jp/pps-web-biz/UAA01/OAA0101,官公需情報ポータルAPI（全省庁）
2026-05-11 19:22:29,全国,経済産業省,委託,【資エ庁】令和８年度燃料安定供給対策調査等事業（アジア等の移行期におけるエネルギーセキュリティ強 靭性強化及びトランジション・ファイナンスの普及に向けた調査及び戦略策定事業等）,2026-05-11,https://www.p-portal.go.jp/pps-web-biz/UAA01/OAA0101,官公需情報ポータルAPI（全省庁）
2026-05-11 19:22:28,全国,農林水産省,委託,（知床森林生態系保全センター）令和８年度知床ボランティア活動施設管理請負及び清掃業務,2026-05-11,https://www.p-portal.go.jp/pps-web-biz/UAA01/OAA0101,官公需情報ポータルAPI（全省庁）
2026-05-11 19:22:28,全国,国土交通省,委託,国有財産地下埋設物調査業務（福岡県福岡市）,2026-05-11,https://www.p-portal.go.jp/pps-web-biz/UAA01/OAA0101,官公需情報ポータルAPI（全省庁）
2026-05-11 19:22:28,全国,内閣府,役務,令和８年度知財活用環境整備事業,2026-05-11,https://www.p-portal.go.jp/pps-web-biz/UAA01/OAA0101,官公需情報ポータルAPI（全省庁）
2026-05-11 19:22:28,全国,法務省,物品,令和８年度事務用品等単価契約,2026-05-11,https://www.p-portal.go.jp/pps-web-biz/UAA01/OAA0101,官公需情報ポータルAPI（全省庁）
2026-05-11 19:22:28,全国,国土交通省,物品,主冷却清水ポンプ交換部品１式ほか１５点買入,2026-05-11,https://www.p-portal.go.jp/pps-web-biz/UAA01/OAA0101,官公需情報ポータルAPI（全省庁）
2026-05-11 19:22:27,全国,法務省,役務,令和８年度大阪刑務所等消防設備点検業務委託契約,2026-05-11,https://www.p-portal.go.jp/pps-web-biz/UAA01/OAA0101,官公需情報ポータルAPI（全省庁）
2026-05-11 19:07:49,全国,国土交通省東北地方整備局三陸国道事務所,委託,宮古管内低濃度PCB廃棄物処分業務,2026-05-11,https://www.thr.mlit.go.jp/sanriku/04_nyusatsu/data/2026/20260511_%E5%AE%AE%E5%8F%A4%E7%AE%A1%E5%86%85%E4%BD%8E%E6%BF%83%E5%BA%A6%EF%BC%B0%EF%BC%A3%EF%BC%A2%E5%87%A6%E5%88%86%E6%A5%AD%E5%8B%99_20260609.pdf,官公需情報ポータルAPI（全省庁）
2026-05-11 19:07:38,新潟県,新潟県十日町市,公募・プロポーザル,十日町市総合観光案内所内飲食スペース出店者公募型プロポーザル,2026-05-11,https://www.city.tokamachi.lg.jp/material/files/group/17/tokamachisisougoukannkouannnaijo_proposal_siyousyo.pdf,官公需情報ポータルAPI（対象5県）
2026-05-11 19:07:34,全国,国家公安委員会（警察庁）岩手県警察,物品,【県】入札公告（令和8年5月11日公表）岩手県警察機動分析用端末賃貸借契約,2026-05-11,https://www.pref.iwate.jp/kenkei/_res/projects/project_kenkei/_page_/003/002/740/s_saubun_kidoubunsekiyoutanmatu.pdf,官公需情報ポータルAPI（全省庁）
2026-05-11 19:07:34,全国,国家公安委員会（警察庁）岩手県警察,役務,【県】入札公告（令和8年5月11日公表）岩手県警察拠点ネットワークデータ通信回線（令和9年1月整備）契約,2026-05-11,https://www.pref.iwate.jp/kenkei/_res/projects/project_kenkei/_page_/003/002/739/s_dezi_kyotennettowa-ku.pdf,官公需情報ポータルAPI（全省庁）
2026-05-11 19:06:15,全国,国家公安委員会（警察庁）愛媛県警察,役務,大洲警察署庁舎空調設備保守業務委託,2026-05-11,https://www.police.pref.ehime.jp/kaikei/nyuusatu/0511o.pdf,官公需情報ポータルAPI（全省庁）
2026-05-11 19:06:14,全国,国家公安委員会（警察庁）愛媛県警察,委託,西予警察署庁舎空調設備保守点検業務の委託,2026-05-11,https://www.police.pref.ehime.jp/kaikei/nyuusatu/0511seiyo.pdf,官公需情報ポータルAPI（全省庁）
2026-05-11 19:06:14,全国,国家公安委員会（警察庁）愛媛県警察,委託,交通安全施設に係るモバイル回線接続業務,2026-05-11,https://www.police.pref.ehime.jp/kaikei/nyuusatu/0511ko.pdf,官公需情報ポータルAPI（全省庁）
2026-05-11 19:06:07,全国,国土交通省四国地方整備局四国技術事務所,委託,令和８年度 路面下空洞調査確認補助,2026-05-11,https://www.skr.mlit.go.jp/necsas/zuikei/upfiles/BH26888569300001.html,官公需情報ポータルAPI（全省庁）
2026-05-11 19:05:45,全国,厚生労働省宮城労働局,役務,2026年4月23日 令和8年度宮城労働局及び管下監督署・安定所におけるレンタカー借用契約,2026-05-11,https://jsite.mhlw.go.jp/miyagi-roudoukyoku/content/contents/002649315.pdf,官公需情報ポータルAPI（全省庁）
2026-05-11 19:05:44,全国,厚生労働省宮城労働局,物品,2026年5月11日 石巻公共職業安定所ほか2か所におけるレイアウト変更に伴う什器等購入契約,2026-05-11,https://jsite.mhlw.go.jp/miyagi-roudoukyoku/content/contents/002648255.pdf,官公需情報ポータルAPI（全省庁）
2026-05-11 19:05:44,全国,厚生労働省宮城労働局,物品,2026年5月11日 大河原公共職業安定所ほか1か所におけるレイアウト変更に伴う什器等購入契約,2026-05-11,https://jsite.mhlw.go.jp/miyagi-roudoukyoku/content/contents/002648249.pdf,官公需情報ポータルAPI（全省庁）
2026-05-11 19:05:44,全国,厚生労働省宮城労働局,物品,2026年5月11日 古川公共職業安定所ほか2か所におけるレイアウト変更に伴う什器等購入契約,2026-05-11,https://jsite.mhlw.go.jp/miyagi-roudoukyoku/content/contents/002648252.pdf,官公需情報ポータルAPI（全省庁）
2026-05-11 19:05:44,全国,厚生労働省宮城労働局,物品,2026年5月11日 仙台公共職業安定所大和出張所ほか2か所におけるレイアウト変更に伴う什器等購入契約,2026-05-11,https://jsite.mhlw.go.jp/miyagi-roudoukyoku/content/contents/002648245.pdf,官公需情報ポータルAPI（全省庁）
2026-05-11 19:05:44,全国,厚生労働省宮城労働局,物品,2026年5月11日 仙台公共職業安定所におけるレイアウト変更に伴う什器等購入契約,2026-05-11,https://jsite.mhlw.go.jp/miyagi-roudoukyoku/content/contents/002648238.pdf,官公需情報ポータルAPI（全省庁）
2026-05-11 19:05:34,全国,財務省東北財務局,設計・測量・コンサル,(R08)国有地（秋田市桜三丁目ほか）測量等業務,2026-05-11,https://lfb.mof.go.jp/tohoku/content/20260511_koukoku_sakura_sokuryo.pdf,官公需情報ポータルAPI（全省庁）
2026-05-11 19:05:31,石川県,農林水産省北陸農政局,物品,作業服（上着） ほかの購入(PDF : 93KB),2026-05-11,https://www.maff.go.jp/hokuriku/bid/materials/attach/pdf/kyosonyusatu-425.pdf,官公需情報ポータルAPI（対象5県）
2026-05-11 19:05:31,新潟県,新潟県柏崎市,その他,消総第8号 高度救急処置シミュレーター,2026-05-11,https://www.city.kashiwazaki.lg.jp/material/files/group/10/r8syousou8_koukoku.pdf,官公需情報ポータルAPI（対象5県）
2026-05-11 19:05:30,新潟県,新潟県柏崎市,その他,消総第7号 消防団防火衣一式,2026-05-11,https://www.city.kashiwazaki.lg.jp/material/files/group/10/r8syousou7_koukoku.pdf,官公需情報ポータルAPI（対象5県）
2026-05-11 19:05:30,新潟県,新潟県柏崎市,その他,教総第1号 給食配送車,2026-05-11,https://www.city.kashiwazaki.lg.jp/material/files/group/10/r8kyousou1_koukoku.pdf,官公需情報ポータルAPI（対象5県）
2026-05-11 19:05:29,新潟県,新潟県柏崎市,その他,保育第1号 エアコン,2026-05-11,https://www.city.kashiwazaki.lg.jp/material/files/group/10/r8hoiku1_koukoku.pdf,官公需情報ポータルAPI（対象5県）
2026-05-11 19:05:25,全国,環境省九州地方環境事務所,その他,令和８年度阿蘇くじゅう国立公園における食を通じた感動体験創出事業,2026-05-11,https://kyushu.env.go.jp/procure/procure_00397.html,官公需情報ポータルAPI（全省庁）
2026-05-11 19:05:18,新潟県,新潟県糸魚川市,役務,都補委第1号 市道汐見線路線測量業務委託 [PDFファイル／109KB],2026-05-11,https://www.city.itoigawa.lg.jp/uploaded/attachment/18327.pdf,官公需情報ポータルAPI（対象5県）
2026-05-11 19:05:18,全国,環境省釧路自然環境事務所,委託,令和８年度阿寒摩周国立公園満喫プロジェクト・マリモ保護活用のあり方検討業務,2026-05-11,https://hokkaido.env.go.jp/kushiro/procure/procure_00267.html,官公需情報ポータルAPI（全省庁）
2026-05-11 19:05:18,全国,環境省釧路自然環境事務所,委託,令和８年度釧路湿原国立公園におけるインナーブランディング強化に向けた学校支援体制構築業務,2026-05-11,https://hokkaido.env.go.jp/kushiro/procure/procure_00268.html,官公需情報ポータルAPI（全省庁）
2026-05-11 19:05:15,全国,厚生労働省島根労働局,物品,松江公共職業安定所外1施設における備品等の購入及びレイアウト変更等作業契約,2026-05-11,https://jsite.mhlw.go.jp/shimane-roudoukyoku/content/contents/002647946.pdf,官公需情報ポータルAPI（全省庁）
2026-05-11 19:05:14,全国,厚生労働省島根労働局,物品,浜田公共職業安定所外2施設における備品等の購入及びレイアウト変更等作業契約,2026-05-11,https://jsite.mhlw.go.jp/shimane-roudoukyoku/content/contents/002647967.pdf,官公需情報ポータルAPI（全省庁）
2026-05-11 19:05:13,全国,法務省静岡地方法務局,その他,令和８・９年度防災・まちづくり型法務局地図作成事業一式,2026-05-11,https://houmukyoku.moj.go.jp/shizuoka/content/001462069.pdf,官公需情報ポータルAPI（全省庁）
2026-05-11 19:05:13,全国,法務省静岡地方法務局,その他,令和８・９年度大都市特化型法務局地図作成事業一式,2026-05-11,https://houmukyoku.moj.go.jp/shizuoka/content/001462068.pdf,官公需情報ポータルAPI（全省庁）
2026-05-11 19:05:12,石川県,独立行政法人国立病院機構医王病院,委託,検査外部委託契約,2026-05-11,https://iou.hosp.go.jp/med/pdf/tender_2026051101.pdf,官公需情報ポータルAPI（対象5県）
2026-05-11 19:05:11,全国,法務省さいたま地方法務局,委託,長期相続登記等未了土地解消事業(登記名義人２００名分)の委託 一式,2026-05-11,https://houmukyoku.moj.go.jp/saitama/content/001462137.pdf,官公需情報ポータルAPI（全省庁）
2026-05-11 19:05:09,全国,財務省東京税関,役務,成田空港合同庁舎2号棟警備室内火災受信機更新（PDF：154KB）,2026-05-11,https://www.customs.go.jp/kyotsu/chotatsu/nyusatsu/n_tokyo/nrtezen_44.pdf,官公需情報ポータルAPI（全省庁）
2026-05-11 19:05:05,岐阜県,国立大学法人東海国立大学機構岐阜大学,その他,手術台 VACB-3006B ミズホ株式会社 一式,2026-05-11,https://www.gifu-u.ac.jp/about/financial_affairs/procurement/43df3a7ba86e590604c82000bbfa3806.pdf,官公需情報ポータルAPI（対象5県）
2026-05-11 00:00:00,福井県,福井県鯖江市,役務,令和8年6月11日執行入札執行（吉川公民館大規模改修工事実施設計業務委託）,2026-05-11,https://www.city.sabae.fukui.jp/about_city/bid/sonotanyusatsu/reiwa8seigen/Zaimu01202605071718.files/2026.05.11.kokuji113.pdf,官公需情報ポータルAPI（対象5県）
2026-05-11 00:00:00,福井県,福井県鯖江市,役務,令和8年6月11日執行入札公告（市庁舎非常用発電設備整備工事実施設計業務委託）,2026-05-11,https://www.city.sabae.fukui.jp/about_city/bid/sonotanyusatsu/reiwa8seigen/Zaimu01202605071731.files/2026.05.11.kokuji114.pdf,官公需情報ポータルAPI（対象5県）
2026-05-08 19:07:17,全国,国家公安委員会（警察庁）兵庫県警察,委託,兵庫県警察本部科学捜査支援センター庁舎等消防用設備等点検,2026-05-11,https://www.police.pref.hyogo.lg.jp/chotatu/kou_data/2026/B26051101.pdf,官公需情報ポータルAPI（全省庁）
2026-05-08 19:07:17,全国,国家公安委員会（警察庁）兵庫県警察,役務,兵庫県警察本部庁舎防災設備等点検,2026-05-11,https://www.police.pref.hyogo.lg.jp/chotatu/kou_data/2026/B26051102.pdf,官公需情報ポータルAPI（全省庁）
2026-05-08 19:07:16,全国,国家公安委員会（警察庁）兵庫県警察,役務,特種用途自動車（交通作業車４ＷＤ）３台,2026-05-11,https://www.police.pref.hyogo.lg.jp/chotatu/kou_data/2026/D26051103.pdf,官公需情報ポータルAPI（全省庁）
2026-05-08 19:07:16,全国,国家公安委員会（警察庁）兵庫県警察,その他,特種用途自動車（交番用装備車）３台,2026-05-11,https://www.police.pref.hyogo.lg.jp/chotatu/kou_data/2026/D26051101.pdf,官公需情報ポータルAPI（全省庁）
2026-05-08 19:07:16,全国,国家公安委員会（警察庁）兵庫県警察,その他,小型貨物自動車（逓送車）１台,2026-05-11,https://www.police.pref.hyogo.lg.jp/chotatu/kou_data/2026/D26051102.pdf,官公需情報ポータルAPI（全省庁）
2026-05-08 19:26:04,全国,国土交通省,役務,２０M型巡視艇中検修理,2026-05-08,https://www.p-portal.go.jp/pps-web-biz/UAA01/OAA0101,官公需情報ポータルAPI（全省庁）
2026-05-08 19:26:04,全国,厚生労働省,委託,福祉事務所による重複・多剤投与対策の効率化等に関する調査研究等一式,2026-05-08,https://www.p-portal.go.jp/pps-web-biz/UAA01/OAA0101,官公需情報ポータルAPI（全省庁）
2026-05-08 19:26:04,全国,文部科学省,委託,文部科学省関係機関セキュリティ監査担当者研修実施業務 一式,2026-05-08,https://www.p-portal.go.jp/pps-web-biz/UAA01/OAA0101,官公需情報ポータルAPI（全省庁）
2026-05-08 19:26:04,全国,厚生労働省,物品,令和８年度医薬品等電子申請ソフト等の改正医薬品医療機器等法施行対応に係る改修業務一式,2026-05-08,https://www.p-portal.go.jp/pps-web-biz/UAA01/OAA0101,官公需情報ポータルAPI（全省庁）
2026-05-08 19:26:04,全国,防衛省,その他,【税込入札】航空券（米国（デトロイト）他）,2026-05-08,https://www.p-portal.go.jp/pps-web-biz/UAA01/OAA0101,官公需情報ポータルAPI（全省庁）
2026-05-08 19:26:04,全国,経済産業省,委託,【本省】令和８年度産業サイバーセキュリティ対策の強化に向けた環境整備事業（ＡＩエージェントのセキュリティ確保等に関する調査）,2026-05-08,https://www.p-portal.go.jp/pps-web-biz/UAA01/OAA0101,官公需情報ポータルAPI（全省庁）
2026-05-08 19:26:03,全国,国土交通省,物品,計画保全用整備部品１式ほか１点買入,2026-05-08,https://www.p-portal.go.jp/pps-web-biz/UAA01/OAA0101,官公需情報ポータルAPI（全省庁）
2026-05-08 19:26:03,全国,法務省,その他,被収容者用木綿綿ほか供給一式,2026-05-08,https://www.p-portal.go.jp/pps-web-biz/UAA01/OAA0101,官公需情報ポータルAPI（全省庁）
2026-05-08 19:26:03,全国,国土交通省,物品,膨脹式救命胴衣買入れ,2026-05-08,https://www.p-portal.go.jp/pps-web-biz/UAA01/OAA0101,官公需情報ポータルAPI（全省庁）
2026-05-08 19:26:03,全国,消費者庁,委託,外食・中食事業者における食物アレルギーの情報提供に関する実態調査業務,2026-05-08,https://www.p-portal.go.jp/pps-web-biz/UAA01/OAA0101,官公需情報ポータルAPI（全省庁）
2026-05-08 19:26:03,全国,内閣府,委託,令和８年度青少年国際交流事業及び事後活動の充実及び強化に向けた支援業務,2026-05-08,https://www.p-portal.go.jp/pps-web-biz/UAA01/OAA0101,官公需情報ポータルAPI（全省庁）
2026-05-08 19:26:03,全国,環境省,委託,令和８年度水島港周辺におけるヒアリ類等侵入状況確認調査業務,2026-05-08,https://www.p-portal.go.jp/pps-web-biz/UAA01/OAA0101,官公需情報ポータルAPI（全省庁）
2026-05-08 19:26:03,全国,農林水産省,委託,令和８年度動物医薬品検査所健康診断業務（単価契約）,2026-05-08,https://www.p-portal.go.jp/pps-web-biz/UAA01/OAA0101,官公需情報ポータルAPI（全省庁）
2026-05-08 19:26:03,全国,財務省,物品,令和８年度オンライン学習プラットフォーム利用ライセンスの購入等,2026-05-08,https://www.p-portal.go.jp/pps-web-biz/UAA01/OAA0101,官公需情報ポータルAPI（全省庁）
2026-05-08 19:26:03,全国,国土交通省,物品,交換部品(左舷船尾管軸封装置)1式ほか12点買入,2026-05-08,https://www.p-portal.go.jp/pps-web-biz/UAA01/OAA0101,官公需情報ポータルAPI（全省庁）
2026-05-08 19:26:03,全国,国土交通省,委託,【東京航空局】令和８年度 空港土地等に係る使用料調査,2026-05-08,https://www.p-portal.go.jp/pps-web-biz/UAA01/OAA0101,官公需情報ポータルAPI（全省庁）
2026-05-08 19:26:02,全国,国土交通省,物品,鹿児島（部）フォーム式防舷物買入,2026-05-08,https://www.p-portal.go.jp/pps-web-biz/UAA01/OAA0101,官公需情報ポータルAPI（全省庁）
2026-05-08 19:26:02,全国,法務省,委託,長期相続登記等未了土地解消事業(登記名義人５０名分)の委託 一式,2026-05-08,https://www.p-portal.go.jp/pps-web-biz/UAA01/OAA0101,官公需情報ポータルAPI（全省庁）
2026-05-08 19:26:02,全国,環境省,委託,令和８年度新宿御苑クビアカツヤカミキリ防除業務,2026-05-08,https://www.p-portal.go.jp/pps-web-biz/UAA01/OAA0101,官公需情報ポータルAPI（全省庁）
2026-05-08 19:26:02,全国,国土交通省,その他,令和８年度 東京湾中央航路用船,2026-05-08,https://www.p-portal.go.jp/pps-web-biz/UAA01/OAA0101,官公需情報ポータルAPI（全省庁）
2026-05-08 19:26:02,全国,経済産業省,委託,【本省】令和８年度重要技術総合管理事業（貿易救済措置ＷＴＯ紛争リスク等調査）,2026-05-08,https://www.p-portal.go.jp/pps-web-biz/UAA01/OAA0101,官公需情報ポータルAPI（全省庁）
2026-05-08 19:26:02,全国,経済産業省,委託,【本省】令和８年度重要技術総合管理事業（アンチダンピング調査に関するダンピング分析結果整理事業）,2026-05-08,https://www.p-portal.go.jp/pps-web-biz/UAA01/OAA0101,官公需情報ポータルAPI（全省庁）
2026-05-08 19:26:01,全国,金融庁,委託,金融機関が行う預貯金口座の不正利用等防止の取組への協力要請に係る周知広報動画の広告出稿代行業務,2026-05-08,https://www.p-portal.go.jp/pps-web-biz/UAA01/OAA0101,官公需情報ポータルAPI（全省庁）
2026-05-08 19:26:01,全国,国土交通省,委託,令和８年度斐伊川外水辺環境調査,2026-05-08,https://www.p-portal.go.jp/pps-web-biz/UAA01/OAA0101,官公需情報ポータルAPI（全省庁）
2026-05-08 19:26:01,全国,環境省,委託,令和８年度太陽光パネルリサイクルシステムの構築に伴う要件定義業務,2026-05-08,https://www.p-portal.go.jp/pps-web-biz/UAA01/OAA0101,官公需情報ポータルAPI（全省庁）
2026-05-08 19:26:01,全国,法務省,役務,令和８年度医薬品等供給契約,2026-05-08,https://www.p-portal.go.jp/pps-web-biz/UAA01/OAA0101,官公需情報ポータルAPI（全省庁）
2026-05-08 19:26:01,全国,経済産業省,委託,【資エ庁】令和８年度省エネルギー促進法律・制度効率的運用業務事業（特定荷主等のエネルギーの使用合理化・非化石転換等の現状分析調査）,2026-05-08,https://www.p-portal.go.jp/pps-web-biz/UAA01/OAA0101,官公需情報ポータルAPI（全省庁）
2026-05-08 19:26:00,福井県,法務省,委託,令和８年度長期相続登記等未了土地解消事業（登記名義人２００名分）の委託一式,2026-05-08,https://www.p-portal.go.jp/pps-web-biz/UAA01/OAA0101,官公需情報ポータルAPI（対象5県）
2026-05-08 19:26:00,全国,厚生労働省,役務,公共職業安定所等（東予地域）レイアウト変更に伴う什器類等調達及び移設等契約,2026-05-08,https://www.p-portal.go.jp/pps-web-biz/UAA01/OAA0101,官公需情報ポータルAPI（全省庁）
2026-05-08 19:26:00,全国,厚生労働省,役務,公共職業安定所等（南予地域）レイアウト変更に伴う什器類等調達及び移設等契約,2026-05-08,https://www.p-portal.go.jp/pps-web-biz/UAA01/OAA0101,官公需情報ポータルAPI（全省庁）
2026-05-08 19:26:00,全国,厚生労働省,役務,公共職業安定所等（中予地域）レイアウト変更に伴う什器類等調達及び移設等契約,2026-05-08,https://www.p-portal.go.jp/pps-web-biz/UAA01/OAA0101,官公需情報ポータルAPI（全省庁）
2026-05-08 19:26:00,全国,厚生労働省,委託,令和８年度分神奈川労働局業務用封筒作製,2026-05-08,https://www.p-portal.go.jp/pps-web-biz/UAA01/OAA0101,官公需情報ポータルAPI（全省庁）
2026-05-08 19:26:00,全国,環境省,委託,令和8年度釧路湿原国立公園インタープリテーション全体計画策定業務,2026-05-08,https://www.p-portal.go.jp/pps-web-biz/UAA01/OAA0101,官公需情報ポータルAPI（全省庁）
2026-05-08 19:25:59,全国,環境省,委託,令和８年度那須平成の森モニタリング等調査業務,2026-05-08,https://www.p-portal.go.jp/pps-web-biz/UAA01/OAA0101,官公需情報ポータルAPI（全省庁）
2026-05-08 19:25:58,全国,国土交通省,委託,Ｒ８木津川上流管内災害対策用機械操作業務,2026-05-08,https://www.p-portal.go.jp/pps-web-biz/UAA01/OAA0101,官公需情報ポータルAPI（全省庁）
2026-05-08 19:25:57,岐阜県,国土交通省,役務,令和８年度 単価契約高山国道機械設備修繕,2026-05-08,https://www.p-portal.go.jp/pps-web-biz/UAA01/OAA0101,官公需情報ポータルAPI（対象5県）
2026-05-08 19:25:57,岐阜県,国土交通省,物品,令和８年度 事業用自動車１台交換購入（高山国道）,2026-05-08,https://www.p-portal.go.jp/pps-web-biz/UAA01/OAA0101,官公需情報ポータルAPI（対象5県）
2026-05-08 19:25:57,全国,法務省,委託,令和８年度司法書士試験、土地家屋調査士試験及び簡裁訴訟代理等能力認定考査の試験問題及び審査用答案等の搬送業務 一式,2026-05-08,https://www.p-portal.go.jp/pps-web-biz/UAA01/OAA0101,官公需情報ポータルAPI（全省庁）
2026-05-08 19:25:57,全国,国土交通省,物品,【国土地理院】令和８年度 ＧＮＳＳ連続観測システム（保守用機器）の購入（単価契約）,2026-05-08,https://www.p-portal.go.jp/pps-web-biz/UAA01/OAA0101,官公需情報ポータルAPI（全省庁）
2026-05-08 19:25:56,全国,内閣府,委託,Ｒ８－１２国営沖縄記念公園運営維持管理業務,2026-05-08,https://www.p-portal.go.jp/pps-web-biz/UAA01/OAA0101,官公需情報ポータルAPI（全省庁）
2026-05-08 19:25:56,全国,経済産業省,委託,令和８年度地域支援機関向け知財支援リレー人材育成プログラム,2026-05-08,https://www.p-portal.go.jp/pps-web-biz/UAA01/OAA0101,官公需情報ポータルAPI（全省庁）
2026-05-08 19:25:55,全国,法務省,その他,被収容者用ワンピースほか供給一式,2026-05-08,https://www.p-portal.go.jp/pps-web-biz/UAA01/OAA0101,官公需情報ポータルAPI（全省庁）
2026-05-08 19:25:54,全国,法務省,その他,被収容者用防寒服ほか供給一式,2026-05-08,https://www.p-portal.go.jp/pps-web-biz/UAA01/OAA0101,官公需情報ポータルAPI（全省庁）
2026-05-08 19:25:53,全国,法務省,その他,被収容者用タオルの供給一式,2026-05-08,https://www.p-portal.go.jp/pps-web-biz/UAA01/OAA0101,官公需情報ポータルAPI（全省庁）
2026-05-08 19:25:53,全国,法務省,その他,少年施設用室内服の供給一式,2026-05-08,https://www.p-portal.go.jp/pps-web-biz/UAA01/OAA0101,官公需情報ポータルAPI（全省庁）
2026-05-08 19:25:53,全国,法務省,その他,令和８年度６月期レギュラーガソリン及び軽油に係る共同調達,2026-05-08,https://www.p-portal.go.jp/pps-web-biz/UAA01/OAA0101,官公需情報ポータルAPI（全省庁）
2026-05-08 19:25:53,全国,国土交通省,役務,三笠ぽんべつダム外来植物除去作業（幾春別川ダム建設事業所）,2026-05-08,https://www.p-portal.go.jp/pps-web-biz/UAA01/OAA0101,官公需情報ポータルAPI（全省庁）
2026-05-08 19:25:51,全国,法務省,その他,被収容者用毛布の供給一式,2026-05-08,https://www.p-portal.go.jp/pps-web-biz/UAA01/OAA0101,官公需情報ポータルAPI（全省庁）
2026-05-08 19:25:51,全国,財務省,物品,直結形ダンパ操作器ほかの購入,2026-05-08,https://www.p-portal.go.jp/pps-web-biz/UAA01/OAA0101,官公需情報ポータルAPI（全省庁）
2026-05-08 19:25:51,全国,国土交通省,役務,大規模土砂移動検知システム観測局点検作業,2026-05-08,https://www.p-portal.go.jp/pps-web-biz/UAA01/OAA0101,官公需情報ポータルAPI（全省庁）
2026-05-08 19:25:50,全国,厚生労働省,役務,佐賀公共職業安定所空調設備リモート機器更新に係る設計業務委託,2026-05-08,https://www.p-portal.go.jp/pps-web-biz/UAA01/OAA0101,官公需情報ポータルAPI（全省庁）
2026-05-08 19:25:50,全国,厚生労働省,その他,令和８年度「第14次労働災害防止計画の検証等事業」,2026-05-08,https://www.p-portal.go.jp/pps-web-biz/UAA01/OAA0101,官公需情報ポータルAPI（全省庁）
2026-05-08 19:15:09,石川県,石川県内灘町,設計・測量・コンサル,湖央橋補修設計業務,2026-05-08,https://www.ep-bis.supercals.jp/ebidPPIPublish/EjPPIj?KikanNO=1736500,官公需情報ポータルAPI（対象5県）
2026-05-08 19:09:29,全国,国家公安委員会（警察庁）皇宮警察本部,その他,男性皇宮護衛官用 夏服上衣 長袖 外８点,2026-05-08,https://www.npa.go.jp/kougu/keiyaku/pdf1/R8.5.8-5.29natsuhuku.pdf,官公需情報ポータルAPI（全省庁）
2026-05-08 19:07:16,全国,国家公安委員会（警察庁）京都府警察,物品,令和8年2月13日公告分自動車用レギュラーガソリンの購入に係る入札公告等,2026-05-08,https://www.pref.kyoto.jp/fukei/site/kaikei_f/nyuusatsu/documents/050801.pdf,官公需情報ポータルAPI（全省庁）
2026-05-08 19:06:26,全国,国土交通省四国地方整備局土佐国道事務所,役務,令和８年度 事務用消耗品単価契約（高知地区）,2026-05-08,https://www.skr.mlit.go.jp/necsas/zuikei/upfiles/BH26886200400029.html,官公需情報ポータルAPI（全省庁）
2026-05-08 19:06:14,全国,農林水産省動物医薬品検査所,委託,令和8年度動物医薬品検査所健康診断業務（単価契約）,2026-05-08,https://www.maff.go.jp/nval/hattyu/nyusatu_koukoku/pdf/nyusatsu20260508.pdf,官公需情報ポータルAPI（全省庁）
2026-05-08 19:06:10,全国,国家公安委員会（警察庁）福岡県警察,物品,液体クロマトグラフ質量分析計等賃貸借契約に係る入札について,2026-05-08,https://www.police.pref.fukuoka.jp/data/open/cnt/3/22978/1/20260508ekitai.pdf,官公需情報ポータルAPI（全省庁）
2026-05-08 19:06:04,全国,厚生労働省愛媛労働局,役務,公共職業安定所等（東予地域）レイアウト変更に伴う什器類等調達及び移設等契約,2026-05-08,https://jsite.mhlw.go.jp/ehime-roudoukyoku/content/contents/002646466.pdf,官公需情報ポータルAPI（全省庁）
2026-05-08 19:06:04,全国,厚生労働省愛媛労働局,役務,公共職業安定所等（南予地域）レイアウト変更に伴う什器類等調達及び移設等契約,2026-05-08,https://jsite.mhlw.go.jp/ehime-roudoukyoku/content/contents/002646467.pdf,官公需情報ポータルAPI（全省庁）
2026-05-08 19:06:04,全国,厚生労働省愛媛労働局,役務,公共職業安定所等（中予地域）レイアウト変更に伴う什器類等調達及び移設等契約,2026-05-08,https://jsite.mhlw.go.jp/ehime-roudoukyoku/content/contents/002646465.pdf,官公需情報ポータルAPI（全省庁）
2026-05-08 19:06:04,全国,厚生労働省愛媛労働局,その他,→入札説明書に対する質問及び回答,2026-05-08,https://jsite.mhlw.go.jp/ehime-roudoukyoku/content/contents/002646440.pdf,官公需情報ポータルAPI（全省庁）
2026-05-08 19:05:39,全国,国土交通省北海道開発局,役務,令和8～9年度 除雪トラック（10t級、6×6、IGSM）外9台（交換契約） (PDF:197KB),2026-05-08,https://www.hkd.mlit.go.jp/ky/ki/kaikei/jtfkjs0000003o8b-att/jtfkjs0000008a7v.pdf,官公需情報ポータルAPI（全省庁）
2026-05-08 19:05:25,全国,国家公安委員会（警察庁）群馬県警察,役務,群馬県警察学校生徒寮他空調及び衛生設備機器点検業務委託,2026-05-08,https://www.pref.gunma.jp/uploaded/attachment/700817.pdf,官公需情報ポータルAPI（全省庁）
2026-05-08 19:05:24,全国,環境省釧路自然環境事務所,委託,令和8年度釧路湿原国立公園インタープリテーション全体計画策定業務,2026-05-08,https://hokkaido.env.go.jp/kushiro/procure/procure_00266.html,官公需情報ポータルAPI（全省庁）
2026-05-08 19:05:21,全国,財務省関東財務局,物品,直結形ダンパ操作器ほかの購入,2026-05-08,https://lfb.mof.go.jp/kantou/content/20260508gouchou1.pdf,官公需情報ポータルAPI（全省庁）
2026-05-08 19:05:19,全国,法務省大阪法務局,委託,長期相続登記等未了土地解消事業（登記名義人２００人分）の委託一式,2026-05-08,https://houmukyoku.moj.go.jp/osaka/content/001462095.pdf,官公需情報ポータルAPI（全省庁）
2026-05-08 19:05:18,福井県,法務省福井地方法務局,委託,令和８年度長期相続登記等未了土地解消事業(登記名義人２００名分)の委託 一式,2026-05-08,https://houmukyoku.moj.go.jp/fukui/content/001462026.pdf,官公需情報ポータルAPI（対象5県）
2026-05-08 19:05:15,全国,環境省関東地方環境事務所,委託,令和８年度小笠原諸島母島南部地域における外来生物防除手法等検討業務,2026-05-08,https://kanto.env.go.jp/procure/procure_00427.html,官公需情報ポータルAPI（全省庁）
2026-05-08 19:05:13,全国,環境省関東地方環境事務所,委託,令和８年度那須平成の森モニタリング等調査業務,2026-05-08,https://kanto.env.go.jp/procure/procure_00428.html,官公需情報ポータルAPI（全省庁）
2026-05-08 19:05:11,全国,金融庁,委託,金融機関が行う預貯金口座の不正利用等防止の取組への協力要請に係る周知広報動画の広告出稿代行業務,2026-05-08,https://www.fsa.go.jp/choutatu/choutatu_j/R8/20260508.pdf,官公需情報ポータルAPI（全省庁）
2026-05-08 19:05:10,全国,環境省中国四国地方環境事務所,委託,令和８年度水島港周辺におけるヒアリ類等侵入状況確認調査業務,2026-05-08,https://chushikoku.env.go.jp/procure/procure_00231.html,官公需情報ポータルAPI（全省庁）
2026-05-08 19:05:08,全国,法務省釧路地方法務局,委託,長期相続登記等未了土地解消事業(登記名義人５０人分)の委託一式,2026-05-08,https://houmukyoku.moj.go.jp/kushiro/content/001462080.pdf,官公需情報ポータルAPI（全省庁）
2026-05-08 19:05:06,全国,国家公安委員会（警察庁）秋田県警察,物品,物品調達契約（液晶ペンタブレット 363台）,2026-05-08,https://www.police.pref.akita.lg.jp/uploads/contents/pages_0000000382_00/%E5%85%A5%E6%9C%AD%E5%85%AC%E5%91%8A%EF%BC%8F%E6%B6%B2%E6%99%B6%E3%83%9A%E3%83%B3%E3%82%BF%E3%83%96%E3%83%AC%E3%83%83%E3%83%88.pdf,官公需情報ポータルAPI（全省庁）
2026-05-08 19:05:06,全国,国家公安委員会（警察庁）秋田県警察,物品,物品調達契約（スキャナー（ミドルレンジモデル） 15台）,2026-05-08,https://www.police.pref.akita.lg.jp/uploads/contents/pages_0000000382_00/%E5%85%A5%E6%9C%AD%E5%85%AC%E5%91%8A%EF%BC%8F%E3%82%B9%E3%82%AD%E3%83%A3%E3%83%8A%E3%83%BC%EF%BC%88%E3%83%9F%E3%83%89%E3%83%AB%E3%83%AC%E3%83%B3%E3%82%B8%EF%BC%89.pdf,官公需情報ポータルAPI（全省庁）
2026-05-08 19:05:06,全国,国家公安委員会（警察庁）秋田県警察,物品,物品調達契約（スキャナー（デスクサイドモデル） 43台）,2026-05-08,https://www.police.pref.akita.lg.jp/uploads/contents/pages_0000000382_00/%E5%85%A5%E6%9C%AD%E5%85%AC%E5%91%8A%EF%BC%8F%E3%82%B9%E3%82%AD%E3%83%A3%E3%83%8A%E3%83%BC%EF%BC%88%E3%83%87%E3%82%B9%E3%82%AF%E3%82%B5%E3%82%A4%E3%83%89%EF%BC%89.pdf,官公需情報ポータルAPI（全省庁）
2026-05-08 19:05:05,岐阜県,国立大学法人東海国立大学機構岐阜大学,その他,医薬品エアウィン皮下注用４５ｍｇ 外 18品目,2026-05-08,https://www.gifu-u.ac.jp/about/financial_affairs/procurement/217be755740b17ee6e8ca491edd43687.pdf,官公需情報ポータルAPI（対象5県）
2026-05-08 19:05:05,岐阜県,国立大学法人東海国立大学機構岐阜大学,その他,医薬品アドセトリス点滴静注用50mg 外 8品目,2026-05-08,https://www.gifu-u.ac.jp/about/financial_affairs/procurement/3988e0d78e80121be138ef7f07d3038b.pdf,官公需情報ポータルAPI（対象5県）
2026-05-08 19:05:05,岐阜県,国立大学法人東海国立大学機構岐阜大学,その他,医薬品 1%ディプリバン注キット 外 246品目,2026-05-08,https://www.gifu-u.ac.jp/about/financial_affairs/procurement/16573ac913ff8f3379ef9fc2507190e7.pdf,官公需情報ポータルAPI（対象5県）
2026-05-08 19:05:05,全国,国土交通省中部地方整備局,物品,令和８年度 事業用自動車１台交換購入（高山国道）,2026-05-08,https://www.cbr.mlit.go.jp/contract/buppin/bukoukoku/data/pdf/pECYPturec20260430_7.pdf,官公需情報ポータルAPI（全省庁）
2026-04-27 19:07:27,全国,国家公安委員会（警察庁）兵庫県警察,物品,Ｘ線マイクロアナライザー付走査電子顕微鏡賃貸借,2026-05-08,https://www.police.pref.hyogo.lg.jp/chotatu/kou_data/2026/B26050801.pdf,官公需情報ポータルAPI（全省庁）
2026-05-08 19:26:02,全国,内閣官房,その他,食料安全保障に関する主食作物データの製作,2026-05-07,https://www.p-portal.go.jp/pps-web-biz/UAA01/OAA0101,官公需情報ポータルAPI（全省庁）
2026-05-08 19:26:02,全国,内閣官房,委託,令和８年度日ASEANサイバーセキュリティ政策会議等の開催、運営等の支援業務,2026-05-07,https://www.p-portal.go.jp/pps-web-biz/UAA01/OAA0101,官公需情報ポータルAPI（全省庁）
2026-05-08 19:26:02,全国,厚生労働省,役務,令和８年度定期健康診断業務委託（施設健診・東葛地域）,2026-05-07,https://www.p-portal.go.jp/pps-web-biz/UAA01/OAA0101,官公需情報ポータルAPI（全省庁）
2026-05-08 19:26:02,全国,厚生労働省,役務,令和８年度 定期健康診断（施設健診・千葉地域）及び情報機器作業検診業務委託,2026-05-07,https://www.p-portal.go.jp/pps-web-biz/UAA01/OAA0101,官公需情報ポータルAPI（全省庁）
2026-05-08 19:26:01,全国,内閣府,委託,郵送等による世論調査業務（令和８年度第６回）,2026-05-07,https://www.p-portal.go.jp/pps-web-biz/UAA01/OAA0101,官公需情報ポータルAPI（全省庁）
2026-05-08 19:26:01,全国,内閣府,物品,公用携帯電話（スマートフォン）の購入,2026-05-07,https://www.p-portal.go.jp/pps-web-biz/UAA01/OAA0101,官公需情報ポータルAPI（全省庁）
2026-05-08 19:26:01,全国,農林水産省,委託,令和８年度国有林GIS数値基本図修正等業務,2026-05-07,https://www.p-portal.go.jp/pps-web-biz/UAA01/OAA0101,官公需情報ポータルAPI（全省庁）
2026-05-08 19:26:00,全国,環境省,委託,［規制庁］令和8年度原子力施設等防災対策等委託費（メディア対応分析評価）事業,2026-05-07,https://www.p-portal.go.jp/pps-web-biz/UAA01/OAA0101,官公需情報ポータルAPI（全省庁）
2026-05-08 19:26:00,全国,国土交通省,役務,中央合同庁舎３号館トイレ改修作業,2026-05-07,https://www.p-portal.go.jp/pps-web-biz/UAA01/OAA0101,官公需情報ポータルAPI（全省庁）
2026-05-08 19:25:59,全国,国土交通省,物品,令和８年度 車両用燃料(軽油)の購入（６月～３月）（単価契約）（東京航空局 東京空港事務所）,2026-05-07,https://www.p-portal.go.jp/pps-web-biz/UAA01/OAA0101,官公需情報ポータルAPI（全省庁）
2026-05-08 19:25:59,全国,農林水産省,物品,令和8年度北海道森林管理局ＯＡ機器付属用品類単価契約,2026-05-07,https://www.p-portal.go.jp/pps-web-biz/UAA01/OAA0101,官公需情報ポータルAPI（全省庁）
2026-05-08 19:25:59,全国,農林水産省,役務,令和8年度北海道森林管理局沖プリンター用トナーカートリッジ等単価契約,2026-05-07,https://www.p-portal.go.jp/pps-web-biz/UAA01/OAA0101,官公需情報ポータルAPI（全省庁）
2026-05-08 19:25:59,全国,農林水産省,物品,令和8年度北海道森林管理局事務用品類単価契約,2026-05-07,https://www.p-portal.go.jp/pps-web-biz/UAA01/OAA0101,官公需情報ポータルAPI（全省庁）
2026-05-08 19:25:59,全国,農林水産省,役務,令和8年度北海道森林管理局リコープリンター用トナーカートリッジ等単価契約,2026-05-07,https://www.p-portal.go.jp/pps-web-biz/UAA01/OAA0101,官公需情報ポータルAPI（全省庁）
2026-05-08 19:25:59,全国,農林水産省,役務,令和8年度北海道森林管理局ファイル類単価契約,2026-05-07,https://www.p-portal.go.jp/pps-web-biz/UAA01/OAA0101,官公需情報ポータルAPI（全省庁）
2026-05-08 19:25:59,全国,農林水産省,役務,令和8年度北海道森林管理局テープカートリッジ単価契約,2026-05-07,https://www.p-portal.go.jp/pps-web-biz/UAA01/OAA0101,官公需情報ポータルAPI（全省庁）
2026-05-08 19:25:58,全国,法務省,役務,令和８年度播磨社会復帰促進センター６・７月期Ａ重油の単価契約,2026-05-07,https://www.p-portal.go.jp/pps-web-biz/UAA01/OAA0101,官公需情報ポータルAPI（全省庁）
2026-05-08 19:25:58,全国,農林水産省,役務,令和8年度北海道森林管理局生活雑貨類単価契約,2026-05-07,https://www.p-portal.go.jp/pps-web-biz/UAA01/OAA0101,官公需情報ポータルAPI（全省庁）
2026-05-08 19:25:57,全国,国土交通省,物品,ＣＣＳ－０７型通信制御装置等の部品の購入,2026-05-07,https://www.p-portal.go.jp/pps-web-biz/UAA01/OAA0101,官公需情報ポータルAPI（全省庁）
2026-05-08 19:25:57,全国,国土交通省,委託,令和８年度 国際航空のCO2削減に向けた長期目標達成のための調査,2026-05-07,https://www.p-portal.go.jp/pps-web-biz/UAA01/OAA0101,官公需情報ポータルAPI（全省庁）
2026-05-08 19:25:57,全国,法務省,役務,事務用プリンタ消耗品等供給単価契約,2026-05-07,https://www.p-portal.go.jp/pps-web-biz/UAA01/OAA0101,官公需情報ポータルAPI（全省庁）
2026-05-08 19:25:56,全国,厚生労働省,物品,令和８～12年度 徳島労働局 業務用自動車の賃貸借等に係る契約,2026-05-07,https://www.p-portal.go.jp/pps-web-biz/UAA01/OAA0101,官公需情報ポータルAPI（全省庁）
2026-05-08 19:25:56,全国,経済産業省,委託,令和８年度産業関係調査等事業（車体課税の見直しに関する調査）,2026-05-07,https://www.p-portal.go.jp/pps-web-biz/UAA01/OAA0101,官公需情報ポータルAPI（全省庁）
2026-05-08 19:25:55,全国,厚生労働省,物品,業務用冊子等印刷物製造契約（令和８年度-No.1）,2026-05-07,https://www.p-portal.go.jp/pps-web-biz/UAA01/OAA0101,官公需情報ポータルAPI（全省庁）
2026-05-08 19:25:54,全国,国土交通省,委託,令和８年度 中部地方整備局防災通信ネットワーク監視業務,2026-05-07,https://www.p-portal.go.jp/pps-web-biz/UAA01/OAA0101,官公需情報ポータルAPI（全省庁）
2026-05-08 19:25:53,全国,法務省,その他,被収容者用運動帽ほかの供給一式,2026-05-07,https://www.p-portal.go.jp/pps-web-biz/UAA01/OAA0101,官公需情報ポータルAPI（全省庁）
2026-05-08 19:25:53,全国,法務省,その他,被収容者用パジャマ供給一式,2026-05-07,https://www.p-portal.go.jp/pps-web-biz/UAA01/OAA0101,官公需情報ポータルAPI（全省庁）
2026-05-08 19:25:53,全国,厚生労働省,役務,令和８年度 カラー用紙の調達（単価契約）,2026-05-07,https://www.p-portal.go.jp/pps-web-biz/UAA01/OAA0101,官公需情報ポータルAPI（全省庁）
2026-05-08 19:25:52,全国,法務省,その他,被収容者用半袖シャツほか供給一式,2026-05-07,https://www.p-portal.go.jp/pps-web-biz/UAA01/OAA0101,官公需情報ポータルAPI（全省庁）
2026-05-08 19:25:50,全国,国土交通省,物品,ｼﾘﾝﾀﾞﾍﾂﾄﾞﾊﾟﾂｷﾝほか２２６点買入,2026-05-07,https://www.p-portal.go.jp/pps-web-biz/UAA01/OAA0101,官公需情報ポータルAPI（全省庁）
2026-05-07 19:11:38,岐阜県,大学共同利用機関法人自然科学研究機構核融合科学研究所,設計・測量・コンサル,超高温プラズマ発生装置設計とＲ＆Ｄ 一式,2026-05-07,https://www.nifs.ac.jp/procurement/kokoku20260507zuikei.pdf,官公需情報ポータルAPI（対象5県）
2026-05-07 19:11:38,岐阜県,独立行政法人国立病院機構長良医療センター,物品,超音波気管支ファイバービデオスコープ１台 購入,2026-05-07,https://nagara.hosp.go.jp/profession/bid/pdf/2026/nagara_bid_2026050702.pdf,官公需情報ポータルAPI（対象5県）
2026-05-07 19:11:38,岐阜県,独立行政法人国立病院機構長良医療センター,役務,臨床検査業務委託契約,2026-05-07,https://nagara.hosp.go.jp/profession/bid/pdf/2026/nagara_bid_2026050701.pdf,官公需情報ポータルAPI（対象5県）
2026-05-07 19:07:51,全国,国土交通省東北地方整備局三陸国道事務所,委託,公共嘱託登記業務単価契約(権利に関する登記),2026-05-07,https://www.thr.mlit.go.jp/sanriku/04_nyusatsu/data/2026/20260507_%E5%85%AC%E5%85%B1%E5%98%B1%E8%A8%97%E7%99%BB%E8%A8%98%E6%A5%AD%E5%8B%99%E5%8D%98%E4%BE%A1%E5%A5%91%E7%B4%84%EF%BC%88%E6%A8%A9%E5%88%A9%E3%81%AB%E9%96%A2%E3%81%99%E3%82%8B%E7%99%BB%E8%A8%98%EF%BC%89_20260611.pdf,官公需情報ポータルAPI（全省庁）
2026-05-07 19:07:49,全国,国土交通省東北地方整備局磐城国道事務所,委託,令和８年度公共嘱託登記業務単価契約（表示に関する登記）,2026-05-07,https://www.thr.mlit.go.jp/iwaki/agree/koukoku/pdf/eki_260507_01.pdf,官公需情報ポータルAPI（全省庁）
2026-05-07 19:07:49,全国,国土交通省東北地方整備局磐城国道事務所,委託,令和８年度公共嘱託登記業務単価契約（権利に関する登記）,2026-05-07,https://www.thr.mlit.go.jp/iwaki/agree/koukoku/pdf/eki_260507_02.pdf,官公需情報ポータルAPI（全省庁）
2026-05-07 19:07:35,全国,国家公安委員会（警察庁）福島県警察,設計・測量・コンサル,交通調査及び 交通管制センター機器等設計委託５−１業務,2026-05-07,https://www.police.pref.fukushima.jp/new/nyuusatu/R8nyuusatu/8-52koukoku.pdf,官公需情報ポータルAPI（全省庁）
2026-05-07 19:07:10,全国,国家公安委員会（警察庁）京都府警察,物品,令和8年5月7日公告分京都府警察公用車両任意自動車損害賠償保険に係る入札公告等,2026-05-07,https://www.pref.kyoto.jp/fukei/site/kaikei_f/nyuusatsu/documents/050701.pdf,官公需情報ポータルAPI（全省庁）
2026-05-07 19:07:09,全国,国家公安委員会（警察庁）京都府警察,物品,京都府警察本部本館中央監視装置及び自動制御機器保守点検業務,2026-05-07,https://www.pref.kyoto.jp/fukei/site/kaikei_f/nyuusatsu/documents/050701_1.pdf,官公需情報ポータルAPI（全省庁）
2026-05-07 19:06:37,全国,厚生労働省北海道労働局,物品,業務用冊子等印刷物製造契約（令和8年度-No.1）,2026-05-07,https://jsite.mhlw.go.jp/hokkaido-roudoukyoku/content/contents/002646402.pdf,官公需情報ポータルAPI（全省庁）
2026-05-07 19:06:26,全国,国家公安委員会（警察庁）宮崎県警察本部,物品,刑事手続IT化に伴う機器調達事業に係る一般競争入札の公告について,2026-05-07,https://www.pref.miyazaki.lg.jp/police/nyusatsujoho/nyusatsukokoku/r8/20251111113731.html,官公需情報ポータルAPI（全省庁）
2026-05-07 19:06:22,全国,防衛省防衛医科大学,その他,3_08-72-61A-7507.pdf,2026-05-07,https://www.ndmc.ac.jp/wp-content/uploads/2026/05/3_08-72-61A-7507.pdf,官公需情報ポータルAPI（全省庁）
2026-05-07 19:06:21,全国,国家公安委員会（警察庁）奈良県警察,その他,交通安全施設包括機械保険（中止）,2026-05-07,https://www.police.pref.nara.jp/cmsfiles/contents/0000007/7920/R8koukokuhken.pdf,官公需情報ポータルAPI（全省庁）
2026-05-07 19:06:21,全国,防衛省防衛医科大学,その他,7_08-72-61A-7511.pdf,2026-05-07,https://www.ndmc.ac.jp/wp-content/uploads/2026/05/7_08-72-61A-7511.pdf,官公需情報ポータルAPI（全省庁）
2026-05-07 19:06:21,全国,防衛省防衛医科大学,その他,6_08-72-61A-7510.pdf,2026-05-07,https://www.ndmc.ac.jp/wp-content/uploads/2026/05/6_08-72-61A-7510.pdf,官公需情報ポータルAPI（全省庁）
2026-05-07 19:06:21,全国,防衛省防衛医科大学,その他,5_08-72-61A-7509.pdf,2026-05-07,https://www.ndmc.ac.jp/wp-content/uploads/2026/05/5_08-72-61A-7509.pdf,官公需情報ポータルAPI（全省庁）
2026-05-07 19:06:21,全国,防衛省防衛医科大学,その他,4_08-72-61A-7508.pdf,2026-05-07,https://www.ndmc.ac.jp/wp-content/uploads/2026/05/4_08-72-61A-7508.pdf,官公需情報ポータルAPI（全省庁）
2026-05-07 19:05:27,全国,法務省福岡法務局,委託,長期相続登記等未了土地解消事業(登記名義人２００名分)の委託一式（令和８年度）,2026-05-07,https://houmukyoku.moj.go.jp/fukuoka/content/001461682.pdf,官公需情報ポータルAPI（全省庁）
2026-05-07 19:05:25,全国,国家公安委員会（警察庁）愛知県警察,物品,複写機の賃貸借契約にかかる見積競争,2026-05-07,https://www.pref.aichi.jp/police/shinsei/nyusatsu/kaikei/documents/080507mitsumori.pdf,官公需情報ポータルAPI（全省庁）
2026-05-07 19:05:21,全国,国家公安委員会（警察庁）群馬県警察,物品,現場写真作成用プリンターの購入,2026-05-07,https://www.pref.gunma.jp/uploaded/attachment/700518.pdf,官公需情報ポータルAPI（全省庁）
2026-05-07 19:05:20,岐阜県,国立大学法人東海国立大学機構岐阜大学,その他,診療材料 １ インセパックⅡ−Ｄ 外１４４品目,2026-05-07,https://www.gifu-u.ac.jp/about/financial_affairs/procurement/10819ffdb7936ffc70cdd64304f9c96e.pdf,官公需情報ポータルAPI（対象5県）
2026-05-07 19:05:20,岐阜県,国立大学法人東海国立大学機構岐阜大学,その他,"医療用液化酸素 予定数量 196,700 ㎏",2026-05-07,https://www.gifu-u.ac.jp/about/financial_affairs/procurement/0f2cd2bcefb3728ec99680d796dd2ca1.pdf,官公需情報ポータルAPI（対象5県）
2026-05-07 19:05:18,石川県,法務省金沢地方法務局,その他,令和８年度・令和９年度防災・まちづくり型法務局地図作成事業一式に係る入札公告,2026-05-07,https://houmukyoku.moj.go.jp/kanazawa/content/001461793.pdf,官公需情報ポータルAPI（対象5県）
2026-05-07 19:05:15,富山県,独立行政法人国立高等専門学校機構富山高等専門学校,その他,立形マシニングセンタ 一式,2026-05-07,https://www.nc-toyama.ac.jp/wp/wp-content/uploads/2026/05/353921ed709eee1f429eef257e0e6014.pdf,官公需情報ポータルAPI（対象5県）
2026-05-07 19:05:13,全国,法務省静岡地方法務局,委託,長期相続登記等未了土地解消事業（登記名義人２００名分）の委託一式,2026-05-07,https://houmukyoku.moj.go.jp/shizuoka/content/001461708.pdf,官公需情報ポータルAPI（全省庁）
2026-05-07 19:05:04,全国,国土交通省中部地方整備局,役務,令和８年度 中部地方整備局防災通信ネットワーク監視業務,2026-05-07,https://www.cbr.mlit.go.jp/contract/buppin/bukoukoku/data/pdf/hFfqUvMUwR20260430_2.pdf,官公需情報ポータルAPI（全省庁）
2026-05-13 19:06:00,全国,国土交通省航空局,その他,令和８年度航空保安情報ネットワークサービスの調達（その２）,2026-05-01,"https://www.mlit.go.jp""/common/001999063.pdf""",官公需情報ポータルAPI（全省庁）
2026-05-02 19:06:26,岐阜県,岐阜県岐阜市,その他,5月1日 電気調達 岐阜市芥見公民館ほか1施設で使用する電気,2026-05-01,https://www.city.gifu.lg.jp/_res/projects/default_project/_page_/001/039/661/koukoku.akutami.pdf,官公需情報ポータルAPI（対象5県）
2026-05-01 19:40:03,全国,財務省,役務,会計ソフトを利用した記帳指導の業務委託（区分４）,2026-05-01,https://www.p-portal.go.jp/pps-web-biz/UAA01/OAA0101,官公需情報ポータルAPI（全省庁）
2026-05-01 19:40:03,全国,財務省,役務,会計ソフトを利用した記帳指導の業務委託（区分３）,2026-05-01,https://www.p-portal.go.jp/pps-web-biz/UAA01/OAA0101,官公需情報ポータルAPI（全省庁）
2026-05-01 19:40:03,全国,財務省,役務,会計ソフトを利用した記帳指導の業務委託（区分２）,2026-05-01,https://www.p-portal.go.jp/pps-web-biz/UAA01/OAA0101,官公需情報ポータルAPI（全省庁）
2026-05-01 19:40:02,全国,財務省,役務,会計ソフトを利用した記帳指導の業務委託（区分１）,2026-05-01,https://www.p-portal.go.jp/pps-web-biz/UAA01/OAA0101,官公需情報ポータルAPI（全省庁）
2026-05-01 19:40:02,全国,法務省,物品,令和８年度第２四半期管内矯正施設用うるち玄米予定数量８７，１８０キログラム購入契約,2026-05-01,https://www.p-portal.go.jp/pps-web-biz/UAA01/OAA0101,官公需情報ポータルAPI（全省庁）
2026-05-01 19:40:02,全国,環境省,設計・測量・コンサル,令和８年度京都御苑管理事務所空調設備改修設計業務,2026-05-01,https://www.p-portal.go.jp/pps-web-biz/UAA01/OAA0101,官公需情報ポータルAPI（全省庁）
2026-05-01 19:40:02,全国,厚生労働省,委託,2025（令和７）年家庭の生活実態及び生活意識に関する調査 集計等業務一式,2026-05-01,https://www.p-portal.go.jp/pps-web-biz/UAA01/OAA0101,官公需情報ポータルAPI（全省庁）
2026-05-01 19:40:01,全国,消費者庁,委託,指定添加物「食用赤色１０４号」及び「食用赤色１０５号」の評価依頼に向けた概要書作成に係る業務,2026-05-01,https://www.p-portal.go.jp/pps-web-biz/UAA01/OAA0101,官公需情報ポータルAPI（全省庁）
2026-05-01 19:40:01,全国,厚生労働省,委託,令和８年度情報管理システム関係業務に係るサポート業務 一式,2026-05-01,https://www.p-portal.go.jp/pps-web-biz/UAA01/OAA0101,官公需情報ポータルAPI（全省庁）
2026-05-01 19:40:01,全国,文部科学省,その他,乗用自動車（ミニバン）の交換 一台,2026-05-01,https://www.p-portal.go.jp/pps-web-biz/UAA01/OAA0101,官公需情報ポータルAPI（全省庁）
2026-05-01 19:40:01,全国,国土交通省,物品,A重油買入（敦賀地下タンク：7～9月）,2026-05-01,https://www.p-portal.go.jp/pps-web-biz/UAA01/OAA0101,官公需情報ポータルAPI（全省庁）
2026-05-01 19:40:00,全国,農林水産省,委託,鉄板敷設業務単価契約（川井地区）,2026-05-01,https://www.p-portal.go.jp/pps-web-biz/UAA01/OAA0101,官公需情報ポータルAPI（全省庁）
2026-05-01 19:40:00,全国,農林水産省,委託,鉄板敷設業務単価契約（岩泉地区）,2026-05-01,https://www.p-portal.go.jp/pps-web-biz/UAA01/OAA0101,官公需情報ポータルAPI（全省庁）
2026-05-01 19:40:00,全国,外務省,委託,第７回「国際裁判機関等インターンシップ支援事業」業務一式,2026-05-01,https://www.p-portal.go.jp/pps-web-biz/UAA01/OAA0101,官公需情報ポータルAPI（全省庁）
2026-05-01 19:40:00,全国,厚生労働省,物品,凍結乾燥機の購入 一式,2026-05-01,https://www.p-portal.go.jp/pps-web-biz/UAA01/OAA0101,官公需情報ポータルAPI（全省庁）
2026-05-01 19:40:00,全国,法務省,役務,令和８年度第２四半期札幌刑務所等で使用するＡ重油（ボイラー用）供給契約,2026-05-01,https://www.p-portal.go.jp/pps-web-biz/UAA01/OAA0101,官公需情報ポータルAPI（全省庁）
2026-05-01 19:40:00,全国,法務省,委託,令和８年度岡山刑務所庁舎清掃業務請負契約,2026-05-01,https://www.p-portal.go.jp/pps-web-biz/UAA01/OAA0101,官公需情報ポータルAPI（全省庁）
2026-05-01 19:40:00,全国,法務省,役務,令和８年度及び令和９年度法務局地図作成事業請負契約,2026-05-01,https://www.p-portal.go.jp/pps-web-biz/UAA01/OAA0101,官公需情報ポータルAPI（全省庁）
2026-05-01 19:40:00,全国,厚生労働省,その他,レンタカー（軽自動車）の借り上げ 計5台,2026-05-01,https://www.p-portal.go.jp/pps-web-biz/UAA01/OAA0101,官公需情報ポータルAPI（全省庁）
2026-05-01 19:40:00,全国,経済産業省,委託,【本省】令和８年度産業サイバーセキュリティ強靭化事業（ソフトウェアのセキュリティ確保等に関する調査）,2026-05-01,https://www.p-portal.go.jp/pps-web-biz/UAA01/OAA0101,官公需情報ポータルAPI（全省庁）
2026-05-01 19:39:59,全国,国土交通省,物品,防蝕保護亜鉛完備品ほか１３３点買入れ（単価契約）,2026-05-01,https://www.p-portal.go.jp/pps-web-biz/UAA01/OAA0101,官公需情報ポータルAPI（全省庁）
2026-05-01 19:39:59,全国,法務省,委託,長期相続登記等未了土地解消事業(登記名義人３０名分)の委託一式,2026-05-01,https://www.p-portal.go.jp/pps-web-biz/UAA01/OAA0101,官公需情報ポータルAPI（全省庁）
2026-05-01 19:39:59,全国,こども家庭庁,委託,我が国企業における地域金融機関等と連携した両立環境支援等に関するデータ及び事例等の調査研究事業の実施に係る業務一式,2026-05-01,https://www.p-portal.go.jp/pps-web-biz/UAA01/OAA0101,官公需情報ポータルAPI（全省庁）
2026-05-01 19:39:59,全国,法務省,その他,令和７年度立川拘置所非常電鈴設備等更新,2026-05-01,https://www.p-portal.go.jp/pps-web-biz/UAA01/OAA0101,官公需情報ポータルAPI（全省庁）
2026-05-01 19:39:59,全国,法務省,役務,令和8年度大村入国管理センターにおける健康診断等業務委託,2026-05-01,https://www.p-portal.go.jp/pps-web-biz/UAA01/OAA0101,官公需情報ポータルAPI（全省庁）
2026-05-01 19:39:59,全国,経済産業省,委託,【資エ庁】令和８年度燃料安定供給対策調査等事業（資源の安定供給確保における税制度の在り方等に関する調査）,2026-05-01,https://www.p-portal.go.jp/pps-web-biz/UAA01/OAA0101,官公需情報ポータルAPI（全省庁）
2026-05-01 19:39:58,石川県,農林水産省,役務,六万山国有林森林整備事業（間伐）,2026-05-01,https://www.p-portal.go.jp/pps-web-biz/UAA01/OAA0101,官公需情報ポータルAPI（対象5県）
2026-05-01 19:39:58,全国,消費者庁,委託,食品表示のデジタル化のためのガイドライン作成に係る調査事業,2026-05-01,https://www.p-portal.go.jp/pps-web-biz/UAA01/OAA0101,官公需情報ポータルAPI（全省庁）
2026-05-01 19:39:58,全国,経済産業省,その他,【本省】令和８年度商取引・サービス環境の適正化に係る事業（スポーツリーグ・クラブのパートナーシップ形成促進及び経営基盤強化に向けた広報事業）,2026-05-01,https://www.p-portal.go.jp/pps-web-biz/UAA01/OAA0101,官公需情報ポータルAPI（全省庁）
2026-05-01 19:39:57,全国,財務省,役務,熊本国税局管内税務署･宿舎における建築物・建築設備点検業務委託,2026-05-01,https://www.p-portal.go.jp/pps-web-biz/UAA01/OAA0101,官公需情報ポータルAPI（全省庁）
2026-05-01 19:39:57,全国,国土交通省,役務,新福岡運輸支局で使用する電気の需給契約,2026-05-01,https://www.p-portal.go.jp/pps-web-biz/UAA01/OAA0101,官公需情報ポータルAPI（全省庁）
2026-05-01 19:39:57,全国,文部科学省,物品,乗用自動車（ミニバン）の購入 一台,2026-05-01,https://www.p-portal.go.jp/pps-web-biz/UAA01/OAA0101,官公需情報ポータルAPI（全省庁）
2026-05-01 19:39:57,全国,経済産業省,その他,【本省】令和８年度ヘルスケア産業基盤高度化推進事業（女性の健康・地域の健康経営推進事業）,2026-05-01,https://www.p-portal.go.jp/pps-web-biz/UAA01/OAA0101,官公需情報ポータルAPI（全省庁）
2026-05-01 19:39:56,全国,環境省,委託,令和８年度国設大気環境測定所微小粒子状物質濃度計(中国九州エリア)更新業務,2026-05-01,https://www.p-portal.go.jp/pps-web-biz/UAA01/OAA0101,官公需情報ポータルAPI（全省庁）
2026-05-01 19:39:56,全国,経済産業省,委託,令和８年度固定価格買取制度等効率的・安定的運用業務事業 （地域と共生した再エネ導入プロセス整理・課題解決支援事業）,2026-05-01,https://www.p-portal.go.jp/pps-web-biz/UAA01/OAA0101,官公需情報ポータルAPI（全省庁）
2026-05-01 19:39:55,全国,法務省,役務,令和８年度医薬品共同調達契約（医療用医薬品）,2026-05-01,https://www.p-portal.go.jp/pps-web-biz/UAA01/OAA0101,官公需情報ポータルAPI（全省庁）
2026-05-01 19:39:55,全国,国土交通省,その他,令和8年度航空保安情報ネットワークサービスの調達（その２）,2026-05-01,https://www.p-portal.go.jp/pps-web-biz/UAA01/OAA0101,官公需情報ポータルAPI（全省庁）
2026-05-01 19:39:54,全国,法務省,委託,長期相続登記等未了土地解消事業関係委託契約,2026-05-01,https://www.p-portal.go.jp/pps-web-biz/UAA01/OAA0101,官公需情報ポータルAPI（全省庁）
2026-05-01 19:39:54,全国,法務省,委託,長期相続登記等未了土地解消事業(登記名義人２００名分)の委託 一式,2026-05-01,https://www.p-portal.go.jp/pps-web-biz/UAA01/OAA0101,官公需情報ポータルAPI（全省庁）
2026-05-01 19:39:54,全国,環境省,委託,令和８年度資源循環の促進のための再資源化事業等の高度化に関する法律に係るケーススタディ制作業務[総合評価落札方式],2026-05-01,https://www.p-portal.go.jp/pps-web-biz/UAA01/OAA0101,官公需情報ポータルAPI（全省庁）
2026-05-01 19:39:54,全国,法務省,役務,【横浜地方検察庁】六法全書（令和８年版）等２２７冊供給契約,2026-05-01,https://www.p-portal.go.jp/pps-web-biz/UAA01/OAA0101,官公需情報ポータルAPI（全省庁）
2026-05-01 19:39:54,全国,財務省,物品,【仙台国税局】黒石税務署ほか10税務署構内交換電話設備一式に係る賃貸借及び保守業務,2026-05-01,https://www.p-portal.go.jp/pps-web-biz/UAA01/OAA0101,官公需情報ポータルAPI（全省庁）
2026-05-01 19:39:53,全国,農林水産省,役務,８年度日高北部署【日勝地区】保全整備（保育間伐等・地拵・植付） 第６号,2026-05-01,https://www.p-portal.go.jp/pps-web-biz/UAA01/OAA0101,官公需情報ポータルAPI（全省庁）
2026-05-01 19:39:53,全国,農林水産省,役務,８年度日高北部署【富岡地区】保全整備（保育間伐等・地拵・植付） 第５号,2026-05-01,https://www.p-portal.go.jp/pps-web-biz/UAA01/OAA0101,官公需情報ポータルAPI（全省庁）
2026-05-01 19:39:53,全国,厚生労働省,物品,雇用継続給付制度、就業促進給付制度、教育訓練給付制度及び育児休業等給付制度の周知用リーフレットの印刷,2026-05-01,https://www.p-portal.go.jp/pps-web-biz/UAA01/OAA0101,官公需情報ポータルAPI（全省庁）
2026-05-01 19:39:53,全国,厚生労働省,委託,障害福祉関係手続共通化システムの構築・移行支援【フェーズ１】委託事業（令和８年度）,2026-05-01,https://www.p-portal.go.jp/pps-web-biz/UAA01/OAA0101,官公需情報ポータルAPI（全省庁）
2026-05-01 19:39:53,全国,こども家庭庁,委託,発達の多様性や生活状況等を踏まえた支援の強化に向けた実態調査・分析等業務一式,2026-05-01,https://www.p-portal.go.jp/pps-web-biz/UAA01/OAA0101,官公需情報ポータルAPI（全省庁）
2026-05-01 19:39:53,全国,経済産業省,その他,令和８年度知財経営推進ベストプラクティス創出事業,2026-05-01,https://www.p-portal.go.jp/pps-web-biz/UAA01/OAA0101,官公需情報ポータルAPI（全省庁）
2026-05-01 19:39:53,全国,法務省,役務,令和７年度名古屋拘置所設備緊急整備（空調設備更新等整備）契約（補正）,2026-05-01,https://www.p-portal.go.jp/pps-web-biz/UAA01/OAA0101,官公需情報ポータルAPI（全省庁）
2026-05-01 19:39:53,全国,デジタル庁東京都,委託,ガバメントクラウドにおける暗号鍵管理環境の構築ツールの開発業務（令和８年度）,2026-05-01,https://www.p-portal.go.jp/pps-web-biz/UAA01/OAA0101,官公需情報ポータルAPI（全省庁）
2026-05-01 19:39:53,全国,デジタル庁東京都,その他,ガバメントクラウドにおけるヘルプデスクツール（Zendesk）ライセンスの更新（令和８年７月～令和９年６月）,2026-05-01,https://www.p-portal.go.jp/pps-web-biz/UAA01/OAA0101,官公需情報ポータルAPI（全省庁）
2026-05-01 19:07:21,全国,国家公安委員会（警察庁）宮崎県警察本部,役務,ヘリコプターパイロット養成業務委託に係る一般競争入札の公告,2026-05-01,https://www.pref.miyazaki.lg.jp/police/nyusatsujoho/nyusatsukokoku/r8/20260426152926.html,官公需情報ポータルAPI（全省庁）
2026-05-01 19:07:19,全国,国家公安委員会（警察庁）宮崎県警察本部,役務,宮崎県警察本部通信指令システム設計業務委託に係る一般競争入札の公告,2026-05-01,https://www.pref.miyazaki.lg.jp/police/nyusatsujoho/nyusatsukokoku/r8/20260426161612.html,官公需情報ポータルAPI（全省庁）
2026-05-01 19:07:19,全国,国家公安委員会（警察庁）宮崎県警察本部,役務,宮崎北署LAN配線更新作業業務委託に係る一般競争入札公告,2026-05-01,https://www.pref.miyazaki.lg.jp/police/nyusatsujoho/nyusatsukokoku/r8/20260422194750.html,官公需情報ポータルAPI（全省庁）
2026-05-01 19:06:56,新潟県,新潟県新潟市,その他,08wto-koukoku27.pdf,2026-05-01,https://www.city.niigata.lg.jp/business/keiyaku/keiyaku_top/kokoku/reiwa08-wto-koukoku.files/08wto-koukoku27.pdf,官公需情報ポータルAPI（対象5県）
2026-05-01 19:06:54,全国,国家公安委員会（警察庁）科学警察研究所,委託,実験作業委託（心理生理学的実験） [PDF 64.5 KB],2026-05-01,https://www.npa.go.jp/nrips/jp/notification/data/94d2aa59d3ae91257907a6ec5501afed5da4ef03.pdf,官公需情報ポータルAPI（全省庁）
2026-05-01 19:06:38,全国,国家公安委員会（警察庁）奈良県警察,委託,交通信号機保守点検（球取替）委託,2026-05-01,https://www.police.pref.nara.jp/cmsfiles/contents/0000007/7913/koukoku.pdf,官公需情報ポータルAPI（全省庁）
2026-05-01 19:05:38,全国,厚生労働省鳥取労働局,委託,入札情報（委託事業）,2026-05-01,https://jsite.mhlw.go.jphttps://jsite.mhlw.go.jp/tottori-roudoukyoku/newpage_02793.html,官公需情報ポータルAPI（全省庁）
2026-05-01 19:05:29,全国,法務省那覇地方法務局,委託,長期相続登記等未了土地解消事業(登記名義人１１０名分)の委託 一式,2026-05-01,https://houmukyoku.moj.go.jp/naha/content/001461772.pdf,官公需情報ポータルAPI（全省庁）
2026-05-01 19:05:28,岐阜県,独立行政法人国立高等専門学校機構岐阜工業高等専門学校,その他,デザインラボ更改 一式（234KB）,2026-05-01,https://www.gifu-nct.ac.jp/uploads/2524/1_1.pdf,官公需情報ポータルAPI（対象5県）
2026-05-01 19:05:25,全国,環境省東北地方環境事務所,委託,令和８年度十和田八幡平国立公園（十和田湖地域）インタープリ テーション推進業務,2026-05-01,https://tohoku.env.go.jp/procure/procure_00284.html,官公需情報ポータルAPI（全省庁）
2026-05-01 19:05:12,全国,環境省関東地方環境事務所,委託,令和８年度母島属島ネズミモニタリング調査業務,2026-05-01,https://kanto.env.go.jp/procure/procure_00426.html,官公需情報ポータルAPI（全省庁）
2026-05-01 19:05:11,全国,国家公安委員会（警察庁）関東管区警察局,委託,サイバー技術専科委託教養,2026-05-01,https://www.kanto.npa.go.jp/choutatsu/ippan/nyusatsu/n-gakkou-20260501-0630_1.pdf,官公需情報ポータルAPI（全省庁）
2026-05-01 19:05:10,全国,法務省横浜地方法務局,委託,長期相続登記等未了土地解消事業(登記名義人２００名分)の委託一式,2026-05-01,https://houmukyoku.moj.go.jp/yokohama/content/001461805.pdf,官公需情報ポータルAPI（全省庁）
2026-05-01 19:05:10,全国,国家公安委員会（警察庁）関東管区警察局,役務,【電子可】通信施設点検作業,2026-05-01,https://www.kanto.npa.go.jp/choutatsu/ippan/nyusatsu/n-niigata-20260501-0522.pdf,官公需情報ポータルAPI（全省庁）
2026-05-01 19:05:09,全国,国家公安委員会（警察庁）山口県警察,その他,三次元レーザー計測図化システム 1式 （PDF：128KB）,2026-05-01,https://www.pref.yamaguchi.lg.jp/uploaded/attachment/239510.pdf,官公需情報ポータルAPI（全省庁）
2026-05-01 19:05:08,全国,国家公安委員会（警察庁）山口県警察,その他,携帯電話機解析用資機材ライセンス （PDF：115KB）,2026-05-01,https://www.pref.yamaguchi.lg.jp/uploaded/attachment/239508.pdf,官公需情報ポータルAPI（全省庁）
2026-05-01 19:05:08,全国,財務省東京税関,物品,国際郵便物税関検査装置関連機器の更新及び改修（PDF：200KB）,2026-05-01,https://www.customs.go.jp/kyotsu/chotatsu/seifu/s_tokyo/R8tougai.pdf,官公需情報ポータルAPI（全省庁）
2026-05-01 19:05:08,全国,国家公安委員会（警察庁）山口県警察,委託,交通信号機等監視制御モバイルネットワーク回線サービス業務 一式 （PDF：201KB）,2026-05-01,https://www.pref.yamaguchi.lg.jp/uploaded/attachment/239509.pdf,官公需情報ポータルAPI（全省庁）
2026-05-01 19:05:07,全国,財務省東京税関,その他,令和７年度（補正予算） 携帯型蛍光Ｘ線分析計の調達（PDF：180KB）,2026-05-01,https://www.customs.go.jp/kyotsu/chotatsu/seifu/s_tokyo/cjc20260501_R7hosei_KeikoX.pdf,官公需情報ポータルAPI（全省庁）
2026-05-01 19:05:06,全国,法務省函館地方法務局,委託,長期相続登記等未了土地解消事業（登記名義人３０名 分）の委託 一式,2026-05-01,https://houmukyoku.moj.go.jp/hakodate/content/001461960.pdf,官公需情報ポータルAPI（全省庁）
2026-04-30 19:27:16,全国,農林水産省,委託,山乗国有林数量調査業務請負,2026-04-30,https://www.p-portal.go.jp/pps-web-biz/UAA01/OAA0101,官公需情報ポータルAPI（全省庁）
2026-04-30 19:27:16,全国,国家公安委員会（警察庁）,役務,【東北管区警察局岩手県情報通信部】通信施設点検作業業務委託,2026-04-30,https://www.p-portal.go.jp/pps-web-biz/UAA01/OAA0101,官公需情報ポータルAPI（全省庁）
2026-04-30 19:27:15,全国,国土交通省,物品,ＣＰＰ装置交換部品１式ほか５点買入,2026-04-30,https://www.p-portal.go.jp/pps-web-biz/UAA01/OAA0101,官公需情報ポータルAPI（全省庁）
2026-04-30 19:27:15,全国,国土交通省,物品,軽油（免税）買入（徳山港）（６・７月）,2026-04-30,https://www.p-portal.go.jp/pps-web-biz/UAA01/OAA0101,官公需情報ポータルAPI（全省庁）
2026-04-30 19:27:15,全国,厚生労働省,委託,病床数適正化緊急支援事業に係るデータ処理・分析等業務一式,2026-04-30,https://www.p-portal.go.jp/pps-web-biz/UAA01/OAA0101,官公需情報ポータルAPI（全省庁）
2026-04-30 19:27:15,全国,経済産業省,委託,【特許庁】令和８年度地域団体商標活用支援事業,2026-04-30,https://www.p-portal.go.jp/pps-web-biz/UAA01/OAA0101,官公需情報ポータルAPI（全省庁）
2026-04-30 19:27:14,新潟県,国土交通省,物品,「白山」センサー類購入,2026-04-30,https://www.p-portal.go.jp/pps-web-biz/UAA01/OAA0101,官公需情報ポータルAPI（対象5県）
2026-04-30 19:27:14,全国,国土交通省,その他,ＴＤＵ－１４Ｃ型管制情報表示装置７式の製造,2026-04-30,https://www.p-portal.go.jp/pps-web-biz/UAA01/OAA0101,官公需情報ポータルAPI（全省庁）
2026-04-30 19:27:14,全国,国土交通省,その他,ＣＣＳ－１４Ａ型通信制御装置１式の製造,2026-04-30,https://www.p-portal.go.jp/pps-web-biz/UAA01/OAA0101,官公需情報ポータルAPI（全省庁）
2026-04-30 19:27:14,全国,法務省,委託,長期相続登記等未了土地解消事業(登記名義人２００名分)の委託一式,2026-04-30,https://www.p-portal.go.jp/pps-web-biz/UAA01/OAA0101,官公需情報ポータルAPI（全省庁）
2026-04-30 19:27:14,全国,法務省,その他,長期相続登記等未了土地解消事業,2026-04-30,https://www.p-portal.go.jp/pps-web-biz/UAA01/OAA0101,官公需情報ポータルAPI（全省庁）
2026-04-30 19:27:14,全国,農林水産省,委託,令和８年度森林整備保全事業推進調査（森林の多面的機能に係る知見の調査・分析）,2026-04-30,https://www.p-portal.go.jp/pps-web-biz/UAA01/OAA0101,官公需情報ポータルAPI（全省庁）
2026-04-30 19:27:14,全国,農林水産省,委託,令和８年度家具等における国産広葉樹利活用に向けた需要動向等調査委託事業,2026-04-30,https://www.p-portal.go.jp/pps-web-biz/UAA01/OAA0101,官公需情報ポータルAPI（全省庁）
2026-04-30 19:27:14,全国,内閣府,委託,令和８年度企業防災力向上のための事業継続計画（BCP）策定・運用に関する調査・検討業務,2026-04-30,https://www.p-portal.go.jp/pps-web-biz/UAA01/OAA0101,官公需情報ポータルAPI（全省庁）
2026-04-30 19:27:14,全国,法務省,役務,令和８年度うるち玄米一括調達契約（第２四半期）,2026-04-30,https://www.p-portal.go.jp/pps-web-biz/UAA01/OAA0101,官公需情報ポータルAPI（全省庁）
2026-04-30 19:27:14,全国,経済産業省,委託,【本省】令和８年度技術開発調査等の推進事業費（容器包装リサイクル推進調査）,2026-04-30,https://www.p-portal.go.jp/pps-web-biz/UAA01/OAA0101,官公需情報ポータルAPI（全省庁）
2026-04-30 19:27:13,全国,農林水産省,物品,東北森林管理局 入札番号第１号 令和８年度車両（バス）賃貸借運行業務（単価契約）,2026-04-30,https://www.p-portal.go.jp/pps-web-biz/UAA01/OAA0101,官公需情報ポータルAPI（全省庁）
2026-04-30 19:27:12,新潟県,国土交通省,物品,Ａ重油買入（新潟港、R8.5.22~R8.5.31）,2026-04-30,https://www.p-portal.go.jp/pps-web-biz/UAA01/OAA0101,官公需情報ポータルAPI（対象5県）
2026-04-30 19:27:12,全国,法務省,物品,東京出入国在留管理局における自動車（マイクロバス）１台交換購入契約,2026-04-30,https://www.p-portal.go.jp/pps-web-biz/UAA01/OAA0101,官公需情報ポータルAPI（全省庁）
2026-04-30 19:27:12,全国,農林水産省,その他,国有林野施業実施計画図及び森林位置図作製,2026-04-30,https://www.p-portal.go.jp/pps-web-biz/UAA01/OAA0101,官公需情報ポータルAPI（全省庁）
2026-04-30 19:27:12,全国,財務省,物品,図書管理システムサーバ機器及び業務端末の賃貸借,2026-04-30,https://www.p-portal.go.jp/pps-web-biz/UAA01/OAA0101,官公需情報ポータルAPI（全省庁）
2026-04-30 19:27:12,全国,環境省,委託,令和８年度自然再生活動の持続的発展に向けた先行事例・課題等調査業務[総合評価落札方式],2026-04-30,https://www.p-portal.go.jp/pps-web-biz/UAA01/OAA0101,官公需情報ポータルAPI（全省庁）
2026-04-30 19:27:12,全国,経済産業省,その他,【資エ庁】令和８年度エネルギー構造高度化・転換理解促進広報事業（次世代層へのエネルギー理解促進事業）,2026-04-30,https://www.p-portal.go.jp/pps-web-biz/UAA01/OAA0101,官公需情報ポータルAPI（全省庁）
2026-04-30 19:27:11,全国,財務省,委託,年末調整関係諸用紙及び法定調書関係諸用紙の封入業務（第９グループ）,2026-04-30,https://www.p-portal.go.jp/pps-web-biz/UAA01/OAA0101,官公需情報ポータルAPI（全省庁）
2026-04-30 19:27:11,全国,財務省,委託,年末調整関係諸用紙及び法定調書関係諸用紙の封入業務（第８グループ）,2026-04-30,https://www.p-portal.go.jp/pps-web-biz/UAA01/OAA0101,官公需情報ポータルAPI（全省庁）
2026-04-30 19:27:11,全国,財務省,委託,年末調整関係諸用紙及び法定調書関係諸用紙の封入業務（第７グループ）,2026-04-30,https://www.p-portal.go.jp/pps-web-biz/UAA01/OAA0101,官公需情報ポータルAPI（全省庁）
2026-04-30 19:27:11,全国,財務省,委託,年末調整関係諸用紙及び法定調書関係諸用紙の封入業務（第６グループ）,2026-04-30,https://www.p-portal.go.jp/pps-web-biz/UAA01/OAA0101,官公需情報ポータルAPI（全省庁）
2026-04-30 19:27:11,全国,財務省,委託,年末調整関係諸用紙及び法定調書関係諸用紙の封入業務（第５グループ）,2026-04-30,https://www.p-portal.go.jp/pps-web-biz/UAA01/OAA0101,官公需情報ポータルAPI（全省庁）
2026-04-30 19:27:11,全国,財務省,委託,年末調整関係諸用紙及び法定調書関係諸用紙の封入業務（第４グループ）,2026-04-30,https://www.p-portal.go.jp/pps-web-biz/UAA01/OAA0101,官公需情報ポータルAPI（全省庁）
2026-04-30 19:27:11,全国,財務省,委託,年末調整関係諸用紙及び法定調書関係諸用紙の封入業務（第３グループ）,2026-04-30,https://www.p-portal.go.jp/pps-web-biz/UAA01/OAA0101,官公需情報ポータルAPI（全省庁）
2026-04-30 19:27:11,全国,財務省,委託,年末調整関係諸用紙及び法定調書関係諸用紙の封入業務（第２グループ）,2026-04-30,https://www.p-portal.go.jp/pps-web-biz/UAA01/OAA0101,官公需情報ポータルAPI（全省庁）
2026-04-30 19:27:11,全国,法務省,役務,令和８年度旭川刑務所熱源及び空調設備点検保守等業務委託契約,2026-04-30,https://www.p-portal.go.jp/pps-web-biz/UAA01/OAA0101,官公需情報ポータルAPI（全省庁）
2026-04-30 19:27:10,全国,外務省,物品,在外公館向け日本酒・焼酎・泡盛の購入に係る単価契約713品目,2026-04-30,https://www.p-portal.go.jp/pps-web-biz/UAA01/OAA0101,官公需情報ポータルAPI（全省庁）
2026-04-30 19:27:10,全国,厚生労働省,委託,分娩取扱施設における医療やサービスの実態調査に係る業務一式,2026-04-30,https://www.p-portal.go.jp/pps-web-biz/UAA01/OAA0101,官公需情報ポータルAPI（全省庁）
2026-04-30 19:27:10,全国,国土交通省,役務,令和8年度那覇空港8000立給水車(沖縄800は2182)外3台定期点検整備,2026-04-30,https://www.p-portal.go.jp/pps-web-biz/UAA01/OAA0101,官公需情報ポータルAPI（全省庁）
2026-04-30 19:27:10,全国,国土交通省,役務,令和8年度那覇空港10000立級化学消防車(沖縄800は1323)定期点検整備,2026-04-30,https://www.p-portal.go.jp/pps-web-biz/UAA01/OAA0101,官公需情報ポータルAPI（全省庁）
2026-04-30 19:27:10,全国,国土交通省,役務,中央合同庁舎第３号館５階系統空調設備更新作業,2026-04-30,https://www.p-portal.go.jp/pps-web-biz/UAA01/OAA0101,官公需情報ポータルAPI（全省庁）
2026-04-30 19:27:08,新潟県,国土交通省,物品,軽油（免税）買入（佐渡地区R8.6~R9.3）,2026-04-30,https://www.p-portal.go.jp/pps-web-biz/UAA01/OAA0101,官公需情報ポータルAPI（対象5県）
2026-04-30 19:27:08,全国,防衛省,委託,新田原飛行場周辺（８）航空機騒音度調査業務,2026-04-30,https://www.p-portal.go.jp/pps-web-biz/UAA01/OAA0101,官公需情報ポータルAPI（全省庁）
2026-04-30 19:27:08,全国,環境省,委託,令和８年度環境法令に係る申請・届出手続における共通システムへの導入に向けた調査検討業務[総合評価落札方式],2026-04-30,https://www.p-portal.go.jp/pps-web-biz/UAA01/OAA0101,官公需情報ポータルAPI（全省庁）
2026-04-30 19:27:08,全国,国家公安委員会（警察庁）,役務,【茨城県情報通信部】通信施設点検作業,2026-04-30,https://www.p-portal.go.jp/pps-web-biz/UAA01/OAA0101,官公需情報ポータルAPI（全省庁）
2026-04-30 19:27:08,全国,国土交通省,委託,R8-12国営吉野ヶ里歴史公園運営維持管理業務,2026-04-30,https://www.p-portal.go.jp/pps-web-biz/UAA01/OAA0101,官公需情報ポータルAPI（全省庁）
2026-04-30 19:27:07,全国,厚生労働省,物品,松江公共職業安定所外１施設における備品等の購入及びレイアウト変更等作業,2026-04-30,https://www.p-portal.go.jp/pps-web-biz/UAA01/OAA0101,官公需情報ポータルAPI（全省庁）
2026-04-30 19:27:07,全国,財務省,委託,全国財務（支）局等におけるマネジメント研修実施業務（令和８年度）,2026-04-30,https://www.p-portal.go.jp/pps-web-biz/UAA01/OAA0101,官公需情報ポータルAPI（全省庁）
2026-04-30 19:27:07,全国,法務省,役務,令和８年６月及び７月使用分燃料用A重油（第１種２号）供給契約,2026-04-30,https://www.p-portal.go.jp/pps-web-biz/UAA01/OAA0101,官公需情報ポータルAPI（全省庁）
2026-04-30 19:27:07,全国,財務省,委託,令和８年度健康診断業務,2026-04-30,https://www.p-portal.go.jp/pps-web-biz/UAA01/OAA0101,官公需情報ポータルAPI（全省庁）
2026-04-30 19:27:07,全国,国家公安委員会（警察庁）,役務,【中国四国管区警察局山口県情報通信部】通信施設清掃点検等業務委託,2026-04-30,https://www.p-portal.go.jp/pps-web-biz/UAA01/OAA0101,官公需情報ポータルAPI（全省庁）
2026-04-30 19:27:07,全国,国家公安委員会（警察庁）,役務,【中国四国管区警察局山口県情報通信部】制御弁式据置鉛蓄電池役務付購入,2026-04-30,https://www.p-portal.go.jp/pps-web-biz/UAA01/OAA0101,官公需情報ポータルAPI（全省庁）
2026-04-30 19:11:39,全国,国家公安委員会（警察庁）皇宮警察本部,その他,男性皇宮護衛官用 第二種防寒服アウター 外１点,2026-04-30,https://www.npa.go.jp/kougu/keiyaku/pdf1/R8.4.30-5.19boukanhuku.pdf,官公需情報ポータルAPI（全省庁）
2026-04-30 19:08:41,全国,国土交通省北海道開発局室蘭開発建設部,その他,樽前山火山監視設備製造及び据付調整 (PDF:99.5KB),2026-04-30,https://www.hkd.mlit.go.jp/mr/keiyaku/tn6s9g00000002cp-att/aa14720000001y67.pdf,官公需情報ポータルAPI（全省庁）
2026-04-30 19:08:20,新潟県,新潟県新発田市,役務,令和8年4月30日 学校飲料水・プール水・雑用水水質検査業務委託,2026-04-30,https://www.city.shibata.lg.jp/_res/projects/default_project/_page_/001/031/127/93koukoku.pdf,官公需情報ポータルAPI（対象5県）
2026-04-30 19:08:18,新潟県,新潟県新発田市,役務,令和8年4月30日 配浄第3号配水施設発電機点検整備業務委託,2026-04-30,https://www.city.shibata.lg.jp/_res/projects/default_project/_page_/001/031/140/92koukoku.pdf,官公需情報ポータルAPI（対象5県）
2026-04-30 19:06:51,全国,法務省山口地方法務局,委託,長期相続登記等未了土地解消事業(登記名義人２００名分)の委託契約,2026-04-30,https://houmukyoku.moj.go.jp/yamaguchi/content/001461926.pdf,官公需情報ポータルAPI（全省庁）
2026-04-30 19:06:50,全国,法務省広島法務局,委託,長期相続登記等未了土地解消事業（登記名義人２００名分）の委託 一式,2026-04-30,https://houmukyoku.moj.go.jp/hiroshima/content/001461801.pdf,官公需情報ポータルAPI（全省庁）
2026-04-30 19:06:49,全国,法務省京都地方法務局,委託,長期相続登記等未了土地解消事業（登記名義人２００名分）の委託一式,2026-04-30,https://houmukyoku.moj.go.jp/kyoto/content/001461683.pdf,官公需情報ポータルAPI（全省庁）
2026-04-30 19:06:42,全国,法務省青森地方法務局,委託,長期相続登記未了土地解消事業（登記名義人２００名）の委託一式,2026-04-30,https://houmukyoku.moj.go.jp/aomori/content/001461939.pdf,官公需情報ポータルAPI（全省庁）
2026-04-30 19:06:41,全国,法務省秋田地方法務局,その他,防災・まちづくり型法務局地図作成事業,2026-04-30,https://houmukyoku.moj.go.jp/akita/content/001461934.pdf,官公需情報ポータルAPI（全省庁）
2026-04-30 19:06:41,全国,法務省青森地方法務局,役務,土地閉鎖登記簿電子化作業一式,2026-04-30,https://houmukyoku.moj.go.jp/aomori/content/001461941.pdf,官公需情報ポータルAPI（全省庁）
2026-04-30 19:06:40,全国,法務省仙台法務局,委託,長期相続登記等未了土地解消作業（登記名義人２００名分）の委託一式,2026-04-30,https://houmukyoku.moj.go.jp/sendai/content/001461929.pdf,官公需情報ポータルAPI（全省庁）
2026-04-30 19:06:13,石川県,独立行政法人国立病院機構金沢医療センター,物品,入札公告（心筋焼灼術賃貸借 一式）,2026-04-30,https://kanazawa.hosp.go.jp/profession/bid/pdf/nyuusatsu/bid_20260430_2.pdf,官公需情報ポータルAPI（対象5県）
2026-04-30 19:06:13,石川県,独立行政法人国立病院機構金沢医療センター,物品,入札公告（前立腺肥大治療システム賃貸借 一式）,2026-04-30,https://kanazawa.hosp.go.jp/profession/bid/pdf/nyuusatsu/bid_20260430_1.pdf,官公需情報ポータルAPI（対象5県）
2026-04-30 19:06:00,全国,国家公安委員会（警察庁）群馬県警察,役務,警察自動車等任意保険契約,2026-04-30,https://www.pref.gunma.jp/uploaded/attachment/700024.pdf,官公需情報ポータルAPI（全省庁）
2026-04-30 19:05:23,全国,国家公安委員会（警察庁）関東管区警察局,役務,通信施設点検作業,2026-04-30,https://www.kanto.npa.go.jp/choutatsu/ippan/nyusatsu/n_ibaraki_20260430-0520.pdf,官公需情報ポータルAPI（全省庁）
2026-04-30 19:27:14,全国,農林水産省,その他,令和８年度木材の生産・流通特性を踏まえた合理的な価格形成促進事業,2026-04-28,https://www.p-portal.go.jp/pps-web-biz/UAA01/OAA0101,官公需情報ポータルAPI（全省庁）
2026-04-30 19:05:17,全国,厚生労働省島根労働局,物品,松江公共職業安定所外1施設における備品等の購入及びレイアウト変更等作業契約,2026-04-28,https://jsite.mhlw.go.jp/shimane-roudoukyoku/content/contents/002638887.pdf,官公需情報ポータルAPI（全省庁）
2026-04-28 19:23:42,全国,防衛省,役務,防衛省ＯＡシステム基盤の撤去作業役務,2026-04-28,https://www.p-portal.go.jp/pps-web-biz/UAA01/OAA0101,官公需情報ポータルAPI（全省庁）
2026-04-28 19:23:42,全国,防衛省,役務,新規参入に係る手順書作成に関する支援役務（カドミウムめっき）,2026-04-28,https://www.p-portal.go.jp/pps-web-biz/UAA01/OAA0101,官公需情報ポータルAPI（全省庁）
2026-04-28 19:23:42,全国,国土交通省,役務,建築物・建築設備点検業務委託（福井海上保安署ほか25件）,2026-04-28,https://www.p-portal.go.jp/pps-web-biz/UAA01/OAA0101,官公需情報ポータルAPI（全省庁）
2026-04-28 19:23:42,全国,防衛省,その他,プローブ 外,2026-04-28,https://www.p-portal.go.jp/pps-web-biz/UAA01/OAA0101,官公需情報ポータルAPI（全省庁）
2026-04-28 19:23:42,全国,国家公安委員会（警察庁）,物品,【東京都警察情報通信部】機器搭載柱点検作業,2026-04-28,https://www.p-portal.go.jp/pps-web-biz/UAA01/OAA0101,官公需情報ポータルAPI（全省庁）
2026-04-28 19:23:42,全国,経済産業省,委託,【本省】令和８年度経済産業政策関係調査事業（有限責任事業組合等の活用実績等に関する調査及び広報事業）,2026-04-28,https://www.p-portal.go.jp/pps-web-biz/UAA01/OAA0101,官公需情報ポータルAPI（全省庁）
2026-04-28 19:23:42,全国,防衛省,役務,Jアラート受信機等更新役務,2026-04-28,https://www.p-portal.go.jp/pps-web-biz/UAA01/OAA0101,官公需情報ポータルAPI（全省庁）
2026-04-28 19:23:41,全国,国土交通省,その他,ＲＡＥ－１６Ａ型遠隔対空通信解析装置１式の製造,2026-04-28,https://www.p-portal.go.jp/pps-web-biz/UAA01/OAA0101,官公需情報ポータルAPI（全省庁）
2026-04-28 19:23:41,全国,国土交通省,その他,ＤＲＥＣ－２００４Ｆ型デジタル録音再生装置５式の製造,2026-04-28,https://www.p-portal.go.jp/pps-web-biz/UAA01/OAA0101,官公需情報ポータルAPI（全省庁）
2026-04-28 19:23:41,全国,国土交通省,その他,ＣＣＳ－１４－２Ｄ型通信制御装置２式の製造,2026-04-28,https://www.p-portal.go.jp/pps-web-biz/UAA01/OAA0101,官公需情報ポータルAPI（全省庁）
2026-04-28 19:23:41,全国,国土交通省,その他,Ａ重油６月分（関門地区）,2026-04-28,https://www.p-portal.go.jp/pps-web-biz/UAA01/OAA0101,官公需情報ポータルAPI（全省庁）
2026-04-28 19:23:41,全国,内閣府,委託,防災における地域と企業の連携の新たなあり方に関する調査・検討業務等,2026-04-28,https://www.p-portal.go.jp/pps-web-biz/UAA01/OAA0101,官公需情報ポータルAPI（全省庁）
2026-04-28 19:23:41,全国,国土交通省,その他,軽油（免税）６月分（関門地区）,2026-04-28,https://www.p-portal.go.jp/pps-web-biz/UAA01/OAA0101,官公需情報ポータルAPI（全省庁）
2026-04-28 19:23:41,全国,国土交通省,その他,軽油（免税）６月分（門司燃料タンク）,2026-04-28,https://www.p-portal.go.jp/pps-web-biz/UAA01/OAA0101,官公需情報ポータルAPI（全省庁）
2026-04-28 19:23:41,全国,防衛省,委託,総合職官庁訪問に係る会場設営に関する業務,2026-04-28,https://www.p-portal.go.jp/pps-web-biz/UAA01/OAA0101,官公需情報ポータルAPI（全省庁）
2026-04-28 19:23:41,全国,総務省,役務,総務省情報セキュリティポリシー準拠性監査の請負,2026-04-28,https://www.p-portal.go.jp/pps-web-biz/UAA01/OAA0101,官公需情報ポータルAPI（全省庁）
2026-04-28 19:23:41,全国,環境省,委託,令和８年度生物多様性条約第17回締約国会議におけるサイドイベント開催及び展示支援業務[総合評価落札方式],2026-04-28,https://www.p-portal.go.jp/pps-web-biz/UAA01/OAA0101,官公需情報ポータルAPI（全省庁）
2026-04-28 19:23:41,全国,農林水産省,委託,令和８年度森林吸収源インベントリ情報整備事業（パリ協定下の森林吸収量算定に係る技術的課題の分析・検討）,2026-04-28,https://www.p-portal.go.jp/pps-web-biz/UAA01/OAA0101,官公需情報ポータルAPI（全省庁）
2026-04-28 19:23:41,全国,厚生労働省,役務,令和８年度一般定期健康診断等の実施にかかる業務委託（単価契約）,2026-04-28,https://www.p-portal.go.jp/pps-web-biz/UAA01/OAA0101,官公需情報ポータルAPI（全省庁）
2026-04-28 19:23:41,全国,内閣府,委託,令和８年度 大規模地震における具体的な応急対策活動に関する計画改定等調査・分析業務,2026-04-28,https://www.p-portal.go.jp/pps-web-biz/UAA01/OAA0101,官公需情報ポータルAPI（全省庁）
2026-04-28 19:23:41,全国,経済産業省,委託,【本省】令和８年度経済産業政策関係調査事業（「なでしこ銘柄」「Nextなでしこ 共働き・共育て支援企業」選定・普及事業および女性リーダー育成研修事業）,2026-04-28,https://www.p-portal.go.jp/pps-web-biz/UAA01/OAA0101,官公需情報ポータルAPI（全省庁）
2026-04-28 19:23:40,全国,国土交通省,その他,ＤＶＯＲ－０７Ｃ型Ｄ－ＶＯＲ装置４式の製造,2026-04-28,https://www.p-portal.go.jp/pps-web-biz/UAA01/OAA0101,官公需情報ポータルAPI（全省庁）
2026-04-28 19:23:40,全国,国土交通省,その他,衛星接続データ収集用閉域アクセス回線の提供,2026-04-28,https://www.p-portal.go.jp/pps-web-biz/UAA01/OAA0101,官公需情報ポータルAPI（全省庁）
2026-04-28 19:23:40,全国,国土交通省,その他,無線電話制御監視装置１０式の製造,2026-04-28,https://www.p-portal.go.jp/pps-web-biz/UAA01/OAA0101,官公需情報ポータルAPI（全省庁）
2026-04-28 19:23:40,全国,農林水産省,役務,恵下谷山国有林森林整備事業（間伐）,2026-04-28,https://www.p-portal.go.jp/pps-web-biz/UAA01/OAA0101,官公需情報ポータルAPI（全省庁）
2026-04-28 19:23:40,全国,国土交通省,委託,R8国営飛鳥歴史公園事務所管内機械設備点検整備等業務,2026-04-28,https://www.p-portal.go.jp/pps-web-biz/UAA01/OAA0101,官公需情報ポータルAPI（全省庁）
2026-04-28 19:23:39,全国,国土交通省,その他,ＳＳＲ－２４Ａ型二次監視レーダー装置１式の製造,2026-04-28,https://www.p-portal.go.jp/pps-web-biz/UAA01/OAA0101,官公需情報ポータルAPI（全省庁）
2026-04-28 19:23:39,全国,外務省,物品,在外公館配備用規格食器（銀器）製作・納入,2026-04-28,https://www.p-portal.go.jp/pps-web-biz/UAA01/OAA0101,官公需情報ポータルAPI（全省庁）
2026-04-28 19:23:38,全国,財務省,委託,年末調整等関係書類の封入等業務（区分９）,2026-04-28,https://www.p-portal.go.jp/pps-web-biz/UAA01/OAA0101,官公需情報ポータルAPI（全省庁）
2026-04-28 19:23:38,全国,財務省,委託,年末調整等関係書類の封入等業務（区分12）,2026-04-28,https://www.p-portal.go.jp/pps-web-biz/UAA01/OAA0101,官公需情報ポータルAPI（全省庁）
2026-04-28 19:23:38,全国,財務省,委託,年末調整等関係書類の封入等業務（区分11）,2026-04-28,https://www.p-portal.go.jp/pps-web-biz/UAA01/OAA0101,官公需情報ポータルAPI（全省庁）
2026-04-28 19:23:38,全国,財務省,委託,年末調整等関係書類の封入等業務（区分10）,2026-04-28,https://www.p-portal.go.jp/pps-web-biz/UAA01/OAA0101,官公需情報ポータルAPI（全省庁）
2026-04-28 19:23:38,全国,農林水産省,役務,令和８年度根釧東部署 根室地区切込砂利単価契約,2026-04-28,https://www.p-portal.go.jp/pps-web-biz/UAA01/OAA0101,官公需情報ポータルAPI（全省庁）
2026-04-28 19:23:37,全国,財務省,委託,年末調整等関係書類の封入等業務（区分８）,2026-04-28,https://www.p-portal.go.jp/pps-web-biz/UAA01/OAA0101,官公需情報ポータルAPI（全省庁）
2026-04-28 19:23:37,全国,財務省,委託,年末調整等関係書類の封入等業務（区分７）,2026-04-28,https://www.p-portal.go.jp/pps-web-biz/UAA01/OAA0101,官公需情報ポータルAPI（全省庁）
2026-04-28 19:23:37,全国,財務省,委託,年末調整等関係書類の封入等業務（区分６）,2026-04-28,https://www.p-portal.go.jp/pps-web-biz/UAA01/OAA0101,官公需情報ポータルAPI（全省庁）
2026-04-28 19:23:37,全国,財務省,委託,年末調整等関係書類の封入等業務（区分５）,2026-04-28,https://www.p-portal.go.jp/pps-web-biz/UAA01/OAA0101,官公需情報ポータルAPI（全省庁）
2026-04-28 19:23:37,全国,財務省,委託,年末調整等関係書類の封入等業務（区分４）,2026-04-28,https://www.p-portal.go.jp/pps-web-biz/UAA01/OAA0101,官公需情報ポータルAPI（全省庁）
2026-04-28 19:23:37,全国,財務省,委託,年末調整等関係書類の封入等業務（区分３）,2026-04-28,https://www.p-portal.go.jp/pps-web-biz/UAA01/OAA0101,官公需情報ポータルAPI（全省庁）
2026-04-28 19:23:37,全国,財務省,委託,年末調整等関係書類の封入等業務（区分２）,2026-04-28,https://www.p-portal.go.jp/pps-web-biz/UAA01/OAA0101,官公需情報ポータルAPI（全省庁）
2026-04-28 19:23:37,全国,財務省,委託,年末調整等関係書類の封入等業務（区分１）,2026-04-28,https://www.p-portal.go.jp/pps-web-biz/UAA01/OAA0101,官公需情報ポータルAPI（全省庁）
2026-04-28 19:23:37,全国,農林水産省,役務,令和８年度根釧東部署 中標津地区切込砂利単価契約,2026-04-28,https://www.p-portal.go.jp/pps-web-biz/UAA01/OAA0101,官公需情報ポータルAPI（全省庁）
2026-04-28 19:23:36,全国,国土交通省,物品,Ｒ８近畿地方整備局ネットワーク設備一式賃貸借,2026-04-28,https://www.p-portal.go.jp/pps-web-biz/UAA01/OAA0101,官公需情報ポータルAPI（全省庁）
2026-04-28 19:23:36,全国,法務省,委託,長期相続登記等未了土地解消事業（登記名義人２００人分）の委託一式,2026-04-28,https://www.p-portal.go.jp/pps-web-biz/UAA01/OAA0101,官公需情報ポータルAPI（全省庁）
2026-04-28 19:23:36,全国,国土交通省,役務,令和８年度海象観測装置定期点検・保守,2026-04-28,https://www.p-portal.go.jp/pps-web-biz/UAA01/OAA0101,官公需情報ポータルAPI（全省庁）
2026-04-28 19:23:36,全国,農林水産省,役務,令和８年度根釧東部署 標津・羅臼地区切込砂利単価契約,2026-04-28,https://www.p-portal.go.jp/pps-web-biz/UAA01/OAA0101,官公需情報ポータルAPI（全省庁）
2026-04-28 19:23:34,全国,法務省,役務,冷暖房用灯油供給契約,2026-04-28,https://www.p-portal.go.jp/pps-web-biz/UAA01/OAA0101,官公需情報ポータルAPI（全省庁）
2026-04-28 19:23:34,全国,財務省,物品,事務室用机等の購入,2026-04-28,https://www.p-portal.go.jp/pps-web-biz/UAA01/OAA0101,官公需情報ポータルAPI（全省庁）
2026-04-28 19:23:34,全国,厚生労働省,役務,R８年度トナー等消耗品の調達（単価契約）,2026-04-28,https://www.p-portal.go.jp/pps-web-biz/UAA01/OAA0101,官公需情報ポータルAPI（全省庁）
2026-04-28 19:23:33,全国,農林水産省,役務,８年度根釧東部署【養老牛地区】保全整備（保育間伐等・地拵）第３号,2026-04-28,https://www.p-portal.go.jp/pps-web-biz/UAA01/OAA0101,官公需情報ポータルAPI（全省庁）
2026-04-28 19:23:33,全国,厚生労働省,物品,浜田公共職業安定所外２施設における備品等の購入及びレイアウト変更等作業,2026-04-28,https://www.p-portal.go.jp/pps-web-biz/UAA01/OAA0101,官公需情報ポータルAPI（全省庁）
2026-04-28 19:23:33,全国,法務省,役務,大阪高等・地方検察庁産業廃棄物処理業務委託,2026-04-28,https://www.p-portal.go.jp/pps-web-biz/UAA01/OAA0101,官公需情報ポータルAPI（全省庁）
2026-04-28 19:23:33,全国,環境省,役務,令和８年度人工光合成の社会実装に向けた産官学連携推進事業委託業務【総合評価落札方式】,2026-04-28,https://www.p-portal.go.jp/pps-web-biz/UAA01/OAA0101,官公需情報ポータルAPI（全省庁）
2026-04-28 19:23:32,全国,国土交通省,その他,消火器薬剤交換等（鹿児島）,2026-04-28,https://www.p-portal.go.jp/pps-web-biz/UAA01/OAA0101,官公需情報ポータルAPI（全省庁）
2026-04-28 19:23:32,全国,環境省,委託,令和８年度阿寒摩周国立公園管理運営計画策定検討業務,2026-04-28,https://www.p-portal.go.jp/pps-web-biz/UAA01/OAA0101,官公需情報ポータルAPI（全省庁）
2026-04-28 19:23:32,全国,環境省,委託,令和８年度ガンカモ類の生息調査報告書等作成業務,2026-04-28,https://www.p-portal.go.jp/pps-web-biz/UAA01/OAA0101,官公需情報ポータルAPI（全省庁）
2026-04-28 19:23:32,全国,総務省,委託,08-0049-0108 ルワンダ共和国におけるIoTセンサユニット等を活用した水道インフラのデジタル化に関する調査実証の請負,2026-04-28,https://www.p-portal.go.jp/pps-web-biz/UAA01/OAA0101,官公需情報ポータルAPI（全省庁）
2026-04-28 19:23:31,全国,総務省,委託,放送コンテンツ等の権利処理の実態等に関する調査研究の請負,2026-04-28,https://www.p-portal.go.jp/pps-web-biz/UAA01/OAA0101,官公需情報ポータルAPI（全省庁）
2026-04-28 19:23:29,全国,国土交通省,物品,共有サーバ６台外２式の借入及び保守（単価契約）,2026-04-28,https://www.p-portal.go.jp/pps-web-biz/UAA01/OAA0101,官公需情報ポータルAPI（全省庁）
2026-04-28 19:23:29,全国,総務省,役務,カンボジア王国におけるクメールLLMの導入に向けたデータ収集に関する実証の請負,2026-04-28,https://www.p-portal.go.jp/pps-web-biz/UAA01/OAA0101,官公需情報ポータルAPI（全省庁）
2026-04-28 19:09:18,全国,厚生労働省埼玉労働局,役務,「既卒3年以内の方及び34歳以下の若者対象就職面接会」の会場設営業務委託,2026-04-28,https://jsite.mhlw.go.jp/saitama-roudoukyoku/content/contents/002642039.pdf,官公需情報ポータルAPI（全省庁）
2026-04-28 19:08:51,岐阜県,岐阜県郡上市,その他,c0e7c1fec294502fe31e84028a246b4049f44bd9.pdf,2026-04-28,https://www.city.gujo.gifu.jp/business/docs/c0e7c1fec294502fe31e84028a246b4049f44bd9.pdf,官公需情報ポータルAPI（対象5県）
2026-04-28 19:08:50,岐阜県,岐阜県郡上市,その他,ccc24f46183a8c8c9da56c7779f0b2459a78273f.pdf,2026-04-28,https://www.city.gujo.gifu.jp/business/docs/ccc24f46183a8c8c9da56c7779f0b2459a78273f.pdf,官公需情報ポータルAPI（対象5県）
2026-04-28 19:08:50,岐阜県,岐阜県郡上市,その他,71cbd65650dc5576530e12d1aa1b86aead617131.pdf,2026-04-28,https://www.city.gujo.gifu.jp/business/docs/71cbd65650dc5576530e12d1aa1b86aead617131.pdf,官公需情報ポータルAPI（対象5県）
2026-04-28 19:07:07,全国,国家公安委員会（警察庁）京都府警察,物品,令和8年4月28日公告分空調型インナーベスト他の購入に係る入札説明書等,2026-04-28,https://www.pref.kyoto.jp/fukei/site/kaikei_f/nyuusatsu/documents/in01.pdf,官公需情報ポータルAPI（全省庁）
2026-04-28 19:06:56,全国,国家公安委員会（警察庁）科学警察研究所,その他,ヒト全血 [PDF 61.0 KB],2026-04-28,https://www.npa.go.jp/nrips/jp/notification/data/ad026bf8c0d020ae2a15d3d2be43ad7c4f8412ff.pdf,官公需情報ポータルAPI（全省庁）
2026-04-28 19:06:45,全国,国家公安委員会（警察庁）福岡県警察,物品,スキャナ賃貸借に係る入札について,2026-04-28,https://www.police.pref.fukuoka.jp/data/open/cnt/3/22930/1/20260427sukyana.pdf,官公需情報ポータルAPI（全省庁）
2026-04-28 19:06:44,全国,国家公安委員会（警察庁）福岡県警察,物品,液晶ペンタブレット賃貸借に係る入札について,2026-04-28,https://www.police.pref.fukuoka.jp/data/open/cnt/3/22931/1/20260427pentaburetto.pdf,官公需情報ポータルAPI（全省庁）
2026-04-28 19:06:44,全国,厚生労働省栃木労働局,物品,〇令和8～12年度栃木労働局の業務用自動車賃貸借業務一式,2026-04-28,https://jsite.mhlw.go.jp/tochigi-roudoukyoku/content/contents/002642338.pdf,官公需情報ポータルAPI（全省庁）
2026-04-28 19:06:35,全国,防衛省防衛医科大学,その他,2_08-11-50A-0006_hoka1ken.pdf,2026-04-28,https://www.ndmc.ac.jp/wp-content/uploads/2026/04/2_08-11-50A-0006_hoka1ken.pdf,官公需情報ポータルAPI（全省庁）
2026-04-28 19:06:12,全国,国土交通省近畿地方整備局国営飛鳥歴史公園事務所,委託,Ｒ８国営飛鳥歴史公園事務所管内機械設備点検整備等業務（電子調達システム対象案件）,2026-04-28,https://www.kkr.mlit.go.jp/asuka/pdf/bid/general/reiwa08/20260428-01_koukoku.pdf,官公需情報ポータルAPI（全省庁）
2026-04-28 19:05:58,全国,国家公安委員会（警察庁）高知県警察,その他,被留置者用給食[PDF：168KB],2026-04-28,https://www.police.pref.kochi.lg.jp/docs/2023110700590/file_contents/20260428nyusatu_hiryutisyakyusyoku1.pdf,官公需情報ポータルAPI（全省庁）
2026-04-28 19:05:58,全国,国家公安委員会（警察庁）高知県警察,物品,入札公告（高知県警察本部交通管制システム用無停電電源装置借入）[PDF：153KB],2026-04-28,https://www.police.pref.kochi.lg.jp/docs/2023110700606/file_contents/file_20264271145347_1.pdf,官公需情報ポータルAPI（全省庁）
2026-04-28 19:05:44,新潟県,新潟県柏崎市,その他,消総第6号 半自動除細動器,2026-04-28,https://www.city.kashiwazaki.lg.jp/material/files/group/10/r8syousou6_koukoku.pdf,官公需情報ポータルAPI（対象5県）
2026-04-28 19:05:43,新潟県,新潟県柏崎市,その他,防災第1号 モバイルWi-Fiルーター,2026-04-28,https://www.city.kashiwazaki.lg.jp/material/files/group/10/r8bousai1_koukoku.pdf,官公需情報ポータルAPI（対象5県）
2026-04-28 19:05:42,新潟県,新潟県柏崎市,その他,消総3 救急車積載用救急資機材,2026-04-28,https://www.city.kashiwazaki.lg.jp/material/files/group/10/r8syousou3_koukoku.pdf,官公需情報ポータルAPI（対象5県）
2026-04-28 19:05:42,全国,国家公安委員会（警察庁）東北管区警察局,役務,構内除草等作業 １式,2026-04-28,https://www.tohoku.npa.go.jp/kohou/documents/r080428kyoku.pdf,官公需情報ポータルAPI（全省庁）
2026-04-28 19:05:38,新潟県,新潟県柏崎市,その他,子育て第1号 新潟県立こども自然王国遊具一式,2026-04-28,https://www.city.kashiwazaki.lg.jp/material/files/group/10/r8kosodate1_koukoku.pdf,官公需情報ポータルAPI（対象5県）
2026-04-28 19:05:37,新潟県,新潟県柏崎市,その他,商観第1号 テーブル・椅子,2026-04-28,https://www.city.kashiwazaki.lg.jp/material/files/group/10/r8syoukan1_koukoku.pdf,官公需情報ポータルAPI（対象5県）
2026-04-28 19:05:36,新潟県,新潟県柏崎市,物品,環境第1号 クリーンデー柏崎用物品,2026-04-28,https://www.city.kashiwazaki.lg.jp/material/files/group/10/r8kankyou1_koukoku.pdf,官公需情報ポータルAPI（対象5県）
2026-04-28 19:05:33,全国,財務省九州財務局,委託,大分県内物件調査及び物件調書作成作業（2026）,2026-04-28,https://lfb.mof.go.jp/kyusyu/content/list/027/027_20260428_bukken_r830.pdf,官公需情報ポータルAPI（全省庁）
2026-04-28 19:05:29,全国,国土交通省北海道開発局旭川開発建設部,物品,共有サーバ6台外2式の借入及び保守（単価契約） (PDF:99.7KB),2026-04-28,https://www.hkd.mlit.go.jp/as/keiyaku/ho928l0000001cyd-att/fvme8k0000001cp4.pdf,官公需情報ポータルAPI（全省庁）
2026-04-28 19:05:28,全国,国家公安委員会（警察庁）愛知県警察,委託,令和８年度 愛知県警察機動隊空調設備保守点検業務調達に係る一般競争入札公告,2026-04-28,https://www.pref.aichi.jp/police/shinsei/nyusatsu/kidoutai/documents/R08.05.kuucyo.pdf,官公需情報ポータルAPI（全省庁）
2026-04-28 19:05:25,全国,法務省京都地方法務局,その他,防災・まちづくり型法務局地図作成事業（令和８年度及び同9年度）一式,2026-04-28,https://houmukyoku.moj.go.jp/kyoto/content/001461679.pdf,官公需情報ポータルAPI（全省庁）
2026-04-28 19:05:25,全国,法務省京都地方法務局,その他,大都市特化型法務局地図作成事業（令和８年度及び同9年度）一式,2026-04-28,https://houmukyoku.moj.go.jp/kyoto/content/001461676.pdf,官公需情報ポータルAPI（全省庁）
2026-04-28 19:05:23,石川県,国立大学法人北陸先端科学技術大学院大学,その他,ゼータ電位・粒子径・分子量測定システム 一式（令和8年4月28日公告）,2026-04-28,https://www.jaist.ac.jp/about/data/bid/20260428-k1.pdf,官公需情報ポータルAPI（対象5県）
2026-04-28 19:05:22,全国,環境省釧路自然環境事務所,委託,令和８年度阿寒摩周国立公園管理運営計画策定検討業務,2026-04-28,https://hokkaido.env.go.jp/kushiro/procure/procure_00265.html,官公需情報ポータルAPI（全省庁）
2026-04-28 19:05:16,全国,法務省宇都宮地方法務局,委託,長期相続登記等未了土地解消事業（登記名義人２００名分）の委託一式,2026-04-28,https://houmukyoku.moj.go.jp/utsunomiya/content/001461681.pdf,官公需情報ポータルAPI（全省庁）
2026-04-28 19:05:12,全国,厚生労働省島根労働局,物品,浜田公共職業安定所外2施設における備品等の購入及びレイアウト変更等作業契約,2026-04-28,https://jsite.mhlw.go.jp/shimane-roudoukyoku/content/contents/002638604.pdf,官公需情報ポータルAPI（全省庁）
2026-04-28 19:05:06,全国,国土交通省近畿地方整備局,物品,Ｒ８近畿地方整備局ネットワーク設備一式賃貸借,2026-04-28,https://www.kkr.mlit.go.jp/n_info/ad/buppin-ekimu/olnrk8000000oq6e-att/260428neteorksetsubitintaisyaku.pdf,官公需情報ポータルAPI（全省庁）
2026-04-28 19:23:42,全国,防衛省,その他,高圧ガス製造設備定期自主検査（燃焼試験装置）,2026-04-27,https://www.p-portal.go.jp/pps-web-biz/UAA01/OAA0101,官公需情報ポータルAPI（全省庁）
2026-04-28 19:23:42,全国,防衛省,役務,市ヶ谷暫定庁舎設置・借上役務,2026-04-27,https://www.p-portal.go.jp/pps-web-biz/UAA01/OAA0101,官公需情報ポータルAPI（全省庁）
2026-04-28 19:23:42,全国,防衛省,その他,LearnOneアカウント他6件,2026-04-27,https://www.p-portal.go.jp/pps-web-biz/UAA01/OAA0101,官公需情報ポータルAPI（全省庁）
2026-04-28 19:23:42,全国,防衛省,その他,LearnOneアカウント他1件,2026-04-27,https://www.p-portal.go.jp/pps-web-biz/UAA01/OAA0101,官公需情報ポータルAPI（全省庁）
2026-04-28 19:23:34,全国,法務省,役務,令和８年度沖縄刑務所被収容者に係る各種検診契約,2026-04-27,https://www.p-portal.go.jp/pps-web-biz/UAA01/OAA0101,官公需情報ポータルAPI（全省庁）
2026-04-28 19:23:34,全国,国家公安委員会（警察庁）,委託,【岡山県情報通信部】通信施設点検作業委託,2026-04-27,https://www.p-portal.go.jp/pps-web-biz/UAA01/OAA0101,官公需情報ポータルAPI（全省庁）
2026-04-28 19:23:33,全国,厚生労働省,物品,令和８年度～令和１２年度 茨城労働局管下の官署で使用する官用車のリース契約（局、他５官署）一式,2026-04-27,https://www.p-portal.go.jp/pps-web-biz/UAA01/OAA0101,官公需情報ポータルAPI（全省庁）
2026-04-28 19:23:33,全国,環境省,委託,令和８年度環境影響評価人材づくりに係る研修等業務[総合評価落札方式],2026-04-27,https://www.p-portal.go.jp/pps-web-biz/UAA01/OAA0101,官公需情報ポータルAPI（全省庁）
2026-04-28 19:23:33,全国,国家公安委員会（警察庁）,役務,令和８年度「地方公共団体における犯罪被害者等施策の総合的な推進に関する事業（香川県ほか18道県）」業務委託,2026-04-27,https://www.p-portal.go.jp/pps-web-biz/UAA01/OAA0101,官公需情報ポータルAPI（全省庁）
2026-04-28 19:23:33,全国,国土交通省,物品,【第四管区海上保安本部_船技24】ガスケットシリンダヘッドほか45点の買入(船技）,2026-04-27,https://www.p-portal.go.jp/pps-web-biz/UAA01/OAA0101,官公需情報ポータルAPI（全省庁）
2026-04-28 19:23:33,全国,国土交通省,物品,【第四管区海上保安本部_単88】ガスケットFV（IHI)ほか44点の買入（単契、船技）,2026-04-27,https://www.p-portal.go.jp/pps-web-biz/UAA01/OAA0101,官公需情報ポータルAPI（全省庁）
2026-04-28 19:23:33,全国,国土交通省,物品,【国土地理院】電子基準点網の耐災害性強化（精密暦解析装置の購入）,2026-04-27,https://www.p-portal.go.jp/pps-web-biz/UAA01/OAA0101,官公需情報ポータルAPI（全省庁）
2026-04-28 19:23:32,全国,国土交通省,物品,非常電源用蓄電池２４個買入,2026-04-27,https://www.p-portal.go.jp/pps-web-biz/UAA01/OAA0101,官公需情報ポータルAPI（全省庁）
2026-04-28 19:23:32,全国,環境省,委託,令和８年度釧路湿原生態系維持回復事業エゾシカによる植生への影響調査業務,2026-04-27,https://www.p-portal.go.jp/pps-web-biz/UAA01/OAA0101,官公需情報ポータルAPI（全省庁）
2026-04-28 19:23:32,全国,環境省,委託,令和８年度白山生態系維持回復事業に係る外来植物調査等業務,2026-04-27,https://www.p-portal.go.jp/pps-web-biz/UAA01/OAA0101,官公需情報ポータルAPI（全省庁）
2026-04-28 19:23:32,全国,国家公安委員会（警察庁）,役務,令和８年度「全国犯罪被害者等支援実務者会議」の運営等に関する業務委託,2026-04-27,https://www.p-portal.go.jp/pps-web-biz/UAA01/OAA0101,官公需情報ポータルAPI（全省庁）
2026-04-28 19:23:32,全国,国土交通省,物品,【第四管区海上保安本部_船技21】バッテリー２点の買入(船技）,2026-04-27,https://www.p-portal.go.jp/pps-web-biz/UAA01/OAA0101,官公需情報ポータルAPI（全省庁）
2026-04-28 19:23:32,全国,国土交通省,物品,MAN主機関交換部品買入（単価契約）（船技）,2026-04-27,https://www.p-portal.go.jp/pps-web-biz/UAA01/OAA0101,官公需情報ポータルAPI（全省庁）
2026-04-28 19:23:30,全国,国土交通省,物品,令和８年度大判プリンタ賃貸借,2026-04-27,https://www.p-portal.go.jp/pps-web-biz/UAA01/OAA0101,官公需情報ポータルAPI（全省庁）
2026-04-28 19:23:30,全国,農林水産省,役務,【山口森林管理事務所】令和8年度 山口森林管理事務所管内巡視等業務委託(巡視業務・ウサギ防護柵点検業務),2026-04-27,https://www.p-portal.go.jp/pps-web-biz/UAA01/OAA0101,官公需情報ポータルAPI（全省庁）
2026-04-28 19:23:29,全国,国土交通省,物品,応接セット 購入,2026-04-27,https://www.p-portal.go.jp/pps-web-biz/UAA01/OAA0101,官公需情報ポータルAPI（全省庁）
2026-04-28 19:23:29,全国,財務省,委託,【札幌国税局】業務センターのレイアウト変更に係る各種配線敷設業務,2026-04-27,https://www.p-portal.go.jp/pps-web-biz/UAA01/OAA0101,官公需情報ポータルAPI（全省庁）
2026-04-28 19:23:29,全国,国土交通省,委託,【国土地理院】電子基準点「南部川（０３１１１０）」の移設業務,2026-04-27,https://www.p-portal.go.jp/pps-web-biz/UAA01/OAA0101,官公需情報ポータルAPI（全省庁）
2026-04-27 19:11:32,全国,厚生労働省東京労働局,物品,令和8年度東京労働局及び局内各署所で使用するトナーカートリッジ等（理想科学工業）の年間購入（単価契約）,2026-04-27,https://jsite.mhlw.go.jp//tokyo-roudoukyoku/content/contents/002638776.pdf,官公需情報ポータルAPI（全省庁）
2026-04-27 19:10:01,全国,国土交通省,物品,蓄電池ユニット組立５式ほか２８点買入,2026-04-27,https://www.p-portal.go.jp/pps-web-biz/UAA01/OAA0101,官公需情報ポータルAPI（全省庁）
2026-04-27 19:10:01,全国,防衛省,その他,机(高官用)外１５件,2026-04-27,https://www.p-portal.go.jp/pps-web-biz/UAA01/OAA0101,官公需情報ポータルAPI（全省庁）
2026-04-27 19:10:00,全国,防衛省,委託,国内委託教育 地理空間情報関連（地理空間情報関連要員に対する教育）,2026-04-27,https://www.p-portal.go.jp/pps-web-biz/UAA01/OAA0101,官公需情報ポータルAPI（全省庁）
2026-04-27 19:10:00,全国,環境省,役務,令和８年度国定公園における風力発電施設の景観影響調査委託業務【総合評価落札方式】,2026-04-27,https://www.p-portal.go.jp/pps-web-biz/UAA01/OAA0101,官公需情報ポータルAPI（全省庁）
2026-04-27 19:10:00,全国,厚生労働省,物品,【東京労働局】令和８年度東京労働局及び局内各署所で使用するトナーカートリッジ等（理想科学工業）の年間購入（単価契約）,2026-04-27,https://www.p-portal.go.jp/pps-web-biz/UAA01/OAA0101,官公需情報ポータルAPI（全省庁）
2026-04-27 19:10:00,全国,経済産業省,委託,【本省】令和８年度中小企業等産業公害防止対策調査事業（土壌汚染対策法対応事例収集等調査）,2026-04-27,https://www.p-portal.go.jp/pps-web-biz/UAA01/OAA0101,官公需情報ポータルAPI（全省庁）
2026-04-27 19:10:00,全国,経済産業省,委託,【本省】令和８年度コンテンツ海外展開促進事業（映像コンテンツ産業における制作現場の就業環境適正化に向けた調査）,2026-04-27,https://www.p-portal.go.jp/pps-web-biz/UAA01/OAA0101,官公需情報ポータルAPI（全省庁）
2026-04-27 19:10:00,全国,経済産業省,その他,【本省】令和８年度コンテンツ海外展開促進事業（コンテンツ海外展開のための官民連携体制構築事業）,2026-04-27,https://www.p-portal.go.jp/pps-web-biz/UAA01/OAA0101,官公需情報ポータルAPI（全省庁）
2026-04-27 19:09:59,全国,内閣官房,物品,メクール（紙めくりクリーム）ほかの購入,2026-04-27,https://www.p-portal.go.jp/pps-web-biz/UAA01/OAA0101,官公需情報ポータルAPI（全省庁）
2026-04-27 19:09:58,全国,経済産業省,委託,【本省】令和８年度経済産業政策関係調査事業（日本企業の税務対応状況等に係る調査研究及び企業の投資動向の分析・調査事業）,2026-04-27,https://www.p-portal.go.jp/pps-web-biz/UAA01/OAA0101,官公需情報ポータルAPI（全省庁）
2026-04-27 19:09:57,全国,国土交通省,役務,福岡運輸支局（本庁舎）他１箇所官用車交換契約,2026-04-27,https://www.p-portal.go.jp/pps-web-biz/UAA01/OAA0101,官公需情報ポータルAPI（全省庁）
2026-04-27 19:09:57,全国,厚生労働省,物品,宮城労働局一般定期健康診断及び特殊健康診断（情報機器作業に関する健康診断）委託契約,2026-04-27,https://www.p-portal.go.jp/pps-web-biz/UAA01/OAA0101,官公需情報ポータルAPI（全省庁）
2026-04-27 19:07:42,新潟県,新潟県新発田市,役務,令和8年4月27日 給量第11号 第2期水道メーター検定満期取替業務委託,2026-04-27,https://www.city.shibata.lg.jp/_res/projects/default_project/_page_/001/031/094/90koukoku.pdf,官公需情報ポータルAPI（対象5県）
2026-04-27 19:07:41,新潟県,新潟県新発田市,役務,令和8年4月27日 給量第9号 第2期水道メーター検定満期取替業務委託,2026-04-27,https://www.city.shibata.lg.jp/_res/projects/default_project/_page_/001/031/092/88koukoku.pdf,官公需情報ポータルAPI（対象5県）
2026-04-27 19:07:41,新潟県,新潟県新発田市,役務,令和8年4月27日 給量第10号 第2期水道メーター検定満期取替業務委託,2026-04-27,https://www.city.shibata.lg.jp/_res/projects/default_project/_page_/001/031/093/89koukoku.pdf,官公需情報ポータルAPI（対象5県）
2026-04-27 19:07:40,新潟県,新潟県新発田市,役務,令和8年4月27日 給量第8号 第2期水道メーター検定満期取替業務委託,2026-04-27,https://www.city.shibata.lg.jp/_res/projects/default_project/_page_/001/031/091/87koukoku.pdf,官公需情報ポータルAPI（対象5県）
2026-04-27 19:07:40,新潟県,新潟県新発田市,役務,令和8年4月27日 給量第7号 第2期水道メーター検定満期取替業務委託,2026-04-27,https://www.city.shibata.lg.jp/_res/projects/default_project/_page_/001/031/090/86koukoku.pdf,官公需情報ポータルAPI（対象5県）
2026-04-27 19:07:38,新潟県,新潟県新発田市,物品,令和8年4月27日 RPAツールWinActor購入,2026-04-27,https://www.city.shibata.lg.jp/_res/projects/default_project/_page_/001/031/089/84koukoku.pdf,官公需情報ポータルAPI（対象5県）
2026-04-27 19:07:27,全国,国家公安委員会（警察庁）兵庫県警察,物品,令和８年度兵庫県警察本部車両用燃料（ローリー渡し）の単価契約,2026-04-27,https://www.police.pref.hyogo.lg.jp/chotatu/kou_data/2026/D26042701.pdf,官公需情報ポータルAPI（全省庁）
2026-04-27 19:06:35,全国,厚生労働省栃木労働局,物品,〇令和8～12年度栃木労働局の業務用自動車賃貸借業務一式,2026-04-27,https://jsite.mhlw.go.jp/tochigi-roudoukyoku/content/contents/002636558.pdf,官公需情報ポータルAPI（全省庁）
2026-04-27 19:06:23,全国,国土交通省四国地方整備局,委託,令和８年度 四国地方整備局健康診断業務,2026-04-27,https://www.skr.mlit.go.jp/necsas/zuikei/upfiles/BH26882150300001.html,官公需情報ポータルAPI（全省庁）
2026-04-27 19:05:55,全国,国家公安委員会（警察庁）三重県警察,委託,三重県警察学校外１か所空調設備保守点検業務の一般競争入札に係る公告,2026-04-27,https://www.police.pref.mie.jp/upload/20260424-092238.pdf,官公需情報ポータルAPI（全省庁）
2026-04-27 19:05:36,全国,防衛省陸上自衛隊中部方面会計隊,役務,出雲（８）空調設備保守点検,2026-04-27,https://www.mod.go.jp/gsdf/mae/mafin/k/ko080709.pdf,官公需情報ポータルAPI（全省庁）
2026-04-27 19:05:36,全国,防衛省陸上自衛隊中部方面会計隊,役務,出雲（８）ボイラー洗缶等役務,2026-04-27,https://www.mod.go.jp/gsdf/mae/mafin/k/ko080710.pdf,官公需情報ポータルAPI（全省庁）
2026-04-27 19:05:35,全国,国家公安委員会（警察庁）徳島県警察,物品,一般競争入札「プリンタトナー等消耗品」の購入,2026-04-27,https://www.police.pref.tokushima.jp/./wp-content/uploads/post46972/u3t20260423cecw740.pdf,官公需情報ポータルAPI（全省庁）
2026-04-27 19:05:34,全国,国家公安委員会（警察庁）徳島県警察,物品,一般競争入札「交通乗車服(夏服･合服･雨衣･冬服)」の購入,2026-04-27,https://www.police.pref.tokushima.jp/./wp-content/uploads/post46985/u3t20260423c89hy29.pdf,官公需情報ポータルAPI（全省庁）
2026-04-27 19:05:34,全国,国家公安委員会（警察庁）徳島県警察,物品,一般競争入札「プリンタトナー及びドラムユニット」の購入,2026-04-27,https://www.police.pref.tokushima.jp/./wp-content/uploads/post46973/u3t20260423c4g8151.pdf,官公需情報ポータルAPI（全省庁）
2026-04-27 19:05:33,全国,国土交通省北海道開発局,役務,令和8～9年度 除雪グレーダ（4.0m級）外5台（交換契約） (PDF:192KB),2026-04-27,https://www.hkd.mlit.go.jp/ky/ki/kaikei/jtfkjs0000003o8b-att/jtfkjs0000007ys5.pdf,官公需情報ポータルAPI（全省庁）
2026-04-27 19:05:33,全国,国土交通省北海道開発局,役務,令和8～9年度 ロータリ除雪車（2.6m級、一車線積込型）1台（交換契約） (PDF:192KB),2026-04-27,https://www.hkd.mlit.go.jp/ky/ki/kaikei/jtfkjs0000003o8b-att/jtfkjs0000007ys8.pdf,官公需情報ポータルAPI（全省庁）
2026-04-27 19:05:33,全国,国家公安委員会（警察庁）徳島県警察,物品,一般競争入札「ＰＰＣ用紙」の購入,2026-04-27,https://www.police.pref.tokushima.jp/./wp-content/uploads/post46971/u3t20260423c6q5w31.pdf,官公需情報ポータルAPI（全省庁）
2026-04-27 19:05:33,全国,国土交通省北海道開発局,その他,Xバンドレーダ設備製造及び据付調整 (PDF:193KB),2026-04-27,https://www.hkd.mlit.go.jp/ky/ki/kaikei/jtfkjs0000003o8b-att/jtfkjs0000007ysb.pdf,官公需情報ポータルAPI（全省庁）
2026-04-27 19:05:27,全国,法務省鳥取地方法務局,委託,長期相続登記等未了土地解消作業（登記名義人２００名分）の委託,2026-04-27,https://houmukyoku.moj.go.jp/tottori/content/001461670.pdf,官公需情報ポータルAPI（全省庁）
2026-04-27 19:05:24,全国,法務省神戸地方法務局,委託,令和８年度長期相続登記等未了土地解消事業(登記名義人２００名分)の委託一式,2026-04-27,https://houmukyoku.moj.go.jp/kobe/content/001461511.pdf,官公需情報ポータルAPI（全省庁）
2026-04-27 19:05:18,岐阜県,岐阜県岐阜市,物品,4月27日 物品 消防団用消防ポンプ自動車（CD−1） 1台,2026-04-27,https://www.city.gifu.lg.jp/_res/projects/default_project/_page_/001/039/510/koukoku.pompzidousya.pdf,官公需情報ポータルAPI（対象5県）
2026-04-27 19:05:16,岐阜県,岐阜県岐阜市,物品,"4月27日 物品 PEN樹脂食器 大食器（幼・小学校用） 4,280個 ほか8件",2026-04-27,https://www.city.gifu.lg.jp/_res/projects/default_project/_page_/001/039/256/r8.4.27.1/koukoku_penjyushi2_r8.pdf,官公需情報ポータルAPI（対象5県）
2026-04-27 19:05:16,全国,環境省関東地方環境事務所,委託,令和８年度グリーンワーカー事業日光国立公園戦場ヶ原湯川における外来植物駆除業務,2026-04-27,https://kanto.env.go.jp/procure/procure_00421.html,官公需情報ポータルAPI（全省庁）
2026-04-27 19:05:15,石川県,国立大学法人北陸先端科学技術大学院大学,その他,全学無線LAN基盤システム 一式（令和8年4月27日公告）,2026-04-27,https://www.jaist.ac.jp/about/data/bid/20260427-k1.pdf,官公需情報ポータルAPI（対象5県）
2026-04-27 19:05:14,岐阜県,岐阜県岐阜市,物品,4月27日 物品 高規格救急自動車積載備品 2セット,2026-04-27,https://www.city.gifu.lg.jp/_res/projects/default_project/_page_/001/039/613/koukoku.sekisai.pdf,官公需情報ポータルAPI（対象5県）
2026-04-27 19:05:14,全国,法務省前橋地方法務局,役務,土地閉鎖登記簿電子化作業一式,2026-04-27,https://houmukyoku.moj.go.jp/maebashi/content/001461483.pdf,官公需情報ポータルAPI（全省庁）
2026-04-27 19:05:14,全国,環境省関東地方環境事務所,委託,令和8年度富士箱根伊豆国立公園箱根地域シカ管理対策検討調査業務,2026-04-27,https://kanto.env.go.jp/procure/procure_00424.html,官公需情報ポータルAPI（全省庁）
2026-04-27 19:05:13,全国,環境省関東地方環境事務所,委託,令和８年度グリーンエキスパート事業小笠原国立公園母島における新たな外来種対策業務,2026-04-27,https://kanto.env.go.jp/procure/procure_00425.html,官公需情報ポータルAPI（全省庁）
2026-04-27 19:05:06,全国,環境省中部地方環境事務所,委託,令和８年度白山生態系維持回復事業に係る外来植物調査等業務,2026-04-27,https://chubu.env.go.jp/procure/procure_00087.html,官公需情報ポータルAPI（全省庁）
2026-04-26 19:12:15,全国,防衛省陸上自衛隊中部方面会計隊,設計・測量・コンサル,＜変更＞宿舎電気設備改修等設計,2026-04-26,https://www.mod.go.jp/gsdf/mae/mafin/k/ko072904.pdf,官公需情報ポータルAPI（全省庁）
2026-04-26 19:12:15,全国,防衛省陸上自衛隊中部方面会計隊,その他,屋外便所ほか和式便器洋式化,2026-04-26,https://www.mod.go.jp/gsdf/mae/mafin/k/ko072954.pdf,官公需情報ポータルAPI（全省庁）
2026-04-26 19:11:57,全国,防衛省陸上自衛隊中部方面会計隊,その他,松山（７）６１号隊舎窓補修,2026-04-26,https://www.mod.go.jp/gsdf/mae/mafin/k/ko073884.pdf,官公需情報ポータルAPI（全省庁）
2026-04-26 19:11:56,全国,防衛省陸上自衛隊中部方面会計隊,役務,＜取消＞伊丹（７）山本宿舎２５号棟ほか内装整備,2026-04-26,https://www.mod.go.jp/gsdf/mae/mafin/k/ko077745.pdf,官公需情報ポータルAPI（全省庁）
2026-04-26 19:11:53,全国,防衛省陸上自衛隊中部方面会計隊,役務,＜変更＞日本原（７）演習場側溝整備,2026-04-26,https://www.mod.go.jp/gsdf/mae/mafin/k/ko077497.pdf,官公需情報ポータルAPI（全省庁）
2026-04-26 19:11:43,全国,防衛省陸上自衛隊中部方面会計隊,役務,＜変更＞和歌山（７）２４号建物廊下床等整備,2026-04-26,https://www.mod.go.jp/gsdf/mae/mafin/k/ko077832.pdf,官公需情報ポータルAPI（全省庁）
2026-04-26 19:11:41,全国,防衛省陸上自衛隊中部方面会計隊,その他,善通寺（７）雨水側溝設置,2026-04-26,https://www.mod.go.jp/gsdf/mae/mafin/k/ko078353.pdf,官公需情報ポータルAPI（全省庁）
2026-04-26 19:11:40,全国,防衛省陸上自衛隊中部方面会計隊,その他,＜変更＞２０５号建物自動ドア補修,2026-04-26,https://www.mod.go.jp/gsdf/mae/mafin/k/ko078502.pdf,官公需情報ポータルAPI（全省庁）
2026-04-26 19:11:40,全国,防衛省陸上自衛隊中部方面会計隊,役務,＜変更２＞和歌山（７）２４号建物廊下床等整備,2026-04-26,https://www.mod.go.jp/gsdf/mae/mafin/k/ko078080.pdf,官公需情報ポータルAPI（全省庁）
2026-04-26 19:11:39,全国,防衛省陸上自衛隊中部方面会計隊,その他,１２３号便所和式便器洋式化,2026-04-26,https://www.mod.go.jp/gsdf/mae/mafin/k/ko078382.pdf,官公需情報ポータルAPI（全省庁）
2026-04-26 19:11:39,全国,防衛省陸上自衛隊中部方面会計隊,役務,徳島駐屯地ほか空調機設置役務,2026-04-26,https://www.mod.go.jp/gsdf/mae/mafin/k/ko077921.pdf,官公需情報ポータルAPI（全省庁）
2026-04-26 19:11:28,全国,防衛省陸上自衛隊中部方面会計隊,その他,＜変更＞ＯＡタップ型無停電電源装置ほか４１件,2026-04-26,https://www.mod.go.jp/gsdf/mae/mafin/k/ko071827.pdf,官公需情報ポータルAPI（全省庁）
2026-04-26 19:11:28,全国,防衛省陸上自衛隊中部方面会計隊,その他,＜変更＞リン酸イオン試験紙 ほか９件,2026-04-26,https://www.mod.go.jp/gsdf/mae/mafin/k/ko071860.pdf,官公需情報ポータルAPI（全省庁）
2026-04-26 19:11:28,全国,防衛省陸上自衛隊中部方面会計隊,その他,間仕切りセットＡほか１件,2026-04-26,https://www.mod.go.jp/gsdf/mae/mafin/k/ko071828.pdf,官公需情報ポータルAPI（全省庁）
2026-04-26 19:11:28,全国,防衛省陸上自衛隊中部方面会計隊,その他,ハンガーチェスト ほか４件,2026-04-26,https://www.mod.go.jp/gsdf/mae/mafin/k/ko071817.pdf,官公需情報ポータルAPI（全省庁）
2026-04-26 19:11:28,全国,防衛省陸上自衛隊中部方面会計隊,その他,ハンガーシェルフほか１３件,2026-04-26,https://www.mod.go.jp/gsdf/mae/mafin/k/ko071826.pdf,官公需情報ポータルAPI（全省庁）
2026-04-26 19:11:27,全国,防衛省陸上自衛隊中部方面会計隊,その他,＜変更＞ ガスゴムホース ほか３件,2026-04-26,https://www.mod.go.jp/gsdf/mae/mafin/k/ko072017.pdf,官公需情報ポータルAPI（全省庁）
2026-04-26 19:11:27,全国,防衛省陸上自衛隊中部方面会計隊,その他,突っ張り目隠しカーテン（パーテーション） ほか４件,2026-04-26,https://www.mod.go.jp/gsdf/mae/mafin/k/ko071868.pdf,官公需情報ポータルAPI（全省庁）
2026-04-26 19:11:27,全国,防衛省陸上自衛隊中部方面会計隊,その他,シーリングライト８畳用昼光色 ほか２件,2026-04-26,https://www.mod.go.jp/gsdf/mae/mafin/k/ko071977.pdf,官公需情報ポータルAPI（全省庁）
2026-04-26 19:11:27,全国,防衛省陸上自衛隊中部方面会計隊,その他,ガスゴムホース ほか３件,2026-04-26,https://www.mod.go.jp/gsdf/mae/mafin/k/ko071979.pdf,官公需情報ポータルAPI（全省庁）
2026-04-26 19:11:27,全国,防衛省陸上自衛隊中部方面会計隊,その他,ガスコンロほか１件,2026-04-26,https://www.mod.go.jp/gsdf/mae/mafin/k/ko071859.pdf,官公需情報ポータルAPI（全省庁）
2026-04-26 19:11:26,全国,防衛省陸上自衛隊中部方面会計隊,その他,再生クラッシャラン,2026-04-26,https://www.mod.go.jp/gsdf/mae/mafin/k/ko072042.pdf,官公需情報ポータルAPI（全省庁）
2026-04-26 19:11:25,全国,防衛省陸上自衛隊中部方面会計隊,その他,ＵＳＢ変換アダプタ ２個入り ほか１４２件,2026-04-26,https://www.mod.go.jp/gsdf/mae/mafin/k/ko071993.pdf,官公需情報ポータルAPI（全省庁）
2026-04-26 19:11:25,全国,防衛省陸上自衛隊中部方面会計隊,その他,軽油 ２号（バルク）ほか１件,2026-04-26,https://www.mod.go.jp/gsdf/mae/mafin/k/ko072039.pdf,官公需情報ポータルAPI（全省庁）
2026-04-26 19:11:25,全国,防衛省陸上自衛隊中部方面会計隊,その他,平机 ほか３３件,2026-04-26,https://www.mod.go.jp/gsdf/mae/mafin/k/ko071973.pdf,官公需情報ポータルAPI（全省庁）
2026-04-26 19:11:24,全国,防衛省陸上自衛隊中部方面会計隊,その他,ＯＮＥキュア ほか１９件,2026-04-26,https://www.mod.go.jp/gsdf/mae/mafin/k/ko072004.pdf,官公需情報ポータルAPI（全省庁）
2026-04-26 19:11:24,全国,防衛省陸上自衛隊中部方面会計隊,その他,＜ＯＤ＞手箕ほか１０４件,2026-04-26,https://www.mod.go.jp/gsdf/mae/mafin/k/ko072041.pdf,官公需情報ポータルAPI（全省庁）
2026-04-26 19:11:24,全国,防衛省陸上自衛隊中部方面会計隊,その他,丸パイプフェンス中間柱ほか１４件,2026-04-26,https://www.mod.go.jp/gsdf/mae/mafin/k/ko072046.pdf,官公需情報ポータルAPI（全省庁）
2026-04-26 19:11:24,全国,防衛省陸上自衛隊中部方面会計隊,その他,ブラシ大ほか９件,2026-04-26,https://www.mod.go.jp/gsdf/mae/mafin/k/ko072044.pdf,官公需情報ポータルAPI（全省庁）
2026-04-26 19:11:24,全国,防衛省陸上自衛隊中部方面会計隊,その他,フリクションボールノック０．５ｍｍほか７４件,2026-04-26,https://www.mod.go.jp/gsdf/mae/mafin/k/ko072062.pdf,官公需情報ポータルAPI（全省庁）
2026-04-26 19:11:24,全国,防衛省陸上自衛隊中部方面会計隊,その他,ハンガー １０本組 ほか８件,2026-04-26,https://www.mod.go.jp/gsdf/mae/mafin/k/ko072005.pdf,官公需情報ポータルAPI（全省庁）
2026-04-26 19:11:24,全国,防衛省陸上自衛隊中部方面会計隊,その他,デジタル垂直飛び測定器 ほか４件,2026-04-26,https://www.mod.go.jp/gsdf/mae/mafin/k/ko072003.pdf,官公需情報ポータルAPI（全省庁）
2026-04-26 19:11:23,全国,防衛省陸上自衛隊中部方面会計隊,その他,＜変更＞ 自火報用バッテリー ほか１７件,2026-04-26,https://www.mod.go.jp/gsdf/mae/mafin/k/ko072073.pdf,官公需情報ポータルAPI（全省庁）
2026-04-26 19:11:23,全国,防衛省陸上自衛隊中部方面会計隊,その他,＜削除＞パネルスクリーン オークほか５件,2026-04-26,https://www.mod.go.jp/gsdf/mae/mafin/k/ko072234.pdf,官公需情報ポータルAPI（全省庁）
2026-04-26 19:11:23,全国,防衛省陸上自衛隊中部方面会計隊,その他,電磁開閉器ほか１８０件,2026-04-26,https://www.mod.go.jp/gsdf/mae/mafin/k/ko072045.pdf,官公需情報ポータルAPI（全省庁）
2026-04-26 19:11:23,全国,防衛省陸上自衛隊中部方面会計隊,その他,経口補水液（スティックタイプ） ほか４件,2026-04-26,https://www.mod.go.jp/gsdf/mae/mafin/k/ko072061.pdf,官公需情報ポータルAPI（全省庁）
2026-04-26 19:11:23,全国,防衛省陸上自衛隊中部方面会計隊,その他,受付プレート ほか１８９件,2026-04-26,https://www.mod.go.jp/gsdf/mae/mafin/k/ko072060.pdf,官公需情報ポータルAPI（全省庁）
2026-04-26 19:11:23,全国,防衛省陸上自衛隊中部方面会計隊,その他,パネルスクリーン オークほか５件,2026-04-26,https://www.mod.go.jp/gsdf/mae/mafin/k/ko071989.pdf,官公需情報ポータルAPI（全省庁）
2026-04-26 19:11:23,全国,防衛省陸上自衛隊中部方面会計隊,その他,エルボほか９９件,2026-04-26,https://www.mod.go.jp/gsdf/mae/mafin/k/ko072096.pdf,官公需情報ポータルAPI（全省庁）
2026-04-26 19:11:23,全国,防衛省陸上自衛隊中部方面会計隊,その他,ウォールライトほか４件,2026-04-26,https://www.mod.go.jp/gsdf/mae/mafin/k/ko071984.pdf,官公需情報ポータルAPI（全省庁）
2026-04-26 19:11:22,全国,防衛省陸上自衛隊中部方面会計隊,その他,異径エルボ ほか３９件,2026-04-26,https://www.mod.go.jp/gsdf/mae/mafin/k/ko072015.pdf,官公需情報ポータルAPI（全省庁）
2026-04-26 19:11:22,全国,防衛省陸上自衛隊中部方面会計隊,その他,無線機バッテリーほか７４件,2026-04-26,https://www.mod.go.jp/gsdf/mae/mafin/k/ko072034.pdf,官公需情報ポータルAPI（全省庁）
2026-04-26 19:11:22,全国,防衛省陸上自衛隊中部方面会計隊,その他,六角ボルトほか５９件,2026-04-26,https://www.mod.go.jp/gsdf/mae/mafin/k/ko072043.pdf,官公需情報ポータルAPI（全省庁）
2026-04-26 19:11:22,全国,防衛省陸上自衛隊中部方面会計隊,その他,デスクトップパネルほか３４件,2026-04-26,https://www.mod.go.jp/gsdf/mae/mafin/k/ko072036.pdf,官公需情報ポータルAPI（全省庁）
2026-04-26 19:11:22,全国,防衛省陸上自衛隊中部方面会計隊,その他,スタティックロープ”セカンドプラス”ほか１７４件,2026-04-26,https://www.mod.go.jp/gsdf/mae/mafin/k/ko072035.pdf,官公需情報ポータルAPI（全省庁）
2026-04-26 19:11:22,全国,防衛省陸上自衛隊中部方面会計隊,その他,かご、溺者救助用,2026-04-26,https://www.mod.go.jp/gsdf/mae/mafin/k/ko072040.pdf,官公需情報ポータルAPI（全省庁）
2026-04-26 19:11:21,全国,防衛省陸上自衛隊中部方面会計隊,その他,ロッカー,2026-04-26,https://www.mod.go.jp/gsdf/mae/mafin/k/ko072088.pdf,官公需情報ポータルAPI（全省庁）
2026-04-26 19:11:21,全国,防衛省陸上自衛隊中部方面会計隊,その他,ポリ袋（規格タイプ） ほか２１件,2026-04-26,https://www.mod.go.jp/gsdf/mae/mafin/k/ko072090.pdf,官公需情報ポータルAPI（全省庁）
2026-04-26 19:11:21,全国,防衛省陸上自衛隊中部方面会計隊,その他,オカモト イージーグローブ 指先ぴったり ブルー ほか２１件,2026-04-26,https://www.mod.go.jp/gsdf/mae/mafin/k/ko072089.pdf,官公需情報ポータルAPI（全省庁）
2026-04-26 19:11:20,全国,防衛省陸上自衛隊中部方面会計隊,その他,垂木ほか１９件,2026-04-26,https://www.mod.go.jp/gsdf/mae/mafin/k/ko072134.pdf,官公需情報ポータルAPI（全省庁）
2026-04-26 19:11:20,全国,防衛省陸上自衛隊中部方面会計隊,その他,ワードロープほか２件,2026-04-26,https://www.mod.go.jp/gsdf/mae/mafin/k/ko072014.pdf,官公需情報ポータルAPI（全省庁）
2026-04-26 19:11:20,全国,防衛省陸上自衛隊中部方面会計隊,その他,ロープ止め金具（丸形）ほか２２２件,2026-04-26,https://www.mod.go.jp/gsdf/mae/mafin/k/ko072127.pdf,官公需情報ポータルAPI（全省庁）
2026-04-26 19:11:20,全国,防衛省陸上自衛隊中部方面会計隊,その他,カウンターテーブルほか１０件,2026-04-26,https://www.mod.go.jp/gsdf/mae/mafin/k/ko072019.pdf,官公需情報ポータルAPI（全省庁）
2026-04-26 19:11:19,全国,防衛省陸上自衛隊中部方面会計隊,その他,＜変更＞案内板ほか１２件,2026-04-26,https://www.mod.go.jp/gsdf/mae/mafin/k/ko072158.pdf,官公需情報ポータルAPI（全省庁）
2026-04-26 19:11:19,全国,防衛省陸上自衛隊中部方面会計隊,その他,＜変更＞ボールペン替芯（黒）ほか１３０件,2026-04-26,https://www.mod.go.jp/gsdf/mae/mafin/k/ko072265.pdf,官公需情報ポータルAPI（全省庁）
2026-04-26 19:11:19,全国,防衛省陸上自衛隊中部方面会計隊,その他,養生テープほか２３５件２３１件,2026-04-26,https://www.mod.go.jp/gsdf/mae/mafin/k/ko072120.pdf,官公需情報ポータルAPI（全省庁）
2026-04-26 19:11:19,全国,防衛省陸上自衛隊中部方面会計隊,その他,貴重品ロッカー窓付きダイヤル錠（２０人用）,2026-04-26,https://www.mod.go.jp/gsdf/mae/mafin/k/ko072183.pdf,官公需情報ポータルAPI（全省庁）
2026-04-26 19:11:19,全国,防衛省陸上自衛隊中部方面会計隊,その他,案内板ほか１２件,2026-04-26,https://www.mod.go.jp/gsdf/mae/mafin/k/ko071985.pdf,官公需情報ポータルAPI（全省庁）
2026-04-26 19:11:19,全国,防衛省陸上自衛隊中部方面会計隊,その他,ボールペン替芯（黒）ほか１３０件,2026-04-26,https://www.mod.go.jp/gsdf/mae/mafin/k/ko072161.pdf,官公需情報ポータルAPI（全省庁）
2026-04-26 19:11:19,全国,防衛省陸上自衛隊中部方面会計隊,その他,スター半光沢フォト３ほか９２件,2026-04-26,https://www.mod.go.jp/gsdf/mae/mafin/k/ko072172.pdf,官公需情報ポータルAPI（全省庁）
2026-04-26 19:11:19,全国,防衛省陸上自衛隊中部方面会計隊,その他,スイベルスナップほか１８件,2026-04-26,https://www.mod.go.jp/gsdf/mae/mafin/k/ko072168.pdf,官公需情報ポータルAPI（全省庁）
2026-04-26 19:11:18,全国,防衛省陸上自衛隊中部方面会計隊,その他,＜変更③＞養生テープほか２３１件,2026-04-26,https://www.mod.go.jp/gsdf/mae/mafin/k/ko072282.pdf,官公需情報ポータルAPI（全省庁）
2026-04-26 19:11:18,全国,防衛省陸上自衛隊中部方面会計隊,その他,＜変更②＞養生テープほか２３１件,2026-04-26,https://www.mod.go.jp/gsdf/mae/mafin/k/ko072257.pdf,官公需情報ポータルAPI（全省庁）
2026-04-26 19:11:18,全国,防衛省陸上自衛隊中部方面会計隊,その他,＜変更①＞養生テープほか２３１件,2026-04-26,https://www.mod.go.jp/gsdf/mae/mafin/k/ko072156.pdf,官公需情報ポータルAPI（全省庁）
2026-04-26 19:11:18,全国,防衛省陸上自衛隊中部方面会計隊,その他,洗面カウンター,2026-04-26,https://www.mod.go.jp/gsdf/mae/mafin/k/ko072277.pdf,官公需情報ポータルAPI（全省庁）
2026-04-26 19:11:18,全国,防衛省陸上自衛隊中部方面会計隊,その他,ロッカー,2026-04-26,https://www.mod.go.jp/gsdf/mae/mafin/k/ko072212.pdf,官公需情報ポータルAPI（全省庁）
2026-04-26 19:11:18,全国,防衛省陸上自衛隊中部方面会計隊,その他,ハンガーラック 黒 上下伸縮 ほか１４件,2026-04-26,https://www.mod.go.jp/gsdf/mae/mafin/k/ko072219.pdf,官公需情報ポータルAPI（全省庁）
2026-04-26 19:11:17,全国,防衛省陸上自衛隊中部方面会計隊,その他,＜変更＞小型輸送コンテナ,2026-04-26,https://www.mod.go.jp/gsdf/mae/mafin/k/ko072358.pdf,官公需情報ポータルAPI（全省庁）
2026-04-26 19:11:17,全国,防衛省陸上自衛隊中部方面会計隊,その他,携帯型貴重品ロッカー（２４人）ほか３件,2026-04-26,https://www.mod.go.jp/gsdf/mae/mafin/k/ko072284.pdf,官公需情報ポータルAPI（全省庁）
2026-04-26 19:11:17,全国,防衛省陸上自衛隊中部方面会計隊,その他,小型輸送コンテナ,2026-04-26,https://www.mod.go.jp/gsdf/mae/mafin/k/ko072314.pdf,官公需情報ポータルAPI（全省庁）
2026-04-26 19:11:17,全国,防衛省陸上自衛隊中部方面会計隊,その他,割栗石ほか１件,2026-04-26,https://www.mod.go.jp/gsdf/mae/mafin/k/ko072326.pdf,官公需情報ポータルAPI（全省庁）
2026-04-26 19:11:17,全国,防衛省陸上自衛隊中部方面会計隊,その他,コーヒー豆（１ｋｇ） ほか１０件,2026-04-26,https://www.mod.go.jp/gsdf/mae/mafin/k/ko072269.pdf,官公需情報ポータルAPI（全省庁）
2026-04-26 19:11:16,全国,防衛省陸上自衛隊中部方面会計隊,その他,関東ジョレン（角）ほか２２件,2026-04-26,https://www.mod.go.jp/gsdf/mae/mafin/k/ko072381.pdf,官公需情報ポータルAPI（全省庁）
2026-04-26 19:11:16,全国,防衛省陸上自衛隊中部方面会計隊,その他,熱中症暑さ指数計 ほか８０件,2026-04-26,https://www.mod.go.jp/gsdf/mae/mafin/k/ko072379.pdf,官公需情報ポータルAPI（全省庁）
2026-04-26 19:11:16,全国,防衛省陸上自衛隊中部方面会計隊,その他,ビニールプレート ほか３件,2026-04-26,https://www.mod.go.jp/gsdf/mae/mafin/k/ko072325.pdf,官公需情報ポータルAPI（全省庁）
2026-04-26 19:11:16,全国,防衛省陸上自衛隊中部方面会計隊,物品,サイドテーブル取付け可ネスティングパイプ椅子 黒布貼り 多目的用＜グリーン購入法適合品＞ほか１件,2026-04-26,https://www.mod.go.jp/gsdf/mae/mafin/k/ko072369.pdf,官公需情報ポータルAPI（全省庁）
2026-04-26 19:11:16,全国,防衛省陸上自衛隊中部方面会計隊,その他,アイロン ほか１件,2026-04-26,https://www.mod.go.jp/gsdf/mae/mafin/k/ko072324.pdf,官公需情報ポータルAPI（全省庁）
2026-04-26 19:11:15,全国,防衛省陸上自衛隊中部方面会計隊,その他,ＰＭポール用金具ほか２２件,2026-04-26,https://www.mod.go.jp/gsdf/mae/mafin/k/ko072552.pdf,官公需情報ポータルAPI（全省庁）
2026-04-26 19:11:15,全国,防衛省陸上自衛隊中部方面会計隊,その他,＜変更＞ホッチキスほか７９件,2026-04-26,https://www.mod.go.jp/gsdf/mae/mafin/k/ko072581.pdf,官公需情報ポータルAPI（全省庁）
2026-04-26 19:11:15,全国,防衛省陸上自衛隊中部方面会計隊,その他,高圧メラミンフロアタイルほか３８件,2026-04-26,https://www.mod.go.jp/gsdf/mae/mafin/k/ko072380.pdf,官公需情報ポータルAPI（全省庁）
2026-04-26 19:11:15,全国,防衛省陸上自衛隊中部方面会計隊,その他,保温ジャケットほか２０件,2026-04-26,https://www.mod.go.jp/gsdf/mae/mafin/k/ko072553.pdf,官公需情報ポータルAPI（全省庁）
2026-04-26 19:11:15,全国,防衛省陸上自衛隊中部方面会計隊,その他,保温ジャケット,2026-04-26,https://www.mod.go.jp/gsdf/mae/mafin/k/ko072387.pdf,官公需情報ポータルAPI（全省庁）
2026-04-26 19:11:15,全国,防衛省陸上自衛隊中部方面会計隊,その他,レーザープリンタートナーほか３件,2026-04-26,https://www.mod.go.jp/gsdf/mae/mafin/k/ko072449.pdf,官公需情報ポータルAPI（全省庁）
2026-04-26 19:11:15,全国,防衛省陸上自衛隊中部方面会計隊,その他,ホッチキスほか７９件,2026-04-26,https://www.mod.go.jp/gsdf/mae/mafin/k/ko072554.pdf,官公需情報ポータルAPI（全省庁）
2026-04-26 19:11:15,全国,防衛省陸上自衛隊中部方面会計隊,その他,キャップナットほか３８件,2026-04-26,https://www.mod.go.jp/gsdf/mae/mafin/k/ko072386.pdf,官公需情報ポータルAPI（全省庁）
2026-04-26 19:11:14,全国,防衛省陸上自衛隊中部方面会計隊,その他,電卓ほか７０件,2026-04-26,https://www.mod.go.jp/gsdf/mae/mafin/k/ko072372.pdf,官公需情報ポータルAPI（全省庁）
2026-04-26 19:11:14,全国,防衛省陸上自衛隊中部方面会計隊,その他,指示棒ほか９件,2026-04-26,https://www.mod.go.jp/gsdf/mae/mafin/k/ko072371.pdf,官公需情報ポータルAPI（全省庁）
2026-04-26 19:11:14,全国,防衛省陸上自衛隊中部方面会計隊,その他,ブギーボードほか２９８件,2026-04-26,https://www.mod.go.jp/gsdf/mae/mafin/k/ko072498.pdf,官公需情報ポータルAPI（全省庁）
2026-04-26 19:11:14,全国,防衛省陸上自衛隊中部方面会計隊,その他,タイルカーペット,2026-04-26,https://www.mod.go.jp/gsdf/mae/mafin/k/ko072496.pdf,官公需情報ポータルAPI（全省庁）
2026-04-26 19:11:14,全国,防衛省陸上自衛隊中部方面会計隊,その他,ゴム印 ほか８７件,2026-04-26,https://www.mod.go.jp/gsdf/mae/mafin/k/ko072494.pdf,官公需情報ポータルAPI（全省庁）
2026-04-26 19:11:13,全国,防衛省陸上自衛隊中部方面会計隊,役務,溶接用作業台ほか５４件,2026-04-26,https://www.mod.go.jp/gsdf/mae/mafin/k/ko072493.pdf,官公需情報ポータルAPI（全省庁）
2026-04-26 19:11:13,全国,防衛省陸上自衛隊中部方面会計隊,その他,扇風機 ほか１７件,2026-04-26,https://www.mod.go.jp/gsdf/mae/mafin/k/ko072486.pdf,官公需情報ポータルAPI（全省庁）
2026-04-26 19:11:13,全国,防衛省陸上自衛隊中部方面会計隊,役務,作業用エプロン（腕付）ほか１９５件,2026-04-26,https://www.mod.go.jp/gsdf/mae/mafin/k/ko072491.pdf,官公需情報ポータルAPI（全省庁）
2026-04-26 19:11:13,全国,防衛省陸上自衛隊中部方面会計隊,その他,レギュラーコーヒー ほか１件,2026-04-26,https://www.mod.go.jp/gsdf/mae/mafin/k/ko072487.pdf,官公需情報ポータルAPI（全省庁）
2026-04-26 19:11:13,全国,防衛省陸上自衛隊中部方面会計隊,その他,ホワイトボードマーカー細字（黒）ほか１１４件,2026-04-26,https://www.mod.go.jp/gsdf/mae/mafin/k/ko072516.pdf,官公需情報ポータルAPI（全省庁）
2026-04-26 19:11:12,全国,防衛省陸上自衛隊中部方面会計隊,その他,４連スクリーンティクスほか６件,2026-04-26,https://www.mod.go.jp/gsdf/mae/mafin/k/ko072556.pdf,官公需情報ポータルAPI（全省庁）
2026-04-26 19:11:12,全国,防衛省陸上自衛隊中部方面会計隊,その他,買い物かご ほか６５件,2026-04-26,https://www.mod.go.jp/gsdf/mae/mafin/k/ko072550.pdf,官公需情報ポータルAPI（全省庁）
2026-04-26 19:11:12,全国,防衛省陸上自衛隊中部方面会計隊,その他,ワードロープ棚,2026-04-26,https://www.mod.go.jp/gsdf/mae/mafin/k/ko072353.pdf,官公需情報ポータルAPI（全省庁）
2026-04-26 19:11:12,全国,防衛省陸上自衛隊中部方面会計隊,その他,プラダン ほか１３４件,2026-04-26,https://www.mod.go.jp/gsdf/mae/mafin/k/ko072515.pdf,官公需情報ポータルAPI（全省庁）
2026-04-26 19:11:12,全国,防衛省陸上自衛隊中部方面会計隊,その他,コンクリートキャンパス,2026-04-26,https://www.mod.go.jp/gsdf/mae/mafin/k/ko072415.pdf,官公需情報ポータルAPI（全省庁）
2026-04-26 19:11:12,全国,防衛省陸上自衛隊中部方面会計隊,その他,エンジニアグローブ Ｍ ほか３２件,2026-04-26,https://www.mod.go.jp/gsdf/mae/mafin/k/ko072617.pdf,官公需情報ポータルAPI（全省庁）
2026-04-26 19:11:12,全国,防衛省陸上自衛隊中部方面会計隊,その他,Ⅴカード立てほか１２１件,2026-04-26,https://www.mod.go.jp/gsdf/mae/mafin/k/ko072430.pdf,官公需情報ポータルAPI（全省庁）
2026-04-26 19:11:11,全国,防衛省陸上自衛隊中部方面会計隊,その他,＜変更＞ペイントマーカー細字ＰＸ２１（赤）ほか４０件,2026-04-26,https://www.mod.go.jp/gsdf/mae/mafin/k/ko072582.pdf,官公需情報ポータルAPI（全省庁）
2026-04-26 19:11:11,全国,防衛省陸上自衛隊中部方面会計隊,その他,４０ｍ電源＋映像２本一体ケーブル（太線）３Ｃ−２Ｖ ほか３件,2026-04-26,https://www.mod.go.jp/gsdf/mae/mafin/k/ko072532.pdf,官公需情報ポータルAPI（全省庁）
2026-04-26 19:11:11,全国,防衛省陸上自衛隊中部方面会計隊,その他,特種静電気ライディングシート（ホワイト）ほか９件,2026-04-26,https://www.mod.go.jp/gsdf/mae/mafin/k/ko072434.pdf,官公需情報ポータルAPI（全省庁）
2026-04-26 19:11:11,全国,防衛省陸上自衛隊中部方面会計隊,その他,ワードローブほか１件,2026-04-26,https://www.mod.go.jp/gsdf/mae/mafin/k/ko072469.pdf,官公需情報ポータルAPI（全省庁）
2026-04-26 19:11:11,全国,防衛省陸上自衛隊中部方面会計隊,その他,ペイントマーカー細字ＰＸ２１（赤）ほか４０件,2026-04-26,https://www.mod.go.jp/gsdf/mae/mafin/k/ko072533.pdf,官公需情報ポータルAPI（全省庁）
2026-04-26 19:11:11,全国,防衛省陸上自衛隊中部方面会計隊,その他,ストレッチ勤務帽ほか６２件,2026-04-26,https://www.mod.go.jp/gsdf/mae/mafin/k/ko072471.pdf,官公需情報ポータルAPI（全省庁）
2026-04-26 19:11:10,全国,防衛省陸上自衛隊中部方面会計隊,その他,耐衝撃硬質塩化ビニール管［ＨＩ−ＶＰ］ほか８６件,2026-04-26,https://www.mod.go.jp/gsdf/mae/mafin/k/ko072512.pdf,官公需情報ポータルAPI（全省庁）
2026-04-26 19:11:10,全国,防衛省陸上自衛隊中部方面会計隊,その他,保温ジャケットほか５件,2026-04-26,https://www.mod.go.jp/gsdf/mae/mafin/k/ko072485.pdf,官公需情報ポータルAPI（全省庁）
2026-04-26 19:11:10,全国,防衛省陸上自衛隊中部方面会計隊,その他,デカポ１０００ほか１２件,2026-04-26,https://www.mod.go.jp/gsdf/mae/mafin/k/ko072429.pdf,官公需情報ポータルAPI（全省庁）
2026-04-26 19:11:10,全国,防衛省陸上自衛隊中部方面会計隊,その他,ウルトラスカウトライトほか２件,2026-04-26,https://www.mod.go.jp/gsdf/mae/mafin/k/ko072433.pdf,官公需情報ポータルAPI（全省庁）
2026-04-26 19:11:09,全国,防衛省陸上自衛隊中部方面会計隊,その他,＜変更＞洗えるタイルカーペット（ＷＹ００１ ＤＧＹ ５０×５０）ほか３２件,2026-04-26,https://www.mod.go.jp/gsdf/mae/mafin/k/ko072601.pdf,官公需情報ポータルAPI（全省庁）
2026-04-26 19:11:09,全国,防衛省陸上自衛隊中部方面会計隊,その他,＜変更＞エーコー金庫ダイヤル式２列２段ほか１６８件,2026-04-26,https://www.mod.go.jp/gsdf/mae/mafin/k/ko072717.pdf,官公需情報ポータルAPI（全省庁）
2026-04-26 19:11:09,全国,防衛省陸上自衛隊中部方面会計隊,その他,洗えるタイルカーペット（ＷＹ００１ ＤＧＹ ５０×５０）ほか３２件,2026-04-26,https://www.mod.go.jp/gsdf/mae/mafin/k/ko072497.pdf,官公需情報ポータルAPI（全省庁）
2026-04-26 19:11:09,全国,防衛省陸上自衛隊中部方面会計隊,その他,垂直スタックフォールディングチェア背座パッドタイプほか１件,2026-04-26,https://www.mod.go.jp/gsdf/mae/mafin/k/ko072432.pdf,官公需情報ポータルAPI（全省庁）
2026-04-26 19:11:09,全国,防衛省陸上自衛隊中部方面会計隊,その他,マネージャーチェアー（大隊長以上用）ほか９件,2026-04-26,https://www.mod.go.jp/gsdf/mae/mafin/k/ko072431.pdf,官公需情報ポータルAPI（全省庁）
2026-04-26 19:11:09,全国,防衛省陸上自衛隊中部方面会計隊,その他,エーコー金庫ダイヤル式２列２段ほか１６８件,2026-04-26,https://www.mod.go.jp/gsdf/mae/mafin/k/ko072528.pdf,官公需情報ポータルAPI（全省庁）
2026-04-26 19:11:08,全国,防衛省陸上自衛隊中部方面会計隊,その他,ＬＥＤ蛍光灯 １０形 直管 昼白色ほか４件,2026-04-26,https://www.mod.go.jp/gsdf/mae/mafin/k/ko072628.pdf,官公需情報ポータルAPI（全省庁）
2026-04-26 19:11:08,全国,防衛省陸上自衛隊中部方面会計隊,その他,３連スクリーンほか５件,2026-04-26,https://www.mod.go.jp/gsdf/mae/mafin/k/ko072562.pdf,官公需情報ポータルAPI（全省庁）
2026-04-26 19:11:08,全国,防衛省陸上自衛隊中部方面会計隊,その他,非常用誘導灯蓄電池ほか１４件,2026-04-26,https://www.mod.go.jp/gsdf/mae/mafin/k/ko072522.pdf,官公需情報ポータルAPI（全省庁）
2026-04-26 19:11:08,全国,防衛省陸上自衛隊中部方面会計隊,その他,組立式掩体壕,2026-04-26,https://www.mod.go.jp/gsdf/mae/mafin/k/ko072567.pdf,官公需情報ポータルAPI（全省庁）
2026-04-26 19:11:08,全国,防衛省陸上自衛隊中部方面会計隊,その他,片袖机《ＳＳＤＨシーリーズ》Ｈ７２０ ほか７件,2026-04-26,https://www.mod.go.jp/gsdf/mae/mafin/k/ko072428.pdf,官公需情報ポータルAPI（全省庁）
2026-04-26 19:11:08,全国,防衛省陸上自衛隊中部方面会計隊,その他,消せるボールペンほか２件,2026-04-26,https://www.mod.go.jp/gsdf/mae/mafin/k/ko072638.pdf,官公需情報ポータルAPI（全省庁）
2026-04-26 19:11:08,全国,防衛省陸上自衛隊中部方面会計隊,その他,工業用パッド（２０枚入り）ほか２３件,2026-04-26,https://www.mod.go.jp/gsdf/mae/mafin/k/ko072639.pdf,官公需情報ポータルAPI（全省庁）
2026-04-26 19:11:08,全国,防衛省陸上自衛隊中部方面会計隊,その他,土質改良剤ほか９７件,2026-04-26,https://www.mod.go.jp/gsdf/mae/mafin/k/ko072695.pdf,官公需情報ポータルAPI（全省庁）
2026-04-26 19:11:08,全国,防衛省陸上自衛隊中部方面会計隊,その他,リンナイ ガステーブル 右強火力ほか４件,2026-04-26,https://www.mod.go.jp/gsdf/mae/mafin/k/ko072602.pdf,官公需情報ポータルAPI（全省庁）
2026-04-26 19:11:07,全国,防衛省陸上自衛隊中部方面会計隊,その他,次亜塩素酸ナトリウム,2026-04-26,https://www.mod.go.jp/gsdf/mae/mafin/k/ko072637.pdf,官公需情報ポータルAPI（全省庁）
2026-04-26 19:11:07,全国,防衛省陸上自衛隊中部方面会計隊,その他,メタルラックほか１４１件,2026-04-26,https://www.mod.go.jp/gsdf/mae/mafin/k/ko072797.pdf,官公需情報ポータルAPI（全省庁）
2026-04-26 19:11:07,全国,防衛省陸上自衛隊中部方面会計隊,その他,パソコンデスク ほか４件,2026-04-26,https://www.mod.go.jp/gsdf/mae/mafin/k/ko072693.pdf,官公需情報ポータルAPI（全省庁）
2026-04-26 19:11:07,全国,防衛省陸上自衛隊中部方面会計隊,その他,ウッド調フロアタイル,2026-04-26,https://www.mod.go.jp/gsdf/mae/mafin/k/ko072694.pdf,官公需情報ポータルAPI（全省庁）
2026-04-26 19:11:06,全国,防衛省陸上自衛隊中部方面会計隊,その他,ＬＥＤ 電球 ほか３１件,2026-04-26,https://www.mod.go.jp/gsdf/mae/mafin/k/ko072925.pdf,官公需情報ポータルAPI（全省庁）
2026-04-26 19:11:06,全国,防衛省陸上自衛隊中部方面会計隊,その他,ＨＡＫＵＢＡ カメラバック ブラックほか１５７件,2026-04-26,https://www.mod.go.jp/gsdf/mae/mafin/k/ko072916.pdf,官公需情報ポータルAPI（全省庁）
2026-04-26 19:11:06,全国,防衛省陸上自衛隊中部方面会計隊,その他,養生用テープ ほか２２件,2026-04-26,https://www.mod.go.jp/gsdf/mae/mafin/k/ko072764.pdf,官公需情報ポータルAPI（全省庁）
2026-04-26 19:11:06,全国,防衛省陸上自衛隊中部方面会計隊,その他,充電式クリーナー ４０Ｖｍａｘ ＢＬモータ搭載ほか１９件,2026-04-26,https://www.mod.go.jp/gsdf/mae/mafin/k/ko072879.pdf,官公需情報ポータルAPI（全省庁）
2026-04-26 19:11:06,全国,防衛省陸上自衛隊中部方面会計隊,その他,ペーパーファスナー（３７ＭＭ）５０本ほか４９件,2026-04-26,https://www.mod.go.jp/gsdf/mae/mafin/k/ko072944.pdf,官公需情報ポータルAPI（全省庁）
2026-04-26 19:11:06,全国,防衛省陸上自衛隊中部方面会計隊,その他,フロアシート,2026-04-26,https://www.mod.go.jp/gsdf/mae/mafin/k/ko072920.pdf,官公需情報ポータルAPI（全省庁）
2026-04-26 19:11:06,全国,防衛省陸上自衛隊中部方面会計隊,その他,スマートフォン収納キャビネット ほか５２件,2026-04-26,https://www.mod.go.jp/gsdf/mae/mafin/k/ko072880.pdf,官公需情報ポータルAPI（全省庁）
2026-04-26 19:11:05,全国,防衛省陸上自衛隊中部方面会計隊,その他,和歌山軽油 ２号（バルク）ほか２件,2026-04-26,https://www.mod.go.jp/gsdf/mae/mafin/k/ko072932.pdf,官公需情報ポータルAPI（全省庁）
2026-04-26 19:11:05,全国,防衛省陸上自衛隊中部方面会計隊,その他,マグネットシートほか２５６件,2026-04-26,https://www.mod.go.jp/gsdf/mae/mafin/k/ko072983.pdf,官公需情報ポータルAPI（全省庁）
2026-04-26 19:11:05,全国,防衛省陸上自衛隊中部方面会計隊,その他,ブレーキ＆パーツクリーナー（１２本入り）ほか７７件,2026-04-26,https://www.mod.go.jp/gsdf/mae/mafin/k/ko072959.pdf,官公需情報ポータルAPI（全省庁）
2026-04-26 19:11:05,全国,防衛省陸上自衛隊中部方面会計隊,その他,コーヒー ほか３件,2026-04-26,https://www.mod.go.jp/gsdf/mae/mafin/k/ko072843.pdf,官公需情報ポータルAPI（全省庁）
2026-04-26 19:11:05,全国,防衛省陸上自衛隊中部方面会計隊,その他,コードリールほか７０件,2026-04-26,https://www.mod.go.jp/gsdf/mae/mafin/k/ko072956.pdf,官公需情報ポータルAPI（全省庁）
2026-04-26 19:11:05,全国,防衛省陸上自衛隊中部方面会計隊,その他,カラーペーパー 緑ほか１７０件,2026-04-26,https://www.mod.go.jp/gsdf/mae/mafin/k/ko072955.pdf,官公需情報ポータルAPI（全省庁）
2026-04-26 19:11:04,全国,防衛省陸上自衛隊中部方面会計隊,その他,ＬＥＤ照明器具 ほか１２件,2026-04-26,https://www.mod.go.jp/gsdf/mae/mafin/k/ko073050.pdf,官公需情報ポータルAPI（全省庁）
2026-04-26 19:11:04,全国,防衛省陸上自衛隊中部方面会計隊,その他,冷蔵庫 ほか１９件,2026-04-26,https://www.mod.go.jp/gsdf/mae/mafin/k/ko073051.pdf,官公需情報ポータルAPI（全省庁）
2026-04-26 19:11:04,全国,防衛省陸上自衛隊中部方面会計隊,その他,ラチェット荷締機ほか５４件,2026-04-26,https://www.mod.go.jp/gsdf/mae/mafin/k/ko073046.pdf,官公需情報ポータルAPI（全省庁）
2026-04-26 19:11:04,全国,防衛省陸上自衛隊中部方面会計隊,その他,モバイルバッテリー（超高速充電） ほか１０件,2026-04-26,https://www.mod.go.jp/gsdf/mae/mafin/k/ko073049.pdf,官公需情報ポータルAPI（全省庁）
2026-04-26 19:11:04,全国,防衛省陸上自衛隊中部方面会計隊,その他,パンチ ほか１９件,2026-04-26,https://www.mod.go.jp/gsdf/mae/mafin/k/ko073054.pdf,官公需情報ポータルAPI（全省庁）
2026-04-26 19:11:04,全国,防衛省陸上自衛隊中部方面会計隊,その他,コーヒースティック ほか４件,2026-04-26,https://www.mod.go.jp/gsdf/mae/mafin/k/ko073052.pdf,官公需情報ポータルAPI（全省庁）
2026-04-26 19:11:04,全国,防衛省陸上自衛隊中部方面会計隊,その他,カーテンセット,2026-04-26,https://www.mod.go.jp/gsdf/mae/mafin/k/ko073055.pdf,官公需情報ポータルAPI（全省庁）
2026-04-26 19:11:03,全国,防衛省陸上自衛隊中部方面会計隊,その他,［中字］油性ホワイトボードマーカーほか７０件,2026-04-26,https://www.mod.go.jp/gsdf/mae/mafin/k/ko073048.pdf,官公需情報ポータルAPI（全省庁）
2026-04-26 19:11:03,全国,防衛省陸上自衛隊中部方面会計隊,その他,＜変更＞インスタントティーほか４１３件,2026-04-26,https://www.mod.go.jp/gsdf/mae/mafin/k/ko073105.pdf,官公需情報ポータルAPI（全省庁）
2026-04-26 19:11:03,全国,防衛省陸上自衛隊中部方面会計隊,その他,垂木 ほか１３６件,2026-04-26,https://www.mod.go.jp/gsdf/mae/mafin/k/ko073062.pdf,官公需情報ポータルAPI（全省庁）
2026-04-26 19:11:03,全国,防衛省陸上自衛隊中部方面会計隊,その他,コードレススティック掃除機,2026-04-26,https://www.mod.go.jp/gsdf/mae/mafin/k/ko073059.pdf,官公需情報ポータルAPI（全省庁）
2026-04-26 19:11:03,全国,防衛省陸上自衛隊中部方面会計隊,その他,インスタントティーほか４１３件,2026-04-26,https://www.mod.go.jp/gsdf/mae/mafin/k/ko073020.pdf,官公需情報ポータルAPI（全省庁）
2026-04-26 19:11:02,全国,防衛省陸上自衛隊中部方面会計隊,その他,アピール ＡＮ４００,2026-04-26,https://www.mod.go.jp/gsdf/mae/mafin/k/ko073118.pdf,官公需情報ポータルAPI（全省庁）
2026-04-26 19:11:01,全国,防衛省陸上自衛隊中部方面会計隊,その他,電磁弁ほか５６件,2026-04-26,https://www.mod.go.jp/gsdf/mae/mafin/k/ko073023.pdf,官公需情報ポータルAPI（全省庁）
2026-04-26 19:11:01,全国,防衛省陸上自衛隊中部方面会計隊,その他,煙感知器用ガス試験器本体ガスボンベ支持棒４．５ｍ収納袋付き,2026-04-26,https://www.mod.go.jp/gsdf/mae/mafin/k/ko072992.pdf,官公需情報ポータルAPI（全省庁）
2026-04-26 19:11:01,全国,防衛省陸上自衛隊中部方面会計隊,その他,完封丸竹箸（１００膳）ほか８１件,2026-04-26,https://www.mod.go.jp/gsdf/mae/mafin/k/ko073077.pdf,官公需情報ポータルAPI（全省庁）
2026-04-26 19:11:00,全国,防衛省陸上自衛隊中部方面会計隊,その他,＜変更＞二—パッドほか３８３件,2026-04-26,https://www.mod.go.jp/gsdf/mae/mafin/k/ko073134.pdf,官公需情報ポータルAPI（全省庁）
2026-04-26 19:11:00,全国,防衛省陸上自衛隊中部方面会計隊,その他,＜変更＞二—パッドほか３８３件,2026-04-26,https://www.mod.go.jp/gsdf/mae/mafin/k/ko073154.pdf,官公需情報ポータルAPI（全省庁）
2026-04-26 19:11:00,全国,防衛省陸上自衛隊中部方面会計隊,その他,単管パイプ１．５ｍ（４本）ほか７９件,2026-04-26,https://www.mod.go.jp/gsdf/mae/mafin/k/ko073097.pdf,官公需情報ポータルAPI（全省庁）
2026-04-26 19:11:00,全国,防衛省陸上自衛隊中部方面会計隊,その他,二—パッドほか３８３件,2026-04-26,https://www.mod.go.jp/gsdf/mae/mafin/k/ko073073.pdf,官公需情報ポータルAPI（全省庁）
2026-04-26 19:11:00,全国,防衛省陸上自衛隊中部方面会計隊,その他,マルチカラーペーパーほか３０件,2026-04-26,https://www.mod.go.jp/gsdf/mae/mafin/k/ko073006.pdf,官公需情報ポータルAPI（全省庁）
2026-04-26 19:11:00,全国,防衛省陸上自衛隊中部方面会計隊,その他,ストレートドリルほか４６件,2026-04-26,https://www.mod.go.jp/gsdf/mae/mafin/k/ko073004.pdf,官公需情報ポータルAPI（全省庁）
2026-04-26 19:11:00,全国,防衛省陸上自衛隊中部方面会計隊,その他,コンプ圧力スイッチ ほか１７件,2026-04-26,https://www.mod.go.jp/gsdf/mae/mafin/k/ko073078.pdf,官公需情報ポータルAPI（全省庁）
2026-04-26 19:10:59,全国,防衛省陸上自衛隊中部方面会計隊,その他,４’Ｓｔａｔｉｃ Ｓｔａｎｄ Ｋｉｔほか３件,2026-04-26,https://www.mod.go.jp/gsdf/mae/mafin/k/ko073063.pdf,官公需情報ポータルAPI（全省庁）
2026-04-26 19:10:59,全国,防衛省陸上自衛隊中部方面会計隊,役務,作業服用ネームほか１３件,2026-04-26,https://www.mod.go.jp/gsdf/mae/mafin/k/ko073085.pdf,官公需情報ポータルAPI（全省庁）
2026-04-26 19:10:59,全国,防衛省陸上自衛隊中部方面会計隊,その他,ミーティングチェアおしゃれ回転椅子（ダークブラウン）ほか１２件,2026-04-26,https://www.mod.go.jp/gsdf/mae/mafin/k/ko073053.pdf,官公需情報ポータルAPI（全省庁）
2026-04-26 19:10:59,全国,防衛省陸上自衛隊中部方面会計隊,その他,スマートフォン収納保管庫（４台）ほか１４件,2026-04-26,https://www.mod.go.jp/gsdf/mae/mafin/k/ko073027.pdf,官公需情報ポータルAPI（全省庁）
2026-04-26 19:10:59,全国,防衛省陸上自衛隊中部方面会計隊,その他,オイルフィルターほか１５件,2026-04-26,https://www.mod.go.jp/gsdf/mae/mafin/k/ko073072.pdf,官公需情報ポータルAPI（全省庁）
2026-04-26 19:10:59,全国,防衛省陸上自衛隊中部方面会計隊,その他,ウォータータンク（コック付）ほか１５８件,2026-04-26,https://www.mod.go.jp/gsdf/mae/mafin/k/ko073088.pdf,官公需情報ポータルAPI（全省庁）
2026-04-26 19:10:59,全国,防衛省陸上自衛隊中部方面会計隊,その他,つなぎ服ほか５１件,2026-04-26,https://www.mod.go.jp/gsdf/mae/mafin/k/ko073096.pdf,官公需情報ポータルAPI（全省庁）
2026-04-26 19:10:58,全国,防衛省陸上自衛隊中部方面会計隊,役務,環水処理フィルター,2026-04-26,https://www.mod.go.jp/gsdf/mae/mafin/k/ko073183.pdf,官公需情報ポータルAPI（全省庁）
2026-04-26 19:10:58,全国,防衛省陸上自衛隊中部方面会計隊,その他,片袖机ほか６件,2026-04-26,https://www.mod.go.jp/gsdf/mae/mafin/k/ko073213.pdf,官公需情報ポータルAPI（全省庁）
2026-04-26 19:10:58,全国,防衛省陸上自衛隊中部方面会計隊,その他,水糸 ほか１１件,2026-04-26,https://www.mod.go.jp/gsdf/mae/mafin/k/ko073140.pdf,官公需情報ポータルAPI（全省庁）
2026-04-26 19:10:58,全国,防衛省陸上自衛隊中部方面会計隊,その他,パソコンデスク,2026-04-26,https://www.mod.go.jp/gsdf/mae/mafin/k/ko073206.pdf,官公需情報ポータルAPI（全省庁）
2026-04-26 19:10:58,全国,防衛省陸上自衛隊中部方面会計隊,その他,コーヒースティック（ブラック） ほか３件,2026-04-26,https://www.mod.go.jp/gsdf/mae/mafin/k/ko073180.pdf,官公需情報ポータルAPI（全省庁）
2026-04-26 19:10:57,全国,防衛省陸上自衛隊中部方面会計隊,その他,＜変更＞冷蔵庫 観音開き３６２Ｌ ２段式黒又はダークシルバー ほか１１件,2026-04-26,https://www.mod.go.jp/gsdf/mae/mafin/k/ko073247.pdf,官公需情報ポータルAPI（全省庁）
2026-04-26 19:10:57,全国,防衛省陸上自衛隊中部方面会計隊,その他,３枚引戸書庫ほか１件,2026-04-26,https://www.mod.go.jp/gsdf/mae/mafin/k/ko073346.pdf,官公需情報ポータルAPI（全省庁）
2026-04-26 19:10:57,全国,防衛省陸上自衛隊中部方面会計隊,その他,防水・防錆塗料ほか１件,2026-04-26,https://www.mod.go.jp/gsdf/mae/mafin/k/ko073365.pdf,官公需情報ポータルAPI（全省庁）
2026-04-26 19:10:57,全国,防衛省陸上自衛隊中部方面会計隊,その他,木目柄 営内班用ロッカー（Ｗ９００）ほか２件,2026-04-26,https://www.mod.go.jp/gsdf/mae/mafin/k/ko073214.pdf,官公需情報ポータルAPI（全省庁）
2026-04-26 19:10:57,全国,防衛省陸上自衛隊中部方面会計隊,その他,天井直付型 ４０形 一体型ＬＥＤベースライト（非常用）ほか２件,2026-04-26,https://www.mod.go.jp/gsdf/mae/mafin/k/ko073343.pdf,官公需情報ポータルAPI（全省庁）
2026-04-26 19:10:57,全国,防衛省陸上自衛隊中部方面会計隊,その他,冷蔵庫 観音開き３６２Ｌ ２段式黒又はダークシルバーほか１１件,2026-04-26,https://www.mod.go.jp/gsdf/mae/mafin/k/ko073182.pdf,官公需情報ポータルAPI（全省庁）
2026-04-26 19:10:57,全国,防衛省陸上自衛隊中部方面会計隊,その他,ハンガーラック 黒 上下伸縮 ほか６件,2026-04-26,https://www.mod.go.jp/gsdf/mae/mafin/k/ko073184.pdf,官公需情報ポータルAPI（全省庁）
2026-04-26 19:10:57,全国,防衛省陸上自衛隊中部方面会計隊,その他,タフニール ほか６件,2026-04-26,https://www.mod.go.jp/gsdf/mae/mafin/k/ko073287.pdf,官公需情報ポータルAPI（全省庁）
2026-04-26 19:10:57,全国,防衛省陸上自衛隊中部方面会計隊,その他,コードレススティック掃除機,2026-04-26,https://www.mod.go.jp/gsdf/mae/mafin/k/ko073236.pdf,官公需情報ポータルAPI（全省庁）
2026-04-26 19:10:57,全国,防衛省陸上自衛隊中部方面会計隊,その他,ウエポンライトＷＬ５０ＩＲほか１件,2026-04-26,https://www.mod.go.jp/gsdf/mae/mafin/k/ko073245.pdf,官公需情報ポータルAPI（全省庁）
2026-04-26 19:10:56,全国,防衛省陸上自衛隊中部方面会計隊,その他,＜変更＞６連パーテーション 黒又はダークグレー ポリエステル,2026-04-26,https://www.mod.go.jp/gsdf/mae/mafin/k/ko073248.pdf,官公需情報ポータルAPI（全省庁）
2026-04-26 19:10:56,全国,防衛省陸上自衛隊中部方面会計隊,その他,６連パーテーション 黒又はダークグレー ポリエステル,2026-04-26,https://www.mod.go.jp/gsdf/mae/mafin/k/ko073181.pdf,官公需情報ポータルAPI（全省庁）
2026-04-26 19:10:56,全国,防衛省陸上自衛隊中部方面会計隊,その他,２口 ガスコンロ 都市ガス用 ほか３件,2026-04-26,https://www.mod.go.jp/gsdf/mae/mafin/k/ko073326.pdf,官公需情報ポータルAPI（全省庁）
2026-04-26 19:10:56,全国,防衛省陸上自衛隊中部方面会計隊,その他,ポリタンク ほか３８件,2026-04-26,https://www.mod.go.jp/gsdf/mae/mafin/k/ko073327.pdf,官公需情報ポータルAPI（全省庁）
2026-04-26 19:10:56,全国,防衛省陸上自衛隊中部方面会計隊,その他,ファシリエイドサポーターほか９件,2026-04-26,https://www.mod.go.jp/gsdf/mae/mafin/k/ko073413.pdf,官公需情報ポータルAPI（全省庁）
2026-04-26 19:10:56,全国,防衛省陸上自衛隊中部方面会計隊,その他,カーテンほか３件,2026-04-26,https://www.mod.go.jp/gsdf/mae/mafin/k/ko073298.pdf,官公需情報ポータルAPI（全省庁）
2026-04-26 19:10:55,全国,防衛省陸上自衛隊中部方面会計隊,その他,Ｊ００６３ 高電力用固定減衰器 ほか３件,2026-04-26,https://www.mod.go.jp/gsdf/mae/mafin/k/ko073382.pdf,官公需情報ポータルAPI（全省庁）
2026-04-26 19:10:55,全国,防衛省陸上自衛隊中部方面会計隊,その他,狭帯域対応 映像伝送装置 「ＬＬＣ−４０００」,2026-04-26,https://www.mod.go.jp/gsdf/mae/mafin/k/ko073384.pdf,官公需情報ポータルAPI（全省庁）
2026-04-26 19:10:55,全国,防衛省陸上自衛隊中部方面会計隊,その他,ディスプレイ設置材料 米松 ほか１９５件,2026-04-26,https://www.mod.go.jp/gsdf/mae/mafin/k/ko073324.pdf,官公需情報ポータルAPI（全省庁）
2026-04-26 19:10:55,全国,防衛省陸上自衛隊中部方面会計隊,その他,もやいカバーＨＬ ほか５件,2026-04-26,https://www.mod.go.jp/gsdf/mae/mafin/k/ko073383.pdf,官公需情報ポータルAPI（全省庁）
2026-04-26 19:10:54,全国,防衛省陸上自衛隊中部方面会計隊,その他,＜変更＞（充電式）振動ドライバードリル ほか１５７件,2026-04-26,https://www.mod.go.jp/gsdf/mae/mafin/k/ko073566.pdf,官公需情報ポータルAPI（全省庁）
2026-04-26 19:10:54,全国,防衛省陸上自衛隊中部方面会計隊,その他,（充電式）振動ドライバードリル ほか１５７件,2026-04-26,https://www.mod.go.jp/gsdf/mae/mafin/k/ko073385.pdf,官公需情報ポータルAPI（全省庁）
2026-04-26 19:10:54,全国,防衛省陸上自衛隊中部方面会計隊,その他,通話自動録音機 ほか９７件,2026-04-26,https://www.mod.go.jp/gsdf/mae/mafin/k/ko073395.pdf,官公需情報ポータルAPI（全省庁）
2026-04-26 19:10:54,全国,防衛省陸上自衛隊中部方面会計隊,その他,軽油 ２号（バルク）ほか１件,2026-04-26,https://www.mod.go.jp/gsdf/mae/mafin/k/ko073403.pdf,官公需情報ポータルAPI（全省庁）
2026-04-26 19:10:54,全国,防衛省陸上自衛隊中部方面会計隊,その他,タイルカーペット,2026-04-26,https://www.mod.go.jp/gsdf/mae/mafin/k/ko073372.pdf,官公需情報ポータルAPI（全省庁）
2026-04-26 19:10:54,全国,防衛省陸上自衛隊中部方面会計隊,その他,カーマットほか７３件,2026-04-26,https://www.mod.go.jp/gsdf/mae/mafin/k/ko073424.pdf,官公需情報ポータルAPI（全省庁）
2026-04-26 19:10:54,全国,防衛省陸上自衛隊中部方面会計隊,その他,つっぱり棒ほか１件,2026-04-26,https://www.mod.go.jp/gsdf/mae/mafin/k/ko073460.pdf,官公需情報ポータルAPI（全省庁）
2026-04-26 19:10:53,全国,防衛省陸上自衛隊中部方面会計隊,その他,支柱用枝受ホルダー ほか１３６件,2026-04-26,https://www.mod.go.jp/gsdf/mae/mafin/k/ko073481.pdf,官公需情報ポータルAPI（全省庁）
2026-04-26 19:10:53,全国,防衛省陸上自衛隊中部方面会計隊,その他,安全係（青）ほか１９件,2026-04-26,https://www.mod.go.jp/gsdf/mae/mafin/k/ko073432.pdf,官公需情報ポータルAPI（全省庁）
2026-04-26 19:10:53,全国,防衛省陸上自衛隊中部方面会計隊,その他,大型テント架台,2026-04-26,https://www.mod.go.jp/gsdf/mae/mafin/k/ko073565.pdf,官公需情報ポータルAPI（全省庁）
2026-04-26 19:10:53,全国,防衛省陸上自衛隊中部方面会計隊,その他,厚紙マット紙ほか７７件,2026-04-26,https://www.mod.go.jp/gsdf/mae/mafin/k/ko073478.pdf,官公需情報ポータルAPI（全省庁）
2026-04-26 19:10:53,全国,防衛省陸上自衛隊中部方面会計隊,その他,半割れコルゲートパイプ,2026-04-26,https://www.mod.go.jp/gsdf/mae/mafin/k/ko073442.pdf,官公需情報ポータルAPI（全省庁）
2026-04-26 19:10:53,全国,防衛省陸上自衛隊中部方面会計隊,物品,シリコングリースメイトほか１７３件,2026-04-26,https://www.mod.go.jp/gsdf/mae/mafin/k/ko073479.pdf,官公需情報ポータルAPI（全省庁）
2026-04-26 19:10:52,全国,防衛省陸上自衛隊中部方面会計隊,その他,練習用ソフト警棒ほか９０件,2026-04-26,https://www.mod.go.jp/gsdf/mae/mafin/k/ko073428.pdf,官公需情報ポータルAPI（全省庁）
2026-04-26 19:10:52,全国,防衛省陸上自衛隊中部方面会計隊,その他,綿棒ほか２２件,2026-04-26,https://www.mod.go.jp/gsdf/mae/mafin/k/ko073431.pdf,官公需情報ポータルAPI（全省庁）
2026-04-26 19:10:52,全国,防衛省陸上自衛隊中部方面会計隊,その他,物置台 ほか７件,2026-04-26,https://www.mod.go.jp/gsdf/mae/mafin/k/ko073475.pdf,官公需情報ポータルAPI（全省庁）
2026-04-26 19:10:52,全国,防衛省陸上自衛隊中部方面会計隊,委託,火災調査札 鑑識札 （小）Ａ ほか６０件,2026-04-26,https://www.mod.go.jp/gsdf/mae/mafin/k/ko073477.pdf,官公需情報ポータルAPI（全省庁）
2026-04-26 19:10:52,全国,防衛省陸上自衛隊中部方面会計隊,その他,昇降デスクほか３件,2026-04-26,https://www.mod.go.jp/gsdf/mae/mafin/k/ko073482.pdf,官公需情報ポータルAPI（全省庁）
2026-04-26 19:10:52,全国,防衛省陸上自衛隊中部方面会計隊,その他,当て布団ほか１００件,2026-04-26,https://www.mod.go.jp/gsdf/mae/mafin/k/ko073423.pdf,官公需情報ポータルAPI（全省庁）
2026-04-26 19:10:52,全国,防衛省陸上自衛隊中部方面会計隊,その他,封筒ほか６２件,2026-04-26,https://www.mod.go.jp/gsdf/mae/mafin/k/ko073436.pdf,官公需情報ポータルAPI（全省庁）
2026-04-26 19:10:52,全国,防衛省陸上自衛隊中部方面会計隊,その他,使い捨てリストバンドほか３５件,2026-04-26,https://www.mod.go.jp/gsdf/mae/mafin/k/ko073461.pdf,官公需情報ポータルAPI（全省庁）
2026-04-26 19:10:52,全国,防衛省陸上自衛隊中部方面会計隊,その他,アドブルー（尿素水） ほか２６件,2026-04-26,https://www.mod.go.jp/gsdf/mae/mafin/k/ko073480.pdf,官公需情報ポータルAPI（全省庁）
2026-04-26 19:10:51,全国,防衛省陸上自衛隊中部方面会計隊,その他,ＯＤスプレーほか１０件,2026-04-26,https://www.mod.go.jp/gsdf/mae/mafin/k/ko073494.pdf,官公需情報ポータルAPI（全省庁）
2026-04-26 19:10:51,全国,防衛省陸上自衛隊中部方面会計隊,その他,綿棒ほか１６５件,2026-04-26,https://www.mod.go.jp/gsdf/mae/mafin/k/ko073429.pdf,官公需情報ポータルAPI（全省庁）
2026-04-26 19:10:51,全国,防衛省陸上自衛隊中部方面会計隊,役務,作業テーブルほか６１件,2026-04-26,https://www.mod.go.jp/gsdf/mae/mafin/k/ko073527.pdf,官公需情報ポータルAPI（全省庁）
2026-04-26 19:10:51,全国,防衛省陸上自衛隊中部方面会計隊,その他,レディーミクストコンクリート,2026-04-26,https://www.mod.go.jp/gsdf/mae/mafin/k/ko073508.pdf,官公需情報ポータルAPI（全省庁）
2026-04-26 19:10:51,全国,防衛省陸上自衛隊中部方面会計隊,その他,ユニットヒーターほか９件,2026-04-26,https://www.mod.go.jp/gsdf/mae/mafin/k/ko073529.pdf,官公需情報ポータルAPI（全省庁）
2026-04-26 19:10:51,全国,防衛省陸上自衛隊中部方面会計隊,その他,カーテンセット,2026-04-26,https://www.mod.go.jp/gsdf/mae/mafin/k/ko073472.pdf,官公需情報ポータルAPI（全省庁）
2026-04-26 19:10:51,全国,防衛省陸上自衛隊中部方面会計隊,その他,カラーマグネットシートほか１８４件,2026-04-26,https://www.mod.go.jp/gsdf/mae/mafin/k/ko073509.pdf,官公需情報ポータルAPI（全省庁）
2026-04-26 19:10:51,全国,防衛省陸上自衛隊中部方面会計隊,その他,〔首振型〕コンビネーションギアレンチ（単品）ほか６８件,2026-04-26,https://www.mod.go.jp/gsdf/mae/mafin/k/ko073510.pdf,官公需情報ポータルAPI（全省庁）
2026-04-26 19:10:50,全国,防衛省陸上自衛隊中部方面会計隊,その他,Ｕエレメントコネクタほか９８件,2026-04-26,https://www.mod.go.jp/gsdf/mae/mafin/k/ko073500.pdf,官公需情報ポータルAPI（全省庁）
2026-04-26 19:10:50,全国,防衛省陸上自衛隊中部方面会計隊,その他,＜変更＞モバイルモニタークランプ式ほか１３１件,2026-04-26,https://www.mod.go.jp/gsdf/mae/mafin/k/ko073584.pdf,官公需情報ポータルAPI（全省庁）
2026-04-26 19:10:50,全国,防衛省陸上自衛隊中部方面会計隊,その他,腰なた（片刃）ほか７４件,2026-04-26,https://www.mod.go.jp/gsdf/mae/mafin/k/ko073517.pdf,官公需情報ポータルAPI（全省庁）
2026-04-26 19:10:50,全国,防衛省陸上自衛隊中部方面会計隊,その他,格闘訓練用ラバーナイフほか２５件,2026-04-26,https://www.mod.go.jp/gsdf/mae/mafin/k/ko073518.pdf,官公需情報ポータルAPI（全省庁）
2026-04-26 19:10:50,全国,防衛省陸上自衛隊中部方面会計隊,その他,募集広報用ノベルティグッズ（防災備蓄ボトル７点セット） ほか１件,2026-04-26,https://www.mod.go.jp/gsdf/mae/mafin/k/ko073520.pdf,官公需情報ポータルAPI（全省庁）
2026-04-26 19:10:50,全国,防衛省陸上自衛隊中部方面会計隊,その他,保温ジャケットほか３１件,2026-04-26,https://www.mod.go.jp/gsdf/mae/mafin/k/ko073441.pdf,官公需情報ポータルAPI（全省庁）
2026-04-26 19:10:50,全国,防衛省陸上自衛隊中部方面会計隊,役務,作業服用ネームほか３１件,2026-04-26,https://www.mod.go.jp/gsdf/mae/mafin/k/ko073519.pdf,官公需情報ポータルAPI（全省庁）
2026-04-26 19:10:50,全国,防衛省陸上自衛隊中部方面会計隊,その他,モバイルモニター クランプ式 ほか１３１件,2026-04-26,https://www.mod.go.jp/gsdf/mae/mafin/k/ko073476.pdf,官公需情報ポータルAPI（全省庁）
2026-04-26 19:10:50,全国,防衛省陸上自衛隊中部方面会計隊,その他,バーナーノズルほか５件,2026-04-26,https://www.mod.go.jp/gsdf/mae/mafin/k/ko073501.pdf,官公需情報ポータルAPI（全省庁）
2026-04-26 19:10:49,全国,防衛省陸上自衛隊中部方面会計隊,その他,防衛施設タイプフェンス,2026-04-26,https://www.mod.go.jp/gsdf/mae/mafin/k/ko073564.pdf,官公需情報ポータルAPI（全省庁）
2026-04-26 19:10:49,全国,防衛省陸上自衛隊中部方面会計隊,その他,洗浄ボトルほか２３件,2026-04-26,https://www.mod.go.jp/gsdf/mae/mafin/k/ko073497.pdf,官公需情報ポータルAPI（全省庁）
2026-04-26 19:10:49,全国,防衛省陸上自衛隊中部方面会計隊,その他,強粘着ふせんパステル混色７５ｍｍ×７５ｍｍ ほか１０件,2026-04-26,https://www.mod.go.jp/gsdf/mae/mafin/k/ko073498.pdf,官公需情報ポータルAPI（全省庁）
2026-04-26 19:10:49,全国,防衛省陸上自衛隊中部方面会計隊,その他,建築消防ａｄｖｉｃｅ ほか１４件,2026-04-26,https://www.mod.go.jp/gsdf/mae/mafin/k/ko073499.pdf,官公需情報ポータルAPI（全省庁）
2026-04-26 19:10:49,全国,防衛省陸上自衛隊中部方面会計隊,その他,保温ジャケット（１２５号建物 蒸気ヘッダー ３００Ａ用） ほか１３件,2026-04-26,https://www.mod.go.jp/gsdf/mae/mafin/k/ko073537.pdf,官公需情報ポータルAPI（全省庁）
2026-04-26 19:10:49,全国,防衛省陸上自衛隊中部方面会計隊,その他,保温ジャケット ほか２０件,2026-04-26,https://www.mod.go.jp/gsdf/mae/mafin/k/ko073540.pdf,官公需情報ポータルAPI（全省庁）
2026-04-26 19:10:49,全国,防衛省陸上自衛隊中部方面会計隊,その他,万能シーリング剤ほか１６件,2026-04-26,https://www.mod.go.jp/gsdf/mae/mafin/k/ko073534.pdf,官公需情報ポータルAPI（全省庁）
2026-04-26 19:10:49,全国,防衛省陸上自衛隊中部方面会計隊,その他,グリップ付大ハンマー ほか２８件,2026-04-26,https://www.mod.go.jp/gsdf/mae/mafin/k/ko073538.pdf,官公需情報ポータルAPI（全省庁）
2026-04-26 19:10:48,全国,防衛省陸上自衛隊中部方面会計隊,その他,Ｍ−Ｐｒｏ ７ ＧＵＮ ＣＬＥＡＮＥＲ ほか３２件,2026-04-26,https://www.mod.go.jp/gsdf/mae/mafin/k/ko073626.pdf,官公需情報ポータルAPI（全省庁）
2026-04-26 19:10:48,全国,防衛省陸上自衛隊中部方面会計隊,その他,６連パーテーション 黒又はダークグレー ポリエステル,2026-04-26,https://www.mod.go.jp/gsdf/mae/mafin/k/ko073624.pdf,官公需情報ポータルAPI（全省庁）
2026-04-26 19:10:48,全国,防衛省陸上自衛隊中部方面会計隊,その他,都市ガス用コンロ 強火力左バーナー ほか４件,2026-04-26,https://www.mod.go.jp/gsdf/mae/mafin/k/ko073623.pdf,官公需情報ポータルAPI（全省庁）
2026-04-26 19:10:48,全国,防衛省陸上自衛隊中部方面会計隊,その他,平行スタックテーブル（棚付、パネルなし）ほか１件,2026-04-26,https://www.mod.go.jp/gsdf/mae/mafin/k/ko073648.pdf,官公需情報ポータルAPI（全省庁）
2026-04-26 19:10:48,全国,防衛省陸上自衛隊中部方面会計隊,その他,収納ケース ほか２３件,2026-04-26,https://www.mod.go.jp/gsdf/mae/mafin/k/ko073669.pdf,官公需情報ポータルAPI（全省庁）
2026-04-26 19:10:48,全国,防衛省陸上自衛隊中部方面会計隊,その他,切断砥石 飛騨の匠 颯ほか３９件,2026-04-26,https://www.mod.go.jp/gsdf/mae/mafin/k/ko073610.pdf,官公需情報ポータルAPI（全省庁）
2026-04-26 19:10:48,全国,防衛省陸上自衛隊中部方面会計隊,その他,デリカウオール ホワイト ほか９件,2026-04-26,https://www.mod.go.jp/gsdf/mae/mafin/k/ko073625.pdf,官公需情報ポータルAPI（全省庁）
2026-04-26 19:10:48,全国,防衛省陸上自衛隊中部方面会計隊,その他,コーヒー（豆タイプ、１袋２５０ｇ入り）,2026-04-26,https://www.mod.go.jp/gsdf/mae/mafin/k/ko073622.pdf,官公需情報ポータルAPI（全省庁）
2026-04-26 19:10:48,全国,防衛省陸上自衛隊中部方面会計隊,その他,エプソン用インクカートリッジ 黒 ほか１８件,2026-04-26,https://www.mod.go.jp/gsdf/mae/mafin/k/ko073628.pdf,官公需情報ポータルAPI（全省庁）
2026-04-26 19:10:47,全国,防衛省陸上自衛隊中部方面会計隊,その他,Ｒｉｎｎａｉ ガステーブル 左強火力 ほか３件,2026-04-26,https://www.mod.go.jp/gsdf/mae/mafin/k/ko073687.pdf,官公需情報ポータルAPI（全省庁）
2026-04-26 19:10:47,全国,防衛省陸上自衛隊中部方面会計隊,その他,＜変更＞収納ケース ほか３６件,2026-04-26,https://www.mod.go.jp/gsdf/mae/mafin/k/ko073756.pdf,官公需情報ポータルAPI（全省庁）
2026-04-26 19:10:47,全国,防衛省陸上自衛隊中部方面会計隊,その他,残留塩素測定用ＤＰＤ錠剤試薬 ほか２２件,2026-04-26,https://www.mod.go.jp/gsdf/mae/mafin/k/ko073644.pdf,官公需情報ポータルAPI（全省庁）
2026-04-26 19:10:47,全国,防衛省陸上自衛隊中部方面会計隊,その他,丸釘 ほか２８件,2026-04-26,https://www.mod.go.jp/gsdf/mae/mafin/k/ko073600.pdf,官公需情報ポータルAPI（全省庁）
2026-04-26 19:10:46,全国,防衛省陸上自衛隊中部方面会計隊,その他,リレイト収納 シャッター最下段ラテラル６４ ほか１６件,2026-04-26,https://www.mod.go.jp/gsdf/mae/mafin/k/ko073775.pdf,官公需情報ポータルAPI（全省庁）
2026-04-26 19:10:46,全国,防衛省陸上自衛隊中部方面会計隊,その他,スパナセット ほか４８件,2026-04-26,https://www.mod.go.jp/gsdf/mae/mafin/k/ko073910.pdf,官公需情報ポータルAPI（全省庁）
2026-04-26 19:10:46,全国,防衛省陸上自衛隊中部方面会計隊,その他,スキー板ケースほか１５件,2026-04-26,https://www.mod.go.jp/gsdf/mae/mafin/k/ko073932.pdf,官公需情報ポータルAPI（全省庁）
2026-04-26 19:10:45,全国,防衛省陸上自衛隊中部方面会計隊,その他,＜変更＞紅白幕ほか５１件,2026-04-26,https://www.mod.go.jp/gsdf/mae/mafin/k/ko073919.pdf,官公需情報ポータルAPI（全省庁）
2026-04-26 19:10:45,全国,防衛省陸上自衛隊中部方面会計隊,その他,ローラー刷毛（兼用）ほか２４９件,2026-04-26,https://www.mod.go.jp/gsdf/mae/mafin/k/ko073922.pdf,官公需情報ポータルAPI（全省庁）
2026-04-26 19:10:45,全国,防衛省陸上自衛隊中部方面会計隊,その他,ゲーミングチェアほか５件,2026-04-26,https://www.mod.go.jp/gsdf/mae/mafin/k/ko073911.pdf,官公需情報ポータルAPI（全省庁）
2026-04-26 19:10:44,全国,防衛省陸上自衛隊中部方面会計隊,その他,ＵＳＢハブほか４８件,2026-04-26,https://www.mod.go.jp/gsdf/mae/mafin/k/ko073882.pdf,官公需情報ポータルAPI（全省庁）
2026-04-26 19:10:44,全国,防衛省陸上自衛隊中部方面会計隊,その他,２口 ガスコンロ 都市ガス用 ほか３件,2026-04-26,https://www.mod.go.jp/gsdf/mae/mafin/k/ko073878.pdf,官公需情報ポータルAPI（全省庁）
2026-04-26 19:10:44,全国,防衛省陸上自衛隊中部方面会計隊,役務,高知（０７）＃２ 演習場油分離槽清掃,2026-04-26,https://www.mod.go.jp/gsdf/mae/mafin/k/ko073898.pdf,官公需情報ポータルAPI（全省庁）
2026-04-26 19:10:44,全国,防衛省陸上自衛隊中部方面会計隊,その他,非常用発電機起動用蓄電池,2026-04-26,https://www.mod.go.jp/gsdf/mae/mafin/k/ko073896.pdf,官公需情報ポータルAPI（全省庁）
2026-04-26 19:10:44,全国,防衛省陸上自衛隊中部方面会計隊,その他,レギュラーコーヒー ほか１件,2026-04-26,https://www.mod.go.jp/gsdf/mae/mafin/k/ko073897.pdf,官公需情報ポータルAPI（全省庁）
2026-04-26 19:10:44,全国,防衛省陸上自衛隊中部方面会計隊,その他,コーヒースティック ほか１件,2026-04-26,https://www.mod.go.jp/gsdf/mae/mafin/k/ko073894.pdf,官公需情報ポータルAPI（全省庁）
2026-04-26 19:10:44,全国,防衛省陸上自衛隊中部方面会計隊,その他,クッションマット ほか２７件,2026-04-26,https://www.mod.go.jp/gsdf/mae/mafin/k/ko073895.pdf,官公需情報ポータルAPI（全省庁）
2026-04-26 19:10:43,全国,防衛省陸上自衛隊中部方面会計隊,その他,＜変更＞野外自己支持型ＬＡＮケーブル ほか５３件,2026-04-26,https://www.mod.go.jp/gsdf/mae/mafin/k/ko074028.pdf,官公需情報ポータルAPI（全省庁）
2026-04-26 19:10:43,全国,防衛省陸上自衛隊中部方面会計隊,その他,野外自己支持型ＬＡＮケーブル ほか５３件,2026-04-26,https://www.mod.go.jp/gsdf/mae/mafin/k/ko073905.pdf,官公需情報ポータルAPI（全省庁）
2026-04-26 19:10:43,全国,防衛省陸上自衛隊中部方面会計隊,その他,軽油 ２号（バルク）ほか１件,2026-04-26,https://www.mod.go.jp/gsdf/mae/mafin/k/ko073933.pdf,官公需情報ポータルAPI（全省庁）
2026-04-26 19:10:43,全国,防衛省陸上自衛隊中部方面会計隊,物品,換気扇ダクト用送風機器ほか３５件,2026-04-26,https://www.mod.go.jp/gsdf/mae/mafin/k/ko073972.pdf,官公需情報ポータルAPI（全省庁）
2026-04-26 19:10:43,全国,防衛省陸上自衛隊中部方面会計隊,その他,回転印ほか２１件,2026-04-26,https://www.mod.go.jp/gsdf/mae/mafin/k/ko073971.pdf,官公需情報ポータルAPI（全省庁）
2026-04-26 19:10:43,全国,防衛省陸上自衛隊中部方面会計隊,その他,ダイヤ錠付キューブボックスほか７件,2026-04-26,https://www.mod.go.jp/gsdf/mae/mafin/k/ko073913.pdf,官公需情報ポータルAPI（全省庁）
2026-04-26 19:10:43,全国,防衛省陸上自衛隊中部方面会計隊,その他,カートリッジテープほか９４件,2026-04-26,https://www.mod.go.jp/gsdf/mae/mafin/k/ko073986.pdf,官公需情報ポータルAPI（全省庁）
2026-04-26 19:10:42,全国,防衛省陸上自衛隊中部方面会計隊,その他,＜変更＞結束バンド（耐候性）ほか１６８件,2026-04-26,https://www.mod.go.jp/gsdf/mae/mafin/k/ko074102.pdf,官公需情報ポータルAPI（全省庁）
2026-04-26 19:10:42,全国,防衛省陸上自衛隊中部方面会計隊,その他,開墾鍬 ほか３１件,2026-04-26,https://www.mod.go.jp/gsdf/mae/mafin/k/ko073957.pdf,官公需情報ポータルAPI（全省庁）
2026-04-26 19:10:42,全国,防衛省陸上自衛隊中部方面会計隊,その他,複合清缶剤ほか１９件,2026-04-26,https://www.mod.go.jp/gsdf/mae/mafin/k/ko073984.pdf,官公需情報ポータルAPI（全省庁）
2026-04-26 19:10:42,全国,防衛省陸上自衛隊中部方面会計隊,その他,結束バンド（耐候性）ほか１６８件,2026-04-26,https://www.mod.go.jp/gsdf/mae/mafin/k/ko073980.pdf,官公需情報ポータルAPI（全省庁）
2026-04-26 19:10:42,全国,防衛省陸上自衛隊中部方面会計隊,その他,アドブルー（１０ℓ）ほか３７件,2026-04-26,https://www.mod.go.jp/gsdf/mae/mafin/k/ko073918.pdf,官公需情報ポータルAPI（全省庁）
2026-04-26 19:10:42,全国,防衛省陸上自衛隊中部方面会計隊,その他,「ファイバーグラステープ」巻尺ほか７７件,2026-04-26,https://www.mod.go.jp/gsdf/mae/mafin/k/ko073966.pdf,官公需情報ポータルAPI（全省庁）
2026-04-26 19:10:41,全国,防衛省陸上自衛隊中部方面会計隊,その他,［ＯＤ色］折りたたみ式コンテナほか３９件,2026-04-26,https://www.mod.go.jp/gsdf/mae/mafin/k/ko074016.pdf,官公需情報ポータルAPI（全省庁）
2026-04-26 19:10:41,全国,防衛省陸上自衛隊中部方面会計隊,その他,ＨＤＭＩケーブルほか２０件,2026-04-26,https://www.mod.go.jp/gsdf/mae/mafin/k/ko074012.pdf,官公需情報ポータルAPI（全省庁）
2026-04-26 19:10:41,全国,防衛省陸上自衛隊中部方面会計隊,その他,＜油性＞エナメルスプレー ほか114,2026-04-26,https://www.mod.go.jp/gsdf/mae/mafin/k/ko074048.pdf,官公需情報ポータルAPI（全省庁）
2026-04-26 19:10:41,全国,防衛省陸上自衛隊中部方面会計隊,その他,量水器ほか３件,2026-04-26,https://www.mod.go.jp/gsdf/mae/mafin/k/ko074013.pdf,官公需情報ポータルAPI（全省庁）
2026-04-26 19:10:41,全国,防衛省陸上自衛隊中部方面会計隊,その他,耐電スイッチＯＡタップ３個口ほか７１件,2026-04-26,https://www.mod.go.jp/gsdf/mae/mafin/k/ko074000.pdf,官公需情報ポータルAPI（全省庁）
2026-04-26 19:10:41,全国,防衛省陸上自衛隊中部方面会計隊,その他,充電式ブロワ ほか７件,2026-04-26,https://www.mod.go.jp/gsdf/mae/mafin/k/ko074027.pdf,官公需情報ポータルAPI（全省庁）
2026-04-26 19:10:41,全国,防衛省陸上自衛隊中部方面会計隊,その他,ホワイトボードシートほか７１件,2026-04-26,https://www.mod.go.jp/gsdf/mae/mafin/k/ko074015.pdf,官公需情報ポータルAPI（全省庁）
2026-04-26 19:10:41,全国,防衛省陸上自衛隊中部方面会計隊,その他,タブレス蓄電池 ほか３０件,2026-04-26,https://www.mod.go.jp/gsdf/mae/mafin/k/ko074026.pdf,官公需情報ポータルAPI（全省庁）
2026-04-26 19:10:40,全国,防衛省陸上自衛隊中部方面会計隊,その他,４２０ｍｌシャーシーコート（黒）ほか１３件,2026-04-26,https://www.mod.go.jp/gsdf/mae/mafin/k/ko073959.pdf,官公需情報ポータルAPI（全省庁）
2026-04-26 19:10:40,全国,防衛省陸上自衛隊中部方面会計隊,その他,３００ミリ充電式ポールバリカン ほか３件,2026-04-26,https://www.mod.go.jp/gsdf/mae/mafin/k/ko073982.pdf,官公需情報ポータルAPI（全省庁）
2026-04-26 19:10:40,全国,防衛省陸上自衛隊中部方面会計隊,その他,賞状額＜金消＞ほか２１件,2026-04-26,https://www.mod.go.jp/gsdf/mae/mafin/k/ko073983.pdf,官公需情報ポータルAPI（全省庁）
2026-04-26 19:10:40,全国,防衛省陸上自衛隊中部方面会計隊,その他,木目柄 営内班用ロッカー,2026-04-26,https://www.mod.go.jp/gsdf/mae/mafin/k/ko073754.pdf,官公需情報ポータルAPI（全省庁）
2026-04-26 19:10:40,全国,防衛省陸上自衛隊中部方面会計隊,その他,ワードローブほか１４件,2026-04-26,https://www.mod.go.jp/gsdf/mae/mafin/k/ko073912.pdf,官公需情報ポータルAPI（全省庁）
2026-04-26 19:10:40,全国,防衛省陸上自衛隊中部方面会計隊,その他,デスクほか２６件,2026-04-26,https://www.mod.go.jp/gsdf/mae/mafin/k/ko073988.pdf,官公需情報ポータルAPI（全省庁）
2026-04-26 19:10:40,全国,防衛省陸上自衛隊中部方面会計隊,その他,スナップフック ほか１４件,2026-04-26,https://www.mod.go.jp/gsdf/mae/mafin/k/ko073981.pdf,官公需情報ポータルAPI（全省庁）
2026-04-26 19:10:40,全国,防衛省陸上自衛隊中部方面会計隊,その他,コピー用紙 Ａ４ほか１件,2026-04-26,https://www.mod.go.jp/gsdf/mae/mafin/k/ko073985.pdf,官公需情報ポータルAPI（全省庁）
2026-04-26 19:10:39,全国,防衛省陸上自衛隊中部方面会計隊,その他,２Ｄシート,2026-04-26,https://www.mod.go.jp/gsdf/mae/mafin/k/ko073755.pdf,官公需情報ポータルAPI（全省庁）
2026-04-26 19:10:38,全国,防衛省陸上自衛隊中部方面会計隊,その他,＜変更＞２Ｄシート,2026-04-26,https://www.mod.go.jp/gsdf/mae/mafin/k/ko074025.pdf,官公需情報ポータルAPI（全省庁）
2026-04-26 19:10:38,全国,防衛省陸上自衛隊中部方面会計隊,その他,＜変更＞募集事務所用 テーブルほか３５件,2026-04-26,https://www.mod.go.jp/gsdf/mae/mafin/k/ko074042.pdf,官公需情報ポータルAPI（全省庁）
2026-04-26 19:10:38,全国,防衛省陸上自衛隊中部方面会計隊,その他,＜変更２＞募集事務所用 テーブルほか３５件,2026-04-26,https://www.mod.go.jp/gsdf/mae/mafin/k/ko074197.pdf,官公需情報ポータルAPI（全省庁）
2026-04-26 19:10:38,全国,防衛省陸上自衛隊中部方面会計隊,その他,＜変更２＞ トラックバスタイヤ用ラック ほか１６件,2026-04-26,https://www.mod.go.jp/gsdf/mae/mafin/k/ko074054.pdf,官公需情報ポータルAPI（全省庁）
2026-04-26 19:10:38,全国,防衛省陸上自衛隊中部方面会計隊,その他,＜変更１＞ トラックバスタイヤ用ラック ほか１６件,2026-04-26,https://www.mod.go.jp/gsdf/mae/mafin/k/ko074047.pdf,官公需情報ポータルAPI（全省庁）
2026-04-26 19:10:38,全国,防衛省陸上自衛隊中部方面会計隊,その他,トラックバスタイヤ用ラック ほか１６件,2026-04-26,https://www.mod.go.jp/gsdf/mae/mafin/k/ko073987.pdf,官公需情報ポータルAPI（全省庁）
2026-04-26 19:10:37,全国,防衛省陸上自衛隊中部方面会計隊,その他,＜変更＞杭打ちハンマー ほか６６件,2026-04-26,https://www.mod.go.jp/gsdf/mae/mafin/k/ko074203.pdf,官公需情報ポータルAPI（全省庁）
2026-04-26 19:10:37,全国,防衛省陸上自衛隊中部方面会計隊,役務,（連結型）ＬＥＤ作業等 ほか６８件,2026-04-26,https://www.mod.go.jp/gsdf/mae/mafin/k/ko074061.pdf,官公需情報ポータルAPI（全省庁）
2026-04-26 19:10:37,全国,防衛省陸上自衛隊中部方面会計隊,その他,連結金具（ステンレス製） ほか５８件,2026-04-26,https://www.mod.go.jp/gsdf/mae/mafin/k/ko074063.pdf,官公需情報ポータルAPI（全省庁）
2026-04-26 19:10:37,全国,防衛省陸上自衛隊中部方面会計隊,その他,足踏式油圧リフトほか１件,2026-04-26,https://www.mod.go.jp/gsdf/mae/mafin/k/ko074131.pdf,官公需情報ポータルAPI（全省庁）
2026-04-26 19:10:37,全国,防衛省陸上自衛隊中部方面会計隊,その他,荷役用固縛装置（チェーン式）,2026-04-26,https://www.mod.go.jp/gsdf/mae/mafin/k/ko073958.pdf,官公需情報ポータルAPI（全省庁）
2026-04-26 19:10:37,全国,防衛省陸上自衛隊中部方面会計隊,その他,洋封筒 ほか９件,2026-04-26,https://www.mod.go.jp/gsdf/mae/mafin/k/ko074060.pdf,官公需情報ポータルAPI（全省庁）
2026-04-26 19:10:37,全国,防衛省陸上自衛隊中部方面会計隊,その他,ラッチ式平面ハンドル（三方締） ほか５件,2026-04-26,https://www.mod.go.jp/gsdf/mae/mafin/k/ko074062.pdf,官公需情報ポータルAPI（全省庁）
2026-04-26 19:10:37,全国,防衛省陸上自衛隊中部方面会計隊,その他,あいば野演習場 物見やぐら資材の調達,2026-04-26,https://www.mod.go.jp/gsdf/mae/mafin/k/ko073881.pdf,官公需情報ポータルAPI（全省庁）
2026-04-26 19:10:36,全国,防衛省陸上自衛隊中部方面会計隊,その他,ＡＴルイボス茶 １００バッグ ほか１５件,2026-04-26,https://www.mod.go.jp/gsdf/mae/mafin/k/ko074215.pdf,官公需情報ポータルAPI（全省庁）
2026-04-26 19:10:36,全国,防衛省陸上自衛隊中部方面会計隊,その他,都市ガス用コンロ 強火力左バーナー ほか４件,2026-04-26,https://www.mod.go.jp/gsdf/mae/mafin/k/ko074196.pdf,官公需情報ポータルAPI（全省庁）
2026-04-26 19:10:36,全国,防衛省陸上自衛隊中部方面会計隊,その他,福知山市 燃やすごみ 専用指定袋 ほか２件,2026-04-26,https://www.mod.go.jp/gsdf/mae/mafin/k/ko074199.pdf,官公需情報ポータルAPI（全省庁）
2026-04-26 19:10:36,全国,防衛省陸上自衛隊中部方面会計隊,委託,業務用ディスプレイ９８Ｖ型 ほか１件,2026-04-26,https://www.mod.go.jp/gsdf/mae/mafin/k/ko074119.pdf,官公需情報ポータルAPI（全省庁）
2026-04-26 19:10:36,全国,防衛省陸上自衛隊中部方面会計隊,その他,営内班用ロッカー（スチール）ほか１件,2026-04-26,https://www.mod.go.jp/gsdf/mae/mafin/k/ko074142.pdf,官公需情報ポータルAPI（全省庁）
2026-04-26 19:10:36,全国,防衛省陸上自衛隊中部方面会計隊,その他,バッフルプレート,2026-04-26,https://www.mod.go.jp/gsdf/mae/mafin/k/ko074217.pdf,官公需情報ポータルAPI（全省庁）
2026-04-26 19:10:36,全国,防衛省陸上自衛隊中部方面会計隊,その他,スピータンパー,2026-04-26,https://www.mod.go.jp/gsdf/mae/mafin/k/ko073956.pdf,官公需情報ポータルAPI（全省庁）
2026-04-26 19:10:35,全国,防衛省陸上自衛隊中部方面会計隊,その他,ＯＡクリーナー ほか１２件,2026-04-26,https://www.mod.go.jp/gsdf/mae/mafin/k/ko074302.pdf,官公需情報ポータルAPI（全省庁）
2026-04-26 19:10:35,全国,防衛省陸上自衛隊中部方面会計隊,その他,＜変更＞モバイルキャビネット黒３段 シリンダ鍵ほか１５件,2026-04-26,https://www.mod.go.jp/gsdf/mae/mafin/k/ko077455.pdf,官公需情報ポータルAPI（全省庁）
2026-04-26 19:10:35,全国,防衛省陸上自衛隊中部方面会計隊,その他,モバイルキャビネット黒３段 シリンダ鍵 ほか１５件,2026-04-26,https://www.mod.go.jp/gsdf/mae/mafin/k/ko074216.pdf,官公需情報ポータルAPI（全省庁）
2026-04-26 19:10:35,全国,防衛省陸上自衛隊中部方面会計隊,その他,ブレーキ＆パーツクリーナー （３０本入） ほか８９件,2026-04-26,https://www.mod.go.jp/gsdf/mae/mafin/k/ko074229.pdf,官公需情報ポータルAPI（全省庁）
2026-04-26 19:10:35,全国,防衛省陸上自衛隊中部方面会計隊,その他,ブラインドパーティション,2026-04-26,https://www.mod.go.jp/gsdf/mae/mafin/k/ko074225.pdf,官公需情報ポータルAPI（全省庁）
2026-04-26 19:10:34,全国,防衛省陸上自衛隊中部方面会計隊,その他,ＩＣＯＭ「ＩＰ２１０Ｈ」用 平面アンテナ（同軸ケーブル２ｍ） ほか３４件,2026-04-26,https://www.mod.go.jp/gsdf/mae/mafin/k/ko074381.pdf,官公需情報ポータルAPI（全省庁）
2026-04-26 19:10:34,全国,防衛省陸上自衛隊中部方面会計隊,その他,除加湿空気清浄機 ほか９件,2026-04-26,https://www.mod.go.jp/gsdf/mae/mafin/k/ko074322.pdf,官公需情報ポータルAPI（全省庁）
2026-04-26 19:10:34,全国,防衛省陸上自衛隊中部方面会計隊,その他,重油 １種２号（バルク）,2026-04-26,https://www.mod.go.jp/gsdf/mae/mafin/k/ko074393.pdf,官公需情報ポータルAPI（全省庁）
2026-04-26 19:10:34,全国,防衛省陸上自衛隊中部方面会計隊,その他,木製ロッカー１人用,2026-04-26,https://www.mod.go.jp/gsdf/mae/mafin/k/ko077541.pdf,官公需情報ポータルAPI（全省庁）
2026-04-26 19:10:34,全国,防衛省陸上自衛隊中部方面会計隊,その他,テーブルタップ ほか２５件,2026-04-26,https://www.mod.go.jp/gsdf/mae/mafin/k/ko074383.pdf,官公需情報ポータルAPI（全省庁）
2026-04-26 19:10:33,全国,防衛省陸上自衛隊中部方面会計隊,その他,＜＞カーテンほか３件,2026-04-26,https://www.mod.go.jp/gsdf/mae/mafin/k/ko077482.pdf,官公需情報ポータルAPI（全省庁）
2026-04-26 19:10:33,全国,防衛省陸上自衛隊中部方面会計隊,その他,チェアー（司令用）,2026-04-26,https://www.mod.go.jp/gsdf/mae/mafin/k/ko077484.pdf,官公需情報ポータルAPI（全省庁）
2026-04-26 19:10:33,全国,防衛省陸上自衛隊中部方面会計隊,その他,カーテンほか３件,2026-04-26,https://www.mod.go.jp/gsdf/mae/mafin/k/ko074339.pdf,官公需情報ポータルAPI（全省庁）
2026-04-26 19:10:32,全国,防衛省陸上自衛隊中部方面会計隊,その他,＜変更＞ＨＰ刈払機用ナットＭ８ ほか２４件,2026-04-26,https://www.mod.go.jp/gsdf/mae/mafin/k/ko077751.pdf,官公需情報ポータルAPI（全省庁）
2026-04-26 19:10:32,全国,防衛省陸上自衛隊中部方面会計隊,その他,＜変更＞ブーツカバーほか４８５件,2026-04-26,https://www.mod.go.jp/gsdf/mae/mafin/k/ko077666.pdf,官公需情報ポータルAPI（全省庁）
2026-04-26 19:10:32,全国,防衛省陸上自衛隊中部方面会計隊,その他,粘着付きマジックテープほか７３件,2026-04-26,https://www.mod.go.jp/gsdf/mae/mafin/k/ko077575.pdf,官公需情報ポータルAPI（全省庁）
2026-04-26 19:10:32,全国,防衛省陸上自衛隊中部方面会計隊,その他,掃除穴蓋ほか４件,2026-04-26,https://www.mod.go.jp/gsdf/mae/mafin/k/ko077528.pdf,官公需情報ポータルAPI（全省庁）
2026-04-26 19:10:32,全国,防衛省陸上自衛隊中部方面会計隊,その他,マルチコピーペーパーＨｉｇｈＢｒｉｇｈｔ＜高白色＞ ほか２４０件,2026-04-26,https://www.mod.go.jp/gsdf/mae/mafin/k/ko077537.pdf,官公需情報ポータルAPI（全省庁）
2026-04-26 19:10:32,全国,防衛省陸上自衛隊中部方面会計隊,その他,ブーツカバーほか４８４件,2026-04-26,https://www.mod.go.jp/gsdf/mae/mafin/k/ko077574.pdf,官公需情報ポータルAPI（全省庁）
2026-04-26 19:10:32,全国,防衛省陸上自衛隊中部方面会計隊,その他,コンパネほか１２７件,2026-04-26,https://www.mod.go.jp/gsdf/mae/mafin/k/ko077552.pdf,官公需情報ポータルAPI（全省庁）
2026-04-26 19:10:32,全国,防衛省陸上自衛隊中部方面会計隊,その他,カメラバッグほか３１件,2026-04-26,https://www.mod.go.jp/gsdf/mae/mafin/k/ko077566.pdf,官公需情報ポータルAPI（全省庁）
2026-04-26 19:10:31,全国,防衛省陸上自衛隊中部方面会計隊,その他,ＰＰ製フラットファイル（タテ型）ほか７０件,2026-04-26,https://www.mod.go.jp/gsdf/mae/mafin/k/ko077448.pdf,官公需情報ポータルAPI（全省庁）
2026-04-26 19:10:31,全国,防衛省陸上自衛隊中部方面会計隊,その他,棚モック付ラウンジチェアほか７４件,2026-04-26,https://www.mod.go.jp/gsdf/mae/mafin/k/ko077483.pdf,官公需情報ポータルAPI（全省庁）
2026-04-26 19:10:31,全国,防衛省陸上自衛隊中部方面会計隊,その他,受話器用カールコード 白 ほか１４８件,2026-04-26,https://www.mod.go.jp/gsdf/mae/mafin/k/ko077449.pdf,官公需情報ポータルAPI（全省庁）
2026-04-26 19:10:31,全国,防衛省陸上自衛隊中部方面会計隊,その他,テープカッタースリム＜大巻・小巻両用＞ほか３２８件,2026-04-26,https://www.mod.go.jp/gsdf/mae/mafin/k/ko074394.pdf,官公需情報ポータルAPI（全省庁）
2026-04-26 19:10:31,全国,防衛省陸上自衛隊中部方面会計隊,その他,ステッカー ほか４４件,2026-04-26,https://www.mod.go.jp/gsdf/mae/mafin/k/ko077474.pdf,官公需情報ポータルAPI（全省庁）
2026-04-26 19:10:30,全国,防衛省陸上自衛隊中部方面会計隊,その他,ＶＰＮルーターほか２件,2026-04-26,https://www.mod.go.jp/gsdf/mae/mafin/k/ko077538.pdf,官公需情報ポータルAPI（全省庁）
2026-04-26 19:10:30,全国,防衛省陸上自衛隊中部方面会計隊,その他,＜変更＞ハンマーほか１７９件,2026-04-26,https://www.mod.go.jp/gsdf/mae/mafin/k/ko077551.pdf,官公需情報ポータルAPI（全省庁）
2026-04-26 19:10:30,全国,防衛省陸上自衛隊中部方面会計隊,その他,ハンマーほか１７９件,2026-04-26,https://www.mod.go.jp/gsdf/mae/mafin/k/ko074401.pdf,官公需情報ポータルAPI（全省庁）
2026-04-26 19:10:29,全国,防衛省陸上自衛隊中部方面会計隊,その他,＜変更＞訓練用梱包箱（本体）ほか１４６件,2026-04-26,https://www.mod.go.jp/gsdf/mae/mafin/k/ko077565.pdf,官公需情報ポータルAPI（全省庁）
2026-04-26 19:10:29,全国,防衛省陸上自衛隊中部方面会計隊,その他,＜変更＞土のう袋 ほか１１９件,2026-04-26,https://www.mod.go.jp/gsdf/mae/mafin/k/ko077679.pdf,官公需情報ポータルAPI（全省庁）
2026-04-26 19:10:29,全国,防衛省陸上自衛隊中部方面会計隊,その他,土のう袋 ほか１１９件,2026-04-26,https://www.mod.go.jp/gsdf/mae/mafin/k/ko077645.pdf,官公需情報ポータルAPI（全省庁）
2026-04-26 19:10:29,全国,防衛省陸上自衛隊中部方面会計隊,その他,両面結束マジックバンドほか９４件,2026-04-26,https://www.mod.go.jp/gsdf/mae/mafin/k/ko077450.pdf,官公需情報ポータルAPI（全省庁）
2026-04-26 19:10:28,全国,防衛省陸上自衛隊中部方面会計隊,その他,樹脂車載ケースほか１５５件,2026-04-26,https://www.mod.go.jp/gsdf/mae/mafin/k/ko077510.pdf,官公需情報ポータルAPI（全省庁）
2026-04-26 19:10:28,全国,防衛省陸上自衛隊中部方面会計隊,その他,㊲ＣＱＢテクニック２＋ほか５０件,2026-04-26,https://www.mod.go.jp/gsdf/mae/mafin/k/ko077469.pdf,官公需情報ポータルAPI（全省庁）
2026-04-26 19:10:28,全国,防衛省陸上自衛隊中部方面会計隊,その他,カーテンほか３件,2026-04-26,https://www.mod.go.jp/gsdf/mae/mafin/k/ko077496.pdf,官公需情報ポータルAPI（全省庁）
2026-04-26 19:10:28,全国,防衛省陸上自衛隊中部方面会計隊,その他,【ＯＤ色】四脚テントほか１１８件,2026-04-26,https://www.mod.go.jp/gsdf/mae/mafin/k/ko077470.pdf,官公需情報ポータルAPI（全省庁）
2026-04-26 19:10:27,全国,防衛省陸上自衛隊中部方面会計隊,その他,＜＞平ゴムロープほか１７９件,2026-04-26,https://www.mod.go.jp/gsdf/mae/mafin/k/ko077778.pdf,官公需情報ポータルAPI（全省庁）
2026-04-26 19:10:27,全国,防衛省陸上自衛隊中部方面会計隊,その他,＜変更＞油分散洗浄剤 横浜油脂工業（Ｌｉｎｄａ） ほか７１件,2026-04-26,https://www.mod.go.jp/gsdf/mae/mafin/k/ko077800.pdf,官公需情報ポータルAPI（全省庁）
2026-04-26 19:10:27,全国,防衛省陸上自衛隊中部方面会計隊,その他,油分散洗浄剤 横浜油脂工業（Ｌｉｎｄａ） ほか７１件,2026-04-26,https://www.mod.go.jp/gsdf/mae/mafin/k/ko077646.pdf,官公需情報ポータルAPI（全省庁）
2026-04-26 19:10:27,全国,防衛省陸上自衛隊中部方面会計隊,その他,カウンターオールインワンラック ほか１件,2026-04-26,https://www.mod.go.jp/gsdf/mae/mafin/k/ko077685.pdf,官公需情報ポータルAPI（全省庁）
2026-04-26 19:10:26,全国,防衛省陸上自衛隊中部方面会計隊,その他,＜変更＞全自動洗濯機ほか５件,2026-04-26,https://www.mod.go.jp/gsdf/mae/mafin/k/ko077677.pdf,官公需情報ポータルAPI（全省庁）
2026-04-26 19:10:26,全国,防衛省陸上自衛隊中部方面会計隊,その他,安全逃し弁ほか２件,2026-04-26,https://www.mod.go.jp/gsdf/mae/mafin/k/ko077632.pdf,官公需情報ポータルAPI（全省庁）
2026-04-26 19:10:26,全国,防衛省陸上自衛隊中部方面会計隊,その他,刈払機用丸鋸刃 山林用３枚刃 ほか８件,2026-04-26,https://www.mod.go.jp/gsdf/mae/mafin/k/ko077540.pdf,官公需情報ポータルAPI（全省庁）
2026-04-26 19:10:26,全国,防衛省陸上自衛隊中部方面会計隊,その他,全自動洗濯機ほか５件,2026-04-26,https://www.mod.go.jp/gsdf/mae/mafin/k/ko077636.pdf,官公需情報ポータルAPI（全省庁）
2026-04-26 19:10:26,全国,防衛省陸上自衛隊中部方面会計隊,その他,保温ジャケットほか５件,2026-04-26,https://www.mod.go.jp/gsdf/mae/mafin/k/ko077634.pdf,官公需情報ポータルAPI（全省庁）
2026-04-26 19:10:26,全国,防衛省陸上自衛隊中部方面会計隊,その他,ジープショベルほか１６２件,2026-04-26,https://www.mod.go.jp/gsdf/mae/mafin/k/ko077633.pdf,官公需情報ポータルAPI（全省庁）
2026-04-26 19:10:26,全国,防衛省陸上自衛隊中部方面会計隊,その他,カーテンほか６件,2026-04-26,https://www.mod.go.jp/gsdf/mae/mafin/k/ko077635.pdf,官公需情報ポータルAPI（全省庁）
2026-04-26 19:10:26,全国,防衛省陸上自衛隊中部方面会計隊,その他,お茶スティックほか７件,2026-04-26,https://www.mod.go.jp/gsdf/mae/mafin/k/ko077534.pdf,官公需情報ポータルAPI（全省庁）
2026-04-26 19:10:25,全国,防衛省陸上自衛隊中部方面会計隊,その他,＜変更＞ 刈払機用丸鋸刃 山林用３枚刃 ほか８件,2026-04-26,https://www.mod.go.jp/gsdf/mae/mafin/k/ko077742.pdf,官公需情報ポータルAPI（全省庁）
2026-04-26 19:10:25,全国,防衛省陸上自衛隊中部方面会計隊,その他,袋型モッコ・キャンバスタイプ ほか７７件,2026-04-26,https://www.mod.go.jp/gsdf/mae/mafin/k/ko077586.pdf,官公需情報ポータルAPI（全省庁）
2026-04-26 19:10:25,全国,防衛省陸上自衛隊中部方面会計隊,その他,特定小電力トランシーバー ほか２３件,2026-04-26,https://www.mod.go.jp/gsdf/mae/mafin/k/ko077587.pdf,官公需情報ポータルAPI（全省庁）
2026-04-26 19:10:25,全国,防衛省陸上自衛隊中部方面会計隊,その他,可搬式エダクター,2026-04-26,https://www.mod.go.jp/gsdf/mae/mafin/k/ko077588.pdf,官公需情報ポータルAPI（全省庁）
2026-04-26 19:10:25,全国,防衛省陸上自衛隊中部方面会計隊,その他,分別ペール５０ℓ 本体 ほか５８件,2026-04-26,https://www.mod.go.jp/gsdf/mae/mafin/k/ko077613.pdf,官公需情報ポータルAPI（全省庁）
2026-04-26 19:10:25,全国,防衛省陸上自衛隊中部方面会計隊,その他,ワークテーブル ほか５７件,2026-04-26,https://www.mod.go.jp/gsdf/mae/mafin/k/ko077590.pdf,官公需情報ポータルAPI（全省庁）
2026-04-26 19:10:25,全国,防衛省陸上自衛隊中部方面会計隊,その他,ライトフェンダー６００φ×９００ ３０Ｐ ほか６９件,2026-04-26,https://www.mod.go.jp/gsdf/mae/mafin/k/ko077592.pdf,官公需情報ポータルAPI（全省庁）
2026-04-26 19:10:25,全国,防衛省陸上自衛隊中部方面会計隊,その他,マグネット付き軽量スチールホワイトボード ほか２７５件,2026-04-26,https://www.mod.go.jp/gsdf/mae/mafin/k/ko077591.pdf,官公需情報ポータルAPI（全省庁）
2026-04-26 19:10:25,全国,防衛省陸上自衛隊中部方面会計隊,その他,ボンパラゴン スモールローラー ほか３８６件,2026-04-26,https://www.mod.go.jp/gsdf/mae/mafin/k/ko077589.pdf,官公需情報ポータルAPI（全省庁）
2026-04-26 19:10:25,全国,防衛省陸上自衛隊中部方面会計隊,その他,ホールキャップ（十字Ａ型）,2026-04-26,https://www.mod.go.jp/gsdf/mae/mafin/k/ko077593.pdf,官公需情報ポータルAPI（全省庁）
2026-04-26 19:10:24,全国,防衛省陸上自衛隊中部方面会計隊,その他,防舷材架台（移動式）,2026-04-26,https://www.mod.go.jp/gsdf/mae/mafin/k/ko077611.pdf,官公需情報ポータルAPI（全省庁）
2026-04-26 19:10:24,全国,防衛省陸上自衛隊中部方面会計隊,その他,軽あけパンチほか７１件,2026-04-26,https://www.mod.go.jp/gsdf/mae/mafin/k/ko077698.pdf,官公需情報ポータルAPI（全省庁）
2026-04-26 19:10:24,全国,防衛省陸上自衛隊中部方面会計隊,その他,空気式防舷材（ゴムスリーブ・ロープ付）,2026-04-26,https://www.mod.go.jp/gsdf/mae/mafin/k/ko077612.pdf,官公需情報ポータルAPI（全省庁）
2026-04-26 19:10:24,全国,防衛省陸上自衛隊中部方面会計隊,その他,無石土,2026-04-26,https://www.mod.go.jp/gsdf/mae/mafin/k/ko077653.pdf,官公需情報ポータルAPI（全省庁）
2026-04-26 19:10:24,全国,防衛省陸上自衛隊中部方面会計隊,その他,油吸着マットほか６７件,2026-04-26,https://www.mod.go.jp/gsdf/mae/mafin/k/ko077654.pdf,官公需情報ポータルAPI（全省庁）
2026-04-26 19:10:24,全国,防衛省陸上自衛隊中部方面会計隊,その他,小型②船舶用無線モバイルＩＰフォン（ＩＰ２１Ｈ） ほか１件,2026-04-26,https://www.mod.go.jp/gsdf/mae/mafin/k/ko077610.pdf,官公需情報ポータルAPI（全省庁）
2026-04-26 19:10:24,全国,防衛省陸上自衛隊中部方面会計隊,その他,割栗石ほか１件,2026-04-26,https://www.mod.go.jp/gsdf/mae/mafin/k/ko077699.pdf,官公需情報ポータルAPI（全省庁）
2026-04-26 19:10:24,全国,防衛省陸上自衛隊中部方面会計隊,その他,保温ジャケットほか２９件,2026-04-26,https://www.mod.go.jp/gsdf/mae/mafin/k/ko077712.pdf,官公需情報ポータルAPI（全省庁）
2026-04-26 19:10:24,全国,防衛省陸上自衛隊中部方面会計隊,その他,中型カメラ用三脚 ほか６９件,2026-04-26,https://www.mod.go.jp/gsdf/mae/mafin/k/ko077614.pdf,官公需情報ポータルAPI（全省庁）
2026-04-26 19:10:24,全国,防衛省陸上自衛隊中部方面会計隊,その他,パソコンデスクほか５件,2026-04-26,https://www.mod.go.jp/gsdf/mae/mafin/k/ko077676.pdf,官公需情報ポータルAPI（全省庁）
2026-04-26 19:10:23,全国,防衛省陸上自衛隊中部方面会計隊,その他,残留塩素計セット,2026-04-26,https://www.mod.go.jp/gsdf/mae/mafin/k/ko077718.pdf,官公需情報ポータルAPI（全省庁）
2026-04-26 19:10:23,全国,防衛省陸上自衛隊中部方面会計隊,その他,次亜注入装置セット,2026-04-26,https://www.mod.go.jp/gsdf/mae/mafin/k/ko077717.pdf,官公需情報ポータルAPI（全省庁）
2026-04-26 19:10:23,全国,防衛省陸上自衛隊中部方面会計隊,その他,名刺盆ほか２４件,2026-04-26,https://www.mod.go.jp/gsdf/mae/mafin/k/ko077539.pdf,官公需情報ポータルAPI（全省庁）
2026-04-26 19:10:23,全国,防衛省陸上自衛隊中部方面会計隊,その他,ロッカー,2026-04-26,https://www.mod.go.jp/gsdf/mae/mafin/k/ko077722.pdf,官公需情報ポータルAPI（全省庁）
2026-04-26 19:10:23,全国,防衛省陸上自衛隊中部方面会計隊,その他,ライフルガン ほか４５件,2026-04-26,https://www.mod.go.jp/gsdf/mae/mafin/k/ko077721.pdf,官公需情報ポータルAPI（全省庁）
2026-04-26 19:10:23,全国,防衛省陸上自衛隊中部方面会計隊,その他,プラパールボード３０００（１８００ｍｍ×９００ｍｍ） ほか９５件,2026-04-26,https://www.mod.go.jp/gsdf/mae/mafin/k/ko077723.pdf,官公需情報ポータルAPI（全省庁）
2026-04-26 19:10:23,全国,防衛省陸上自衛隊中部方面会計隊,その他,キーボックスほか１８件,2026-04-26,https://www.mod.go.jp/gsdf/mae/mafin/k/ko077711.pdf,官公需情報ポータルAPI（全省庁）
2026-04-26 19:10:23,全国,防衛省陸上自衛隊中部方面会計隊,その他,カーテンセット,2026-04-26,https://www.mod.go.jp/gsdf/mae/mafin/k/ko077724.pdf,官公需情報ポータルAPI（全省庁）
2026-04-26 19:10:22,全国,防衛省陸上自衛隊中部方面会計隊,その他,［ＯＤ色］スプリングスナップ ほか２８件,2026-04-26,https://www.mod.go.jp/gsdf/mae/mafin/k/ko077753.pdf,官公需情報ポータルAPI（全省庁）
2026-04-26 19:10:22,全国,防衛省陸上自衛隊中部方面会計隊,その他,ＬＥＤ天井埋込形照明器具（ベースライト） ほか１件,2026-04-26,https://www.mod.go.jp/gsdf/mae/mafin/k/ko077750.pdf,官公需情報ポータルAPI（全省庁）
2026-04-26 19:10:22,全国,防衛省陸上自衛隊中部方面会計隊,その他,松葉杖、中（健康診断用） ほか２１件,2026-04-26,https://www.mod.go.jp/gsdf/mae/mafin/k/ko077752.pdf,官公需情報ポータルAPI（全省庁）
2026-04-26 19:10:21,全国,防衛省陸上自衛隊中部方面会計隊,その他,貴重品ロッカーほか３件,2026-04-26,https://www.mod.go.jp/gsdf/mae/mafin/k/ko077799.pdf,官公需情報ポータルAPI（全省庁）
2026-04-26 19:10:21,全国,防衛省陸上自衛隊中部方面会計隊,その他,蛍光管,2026-04-26,https://www.mod.go.jp/gsdf/mae/mafin/k/ko077798.pdf,官公需情報ポータルAPI（全省庁）
2026-04-26 19:10:21,全国,防衛省陸上自衛隊中部方面会計隊,その他,航空タービン燃料Ｊｅｔ，Ａ−,2026-04-26,https://www.mod.go.jp/gsdf/mae/mafin/k/ko077856.pdf,官公需情報ポータルAPI（全省庁）
2026-04-26 19:10:21,全国,防衛省陸上自衛隊中部方面会計隊,その他,瞬間接着剤ほか５６件,2026-04-26,https://www.mod.go.jp/gsdf/mae/mafin/k/ko077749.pdf,官公需情報ポータルAPI（全省庁）
2026-04-26 19:10:21,全国,防衛省陸上自衛隊中部方面会計隊,物品,天板折り畳み式ネスティングワイドテーブル 多目的用＜グリーン購入法適合品＞ほか２１件,2026-04-26,https://www.mod.go.jp/gsdf/mae/mafin/k/ko077783.pdf,官公需情報ポータルAPI（全省庁）
2026-04-26 19:10:21,全国,防衛省陸上自衛隊中部方面会計隊,その他,ワンポット抹茶入り緑茶ティーバッグ５０Ｐ ほか３件,2026-04-26,https://www.mod.go.jp/gsdf/mae/mafin/k/ko077754.pdf,官公需情報ポータルAPI（全省庁）
2026-04-26 19:10:21,全国,防衛省陸上自衛隊中部方面会計隊,その他,ワンタッチ式 カーテンポールほか３件,2026-04-26,https://www.mod.go.jp/gsdf/mae/mafin/k/ko077986.pdf,官公需情報ポータルAPI（全省庁）
2026-04-26 19:10:21,全国,防衛省陸上自衛隊中部方面会計隊,その他,ファンコンベクターほか６件,2026-04-26,https://www.mod.go.jp/gsdf/mae/mafin/k/ko077979.pdf,官公需情報ポータルAPI（全省庁）
2026-04-26 19:10:20,全国,防衛省陸上自衛隊中部方面会計隊,その他,［ＯＤ色］ショベル ほか２９６件,2026-04-26,https://www.mod.go.jp/gsdf/mae/mafin/k/ko077978.pdf,官公需情報ポータルAPI（全省庁）
2026-04-26 19:10:20,全国,防衛省陸上自衛隊中部方面会計隊,その他,ＫＵＲＥ５−５６（潤滑防錆剤）２０本入ほか１５６件,2026-04-26,https://www.mod.go.jp/gsdf/mae/mafin/k/ko077977.pdf,官公需情報ポータルAPI（全省庁）
2026-04-26 19:10:20,全国,防衛省陸上自衛隊中部方面会計隊,その他,（ＯＤ色）ショベルほか５６件,2026-04-26,https://www.mod.go.jp/gsdf/mae/mafin/k/ko077755.pdf,官公需情報ポータルAPI（全省庁）
2026-04-26 19:10:20,全国,防衛省陸上自衛隊中部方面会計隊,その他,結束バンド（再結束タイプ） ほか２５件,2026-04-26,https://www.mod.go.jp/gsdf/mae/mafin/k/ko077823.pdf,官公需情報ポータルAPI（全省庁）
2026-04-26 19:10:20,全国,防衛省陸上自衛隊中部方面会計隊,役務,作業用すべり止め出袋ほか４１件,2026-04-26,https://www.mod.go.jp/gsdf/mae/mafin/k/ko078015.pdf,官公需情報ポータルAPI（全省庁）
2026-04-26 19:10:19,全国,防衛省陸上自衛隊中部方面会計隊,その他,照明器具ほか１５件,2026-04-26,https://www.mod.go.jp/gsdf/mae/mafin/k/ko077865.pdf,官公需情報ポータルAPI（全省庁）
2026-04-26 19:10:19,全国,防衛省陸上自衛隊中部方面会計隊,その他,並塩 ほか５４件,2026-04-26,https://www.mod.go.jp/gsdf/mae/mafin/k/ko077756.pdf,官公需情報ポータルAPI（全省庁）
2026-04-26 19:10:19,全国,防衛省陸上自衛隊中部方面会計隊,その他,ポリカ波板ほか１５件,2026-04-26,https://www.mod.go.jp/gsdf/mae/mafin/k/ko077924.pdf,官公需情報ポータルAPI（全省庁）
2026-04-26 19:10:19,全国,防衛省陸上自衛隊中部方面会計隊,その他,スイッチほか６件,2026-04-26,https://www.mod.go.jp/gsdf/mae/mafin/k/ko077866.pdf,官公需情報ポータルAPI（全省庁）
2026-04-26 19:10:18,全国,防衛省陸上自衛隊中部方面会計隊,その他,ＶＨＦ３０５１２ＵＣＤ,2026-04-26,https://www.mod.go.jp/gsdf/mae/mafin/k/ko077862.pdf,官公需情報ポータルAPI（全省庁）
2026-04-26 19:10:18,全国,防衛省陸上自衛隊中部方面会計隊,その他,ＳａｎＤｉｓｋ Ｕｌｔｒａ Ｆｉｔ ＵＳＢ ３．２ Ｆｌａｓｈ Ｄｒｉｖｅ,2026-04-26,https://www.mod.go.jp/gsdf/mae/mafin/k/ko077864.pdf,官公需情報ポータルAPI（全省庁）
2026-04-26 19:10:18,全国,防衛省陸上自衛隊中部方面会計隊,その他,減圧弁 ほか４件,2026-04-26,https://www.mod.go.jp/gsdf/mae/mafin/k/ko078022.pdf,官公需情報ポータルAPI（全省庁）
2026-04-26 19:10:18,全国,防衛省陸上自衛隊中部方面会計隊,その他,応接ソファー・チェア,2026-04-26,https://www.mod.go.jp/gsdf/mae/mafin/k/ko077855.pdf,官公需情報ポータルAPI（全省庁）
2026-04-26 19:10:18,全国,防衛省陸上自衛隊中部方面会計隊,その他,天井直付型４０形一体型ＬＥＤベースライト,2026-04-26,https://www.mod.go.jp/gsdf/mae/mafin/k/ko078016.pdf,官公需情報ポータルAPI（全省庁）
2026-04-26 19:10:18,全国,防衛省陸上自衛隊中部方面会計隊,その他,ワークチェアー（黒）ほか１件,2026-04-26,https://www.mod.go.jp/gsdf/mae/mafin/k/ko077860.pdf,官公需情報ポータルAPI（全省庁）
2026-04-26 19:10:18,全国,防衛省陸上自衛隊中部方面会計隊,その他,ロッカーほか１件,2026-04-26,https://www.mod.go.jp/gsdf/mae/mafin/k/ko077858.pdf,官公需情報ポータルAPI（全省庁）
2026-04-26 19:10:18,全国,防衛省陸上自衛隊中部方面会計隊,その他,リチウムイオンバッテリー ほか１件,2026-04-26,https://www.mod.go.jp/gsdf/mae/mafin/k/ko077861.pdf,官公需情報ポータルAPI（全省庁）
2026-04-26 19:10:18,全国,防衛省陸上自衛隊中部方面会計隊,その他,プレフィルターほか１２件,2026-04-26,https://www.mod.go.jp/gsdf/mae/mafin/k/ko077854.pdf,官公需情報ポータルAPI（全省庁）
2026-04-26 19:10:18,全国,防衛省陸上自衛隊中部方面会計隊,その他,クマ避けスプレー ほか３件,2026-04-26,https://www.mod.go.jp/gsdf/mae/mafin/k/ko077857.pdf,官公需情報ポータルAPI（全省庁）
2026-04-26 19:10:17,全国,防衛省陸上自衛隊中部方面会計隊,その他,重油１種２号（バルク）ほか２件,2026-04-26,https://www.mod.go.jp/gsdf/mae/mafin/k/ko078064.pdf,官公需情報ポータルAPI（全省庁）
2026-04-26 19:10:17,全国,防衛省陸上自衛隊中部方面会計隊,その他,名札ケースほか１２件,2026-04-26,https://www.mod.go.jp/gsdf/mae/mafin/k/ko078101.pdf,官公需情報ポータルAPI（全省庁）
2026-04-26 19:10:17,全国,防衛省陸上自衛隊中部方面会計隊,その他,リトリアンＱＣＰＲアップグレードキットほか２８５件,2026-04-26,https://www.mod.go.jp/gsdf/mae/mafin/k/ko078102.pdf,官公需情報ポータルAPI（全省庁）
2026-04-26 19:10:17,全国,防衛省陸上自衛隊中部方面会計隊,その他,パーツクリーニングブラシほか１４７件,2026-04-26,https://www.mod.go.jp/gsdf/mae/mafin/k/ko077925.pdf,官公需情報ポータルAPI（全省庁）
2026-04-26 19:10:16,全国,防衛省陸上自衛隊中部方面会計隊,その他,ＬＥＤモールライト,2026-04-26,https://www.mod.go.jp/gsdf/mae/mafin/k/ko078082.pdf,官公需情報ポータルAPI（全省庁）
2026-04-26 19:10:16,全国,防衛省陸上自衛隊中部方面会計隊,その他,＜変更２＞ラぺリングロープ収納バック ほか３３０件,2026-04-26,https://www.mod.go.jp/gsdf/mae/mafin/k/ko078459.pdf,官公需情報ポータルAPI（全省庁）
2026-04-26 19:10:16,全国,防衛省陸上自衛隊中部方面会計隊,その他,＜変更１＞ラぺリングロープ収納バック ほか３３０件,2026-04-26,https://www.mod.go.jp/gsdf/mae/mafin/k/ko078141.pdf,官公需情報ポータルAPI（全省庁）
2026-04-26 19:10:16,全国,防衛省陸上自衛隊中部方面会計隊,その他,ラぺリングロープ収納バック ほか３３０件,2026-04-26,https://www.mod.go.jp/gsdf/mae/mafin/k/ko078094.pdf,官公需情報ポータルAPI（全省庁）
2026-04-26 19:10:15,全国,防衛省陸上自衛隊中部方面会計隊,その他,＜変更＞穴付きクリヤーホルダー ほか２３３件,2026-04-26,https://www.mod.go.jp/gsdf/mae/mafin/k/ko078320.pdf,官公需情報ポータルAPI（全省庁）
2026-04-26 19:10:15,全国,防衛省陸上自衛隊中部方面会計隊,その他,陸上自衛隊山口弾薬庫で使用する電力,2026-04-26,https://www.mod.go.jp/gsdf/mae/mafin/k/ko077976.pdf,官公需情報ポータルAPI（全省庁）
2026-04-26 19:10:15,全国,防衛省陸上自衛隊中部方面会計隊,その他,陸上自衛隊むつみ演習場で使用する電力（電灯）,2026-04-26,https://www.mod.go.jp/gsdf/mae/mafin/k/ko077983.pdf,官公需情報ポータルAPI（全省庁）
2026-04-26 19:10:15,全国,防衛省陸上自衛隊中部方面会計隊,その他,陸上自衛隊むつみ演習場で使用する電力（動力）,2026-04-26,https://www.mod.go.jp/gsdf/mae/mafin/k/ko077988.pdf,官公需情報ポータルAPI（全省庁）
2026-04-26 19:10:15,全国,防衛省陸上自衛隊中部方面会計隊,その他,穴付きクリヤーホルダー ほか２３３件,2026-04-26,https://www.mod.go.jp/gsdf/mae/mafin/k/ko078143.pdf,官公需情報ポータルAPI（全省庁）
2026-04-26 19:10:15,全国,防衛省陸上自衛隊中部方面会計隊,その他,ロッカー,2026-04-26,https://www.mod.go.jp/gsdf/mae/mafin/k/ko078123.pdf,官公需情報ポータルAPI（全省庁）
2026-04-26 19:10:15,全国,防衛省陸上自衛隊中部方面会計隊,その他,マグネットトレー［ステンレス製］ほか５７件,2026-04-26,https://www.mod.go.jp/gsdf/mae/mafin/k/ko078066.pdf,官公需情報ポータルAPI（全省庁）
2026-04-25 19:30:12,全国,厚生労働省,役務,福岡学生職業センター等（令８）電話設備改修工事設計業務委託,2026-04-24,https://www.p-portal.go.jp/pps-web-biz/UAA01/OAA0101,官公需情報ポータルAPI（全省庁）
2026-04-25 19:30:12,全国,財務省,委託,海外バイヤー向け酒蔵等視察事業実施に関する運営業務の委託,2026-04-24,https://www.p-portal.go.jp/pps-web-biz/UAA01/OAA0101,官公需情報ポータルAPI（全省庁）
2026-04-25 19:30:12,全国,財務省,委託,樹木剪定・緑地維持管理業務（区分８）,2026-04-24,https://www.p-portal.go.jp/pps-web-biz/UAA01/OAA0101,官公需情報ポータルAPI（全省庁）
2026-04-25 19:30:12,全国,国土交通省,設計・測量・コンサル,東京国際空港排水施設改修実施設計業務（東京航空局 東京空港事務所）,2026-04-24,https://www.p-portal.go.jp/pps-web-biz/UAA01/OAA0101,官公需情報ポータルAPI（全省庁）
2026-04-25 19:30:12,全国,国土交通省,物品,文具類買入（単価契約）,2026-04-24,https://www.p-portal.go.jp/pps-web-biz/UAA01/OAA0101,官公需情報ポータルAPI（全省庁）
2026-04-25 19:30:12,全国,財務省,委託,所得税徴収高計算書のプリント及び裁断業務,2026-04-24,https://www.p-portal.go.jp/pps-web-biz/UAA01/OAA0101,官公需情報ポータルAPI（全省庁）
2026-04-25 19:30:12,全国,国土交通省,委託,強震計定期点検調整業務,2026-04-24,https://www.p-portal.go.jp/pps-web-biz/UAA01/OAA0101,官公需情報ポータルAPI（全省庁）
2026-04-25 19:30:12,全国,財務省,委託,各種説明会の実施業務,2026-04-24,https://www.p-portal.go.jp/pps-web-biz/UAA01/OAA0101,官公需情報ポータルAPI（全省庁）
2026-04-25 19:30:12,全国,農林水産省,委託,令和８年度箕面国有林ニホンジカ捕獲等委託事業,2026-04-24,https://www.p-portal.go.jp/pps-web-biz/UAA01/OAA0101,官公需情報ポータルAPI（全省庁）
2026-04-25 19:30:12,全国,環境省,委託,令和８年度皇居外苑濠環境保全計画推進業務,2026-04-24,https://www.p-portal.go.jp/pps-web-biz/UAA01/OAA0101,官公需情報ポータルAPI（全省庁）
2026-04-25 19:30:12,全国,内閣府,委託,令和8年度 地方公共団体等における個人情報等を用いた訓練状況把握・標準化に係る調査事業,2026-04-24,https://www.p-portal.go.jp/pps-web-biz/UAA01/OAA0101,官公需情報ポータルAPI（全省庁）
2026-04-25 19:30:12,全国,国土交通省,物品,交換部品（右舷プロペラ・軸用）１式ほか２９点買入,2026-04-24,https://www.p-portal.go.jp/pps-web-biz/UAA01/OAA0101,官公需情報ポータルAPI（全省庁）
2026-04-25 19:30:12,全国,経済産業省,委託,【近畿経済産業局】2026年度知財活用・支援人材育成に向けた情報発信事業,2026-04-24,https://www.p-portal.go.jp/pps-web-biz/UAA01/OAA0101,官公需情報ポータルAPI（全省庁）
2026-04-25 19:30:12,全国,国土交通省,委託,【東京航空局】東京国際空港周辺航空機騒音実態調査,2026-04-24,https://www.p-portal.go.jp/pps-web-biz/UAA01/OAA0101,官公需情報ポータルAPI（全省庁）
2026-04-25 19:30:11,全国,財務省,委託,樹木剪定・緑地維持管理業務（区分７）,2026-04-24,https://www.p-portal.go.jp/pps-web-biz/UAA01/OAA0101,官公需情報ポータルAPI（全省庁）
2026-04-24 20:20:57,岐阜県,国土交通省,委託,令和８年度 単価契約岐阜国道事務所公共嘱託登記業務（表示に関する登記）,2026-04-24,https://www.p-portal.go.jp/pps-web-biz/UAA01/OAA0101,官公需情報ポータルAPI（対象5県）
2026-04-24 20:20:57,岐阜県,国土交通省,委託,令和８年度 単価契約岐阜国道事務所公共嘱託登記業務（権利に関する登記）,2026-04-24,https://www.p-portal.go.jp/pps-web-biz/UAA01/OAA0101,官公需情報ポータルAPI（対象5県）
2026-04-24 20:20:57,全国,国土交通省,物品,ＩＰ伝送装置購入及び据付調整,2026-04-24,https://www.p-portal.go.jp/pps-web-biz/UAA01/OAA0101,官公需情報ポータルAPI（全省庁）
2026-04-24 20:20:57,全国,こども家庭庁,委託,青少年が安全に安心してインターネットを利用できる環境の整備等に向けたガイドラインについての調査研究業務,2026-04-24,https://www.p-portal.go.jp/pps-web-biz/UAA01/OAA0101,官公需情報ポータルAPI（全省庁）
2026-04-24 20:20:57,全国,財務省,役務,記帳指導の業務委託,2026-04-24,https://www.p-portal.go.jp/pps-web-biz/UAA01/OAA0101,官公需情報ポータルAPI（全省庁）
2026-04-24 20:20:57,全国,国土交通省,物品,発電原動機（６ＤＬ－１９）交換部品１式買入,2026-04-24,https://www.p-portal.go.jp/pps-web-biz/UAA01/OAA0101,官公需情報ポータルAPI（全省庁）
2026-04-24 20:20:57,全国,国土交通省,物品,発電原動機交換部品１式ほか２点買入,2026-04-24,https://www.p-portal.go.jp/pps-web-biz/UAA01/OAA0101,官公需情報ポータルAPI（全省庁）
2026-04-24 20:20:57,全国,財務省,委託,樹木剪定・緑地維持管理業務（区分６）,2026-04-24,https://www.p-portal.go.jp/pps-web-biz/UAA01/OAA0101,官公需情報ポータルAPI（全省庁）
2026-04-24 20:20:57,全国,財務省,委託,樹木剪定・緑地維持管理業務（区分５）,2026-04-24,https://www.p-portal.go.jp/pps-web-biz/UAA01/OAA0101,官公需情報ポータルAPI（全省庁）
2026-04-24 20:20:57,全国,財務省,委託,樹木剪定・緑地維持管理業務（区分４）,2026-04-24,https://www.p-portal.go.jp/pps-web-biz/UAA01/OAA0101,官公需情報ポータルAPI（全省庁）
2026-04-24 20:20:57,全国,財務省,委託,樹木剪定・緑地維持管理業務（区分３）,2026-04-24,https://www.p-portal.go.jp/pps-web-biz/UAA01/OAA0101,官公需情報ポータルAPI（全省庁）
2026-04-24 20:20:57,全国,財務省,委託,樹木剪定・緑地維持管理業務（区分２）,2026-04-24,https://www.p-portal.go.jp/pps-web-biz/UAA01/OAA0101,官公需情報ポータルAPI（全省庁）
2026-04-24 20:20:57,全国,財務省,委託,樹木剪定・緑地維持管理業務（区分１）,2026-04-24,https://www.p-portal.go.jp/pps-web-biz/UAA01/OAA0101,官公需情報ポータルAPI（全省庁）
2026-04-24 20:20:57,全国,国土交通省,委託,東京国際空港整備運用調整支援業務（東京航空局 東京空港事務所）,2026-04-24,https://www.p-portal.go.jp/pps-web-biz/UAA01/OAA0101,官公需情報ポータルAPI（全省庁）
2026-04-24 20:20:57,全国,国土交通省,委託,戸開走行保護装置等の設置状況に関する調査および建築基準法違反の疑いのある建築物等に係るフォローアップ調査検討業務,2026-04-24,https://www.p-portal.go.jp/pps-web-biz/UAA01/OAA0101,官公需情報ポータルAPI（全省庁）
2026-04-24 20:20:57,全国,国土交通省,役務,十勝ダム管理支所放流警報局直流電源装置更新,2026-04-24,https://www.p-portal.go.jp/pps-web-biz/UAA01/OAA0101,官公需情報ポータルAPI（全省庁）
2026-04-24 20:20:57,全国,国土交通省,物品,制御弁式据置鉛蓄電池（SNSX-50-12）１式外１点購入,2026-04-24,https://www.p-portal.go.jp/pps-web-biz/UAA01/OAA0101,官公需情報ポータルAPI（全省庁）
2026-04-24 20:20:57,全国,国土交通省,その他,佐賀空港庁舎サイトシステム(製造・設置・調整),2026-04-24,https://www.p-portal.go.jp/pps-web-biz/UAA01/OAA0101,官公需情報ポータルAPI（全省庁）
2026-04-24 20:20:57,全国,国土交通省,委託,住宅騒音防止対策事業に係る検討業務,2026-04-24,https://www.p-portal.go.jp/pps-web-biz/UAA01/OAA0101,官公需情報ポータルAPI（全省庁）
2026-04-24 20:20:57,全国,財務省,役務,会計ソフトを利用した記帳指導の業務委託（区分９）,2026-04-24,https://www.p-portal.go.jp/pps-web-biz/UAA01/OAA0101,官公需情報ポータルAPI（全省庁）
2026-04-24 20:20:57,全国,財務省,役務,会計ソフトを利用した記帳指導の業務委託（区分８）,2026-04-24,https://www.p-portal.go.jp/pps-web-biz/UAA01/OAA0101,官公需情報ポータルAPI（全省庁）
2026-04-24 20:20:57,全国,財務省,役務,会計ソフトを利用した記帳指導の業務委託（区分７）,2026-04-24,https://www.p-portal.go.jp/pps-web-biz/UAA01/OAA0101,官公需情報ポータルAPI（全省庁）
2026-04-24 20:20:57,全国,財務省,役務,会計ソフトを利用した記帳指導の業務委託（区分６）,2026-04-24,https://www.p-portal.go.jp/pps-web-biz/UAA01/OAA0101,官公需情報ポータルAPI（全省庁）
2026-04-24 20:20:57,全国,財務省,役務,会計ソフトを利用した記帳指導の業務委託（区分５）,2026-04-24,https://www.p-portal.go.jp/pps-web-biz/UAA01/OAA0101,官公需情報ポータルAPI（全省庁）
2026-04-24 20:20:57,全国,財務省,役務,会計ソフトを利用した記帳指導の業務委託（区分10）,2026-04-24,https://www.p-portal.go.jp/pps-web-biz/UAA01/OAA0101,官公需情報ポータルAPI（全省庁）
2026-04-24 20:20:57,全国,内閣府,委託,令和８年度黒潮階段エスカレーター（１～３号機）保守点検業務（その２）,2026-04-24,https://www.p-portal.go.jp/pps-web-biz/UAA01/OAA0101,官公需情報ポータルAPI（全省庁）
2026-04-24 20:20:57,全国,経済産業省,委託,令和８年度関東経済産業局Microsoft365 支援業務,2026-04-24,https://www.p-portal.go.jp/pps-web-biz/UAA01/OAA0101,官公需情報ポータルAPI（全省庁）
2026-04-24 20:20:57,全国,法務省,委託,令和８年度長期相続登記等未了土地解消作業（登記名義人２００人分）の委託一式,2026-04-24,https://www.p-portal.go.jp/pps-web-biz/UAA01/OAA0101,官公需情報ポータルAPI（全省庁）
2026-04-24 20:20:57,全国,財務省,役務,令和８年度酒類輸出コーディネーター事業運営に係る委託業務（区分１）,2026-04-24,https://www.p-portal.go.jp/pps-web-biz/UAA01/OAA0101,官公需情報ポータルAPI（全省庁）
2026-04-24 20:20:57,全国,環境省,委託,令和８年度立山室堂地区火山ガス保安施設メンテナンス業務,2026-04-24,https://www.p-portal.go.jp/pps-web-biz/UAA01/OAA0101,官公需情報ポータルAPI（全省庁）
2026-04-24 20:20:57,全国,厚生労働省,役務,令和８年度栃木労働局一般定期健康診断業務委託,2026-04-24,https://www.p-portal.go.jp/pps-web-biz/UAA01/OAA0101,官公需情報ポータルAPI（全省庁）
2026-04-24 20:20:57,全国,国土交通省,委託,令和８年度建築ＢＩＭ推進会議等に関する運営補助業務,2026-04-24,https://www.p-portal.go.jp/pps-web-biz/UAA01/OAA0101,官公需情報ポータルAPI（全省庁）
2026-04-24 20:20:57,全国,内閣府,委託,令和８年度北部ダム統管係船設備等点検整備業務,2026-04-24,https://www.p-portal.go.jp/pps-web-biz/UAA01/OAA0101,官公需情報ポータルAPI（全省庁）
2026-04-24 20:20:57,全国,環境省,委託,令和８年度再資源化判断基準達成に向けた支援業務[総合評価落札方式],2026-04-24,https://www.p-portal.go.jp/pps-web-biz/UAA01/OAA0101,官公需情報ポータルAPI（全省庁）
2026-04-24 20:20:57,全国,環境省,委託,令和８年度伊勢志摩国立公園地域協議会運営等業務,2026-04-24,https://www.p-portal.go.jp/pps-web-biz/UAA01/OAA0101,官公需情報ポータルAPI（全省庁）
2026-04-24 20:20:57,全国,法務省,役務,令和８年度九州矯正管区管内矯正施設医薬品共同調達（単価契約）,2026-04-24,https://www.p-portal.go.jp/pps-web-biz/UAA01/OAA0101,官公需情報ポータルAPI（全省庁）
2026-04-24 20:20:57,全国,農林水産省,委託,令和７年度花粉症対策木材の利用拡大に向けた機運の醸成委託事業,2026-04-24,https://www.p-portal.go.jp/pps-web-biz/UAA01/OAA0101,官公需情報ポータルAPI（全省庁）
2026-04-24 20:20:57,全国,国土交通省,委託,令和8年度離島の交流推進支援調査業務,2026-04-24,https://www.p-portal.go.jp/pps-web-biz/UAA01/OAA0101,官公需情報ポータルAPI（全省庁）
2026-04-24 20:20:57,全国,国土交通省,その他,令和8年度 飛行検査機操縦士定期訓練（C700型機）,2026-04-24,https://www.p-portal.go.jp/pps-web-biz/UAA01/OAA0101,官公需情報ポータルAPI（全省庁）
2026-04-24 20:20:57,全国,国土交通省,物品,主機関（８ＭＧ３２ＣＬＸ）交換部品１式買入,2026-04-24,https://www.p-portal.go.jp/pps-web-biz/UAA01/OAA0101,官公需情報ポータルAPI（全省庁）
2026-04-24 20:20:57,全国,国土交通省,物品,スマートリバースポット（SRS）設備購入,2026-04-24,https://www.p-portal.go.jp/pps-web-biz/UAA01/OAA0101,官公需情報ポータルAPI（全省庁）
2026-04-24 20:20:57,全国,経済産業省,委託,【本省】令和8年度地球温暖化・資源循環対策等調査事業費（中小企業のＧＸ推進に向けた支援体制構築等調査）,2026-04-24,https://www.p-portal.go.jp/pps-web-biz/UAA01/OAA0101,官公需情報ポータルAPI（全省庁）
2026-04-24 20:20:57,全国,国土交通省,物品,R８近畿地方整備局管内車両用ガソリン等購入,2026-04-24,https://www.p-portal.go.jp/pps-web-biz/UAA01/OAA0101,官公需情報ポータルAPI（全省庁）
2026-04-24 20:20:57,全国,内閣府,委託,AIによる権利侵害・社会に与える影響等に係る調査分析等業務,2026-04-24,https://www.p-portal.go.jp/pps-web-biz/UAA01/OAA0101,官公需情報ポータルAPI（全省庁）
2026-04-24 20:20:56,石川県,財務省,その他,令和８年度魚津合同庁舎冷暖房用白灯油の調達,2026-04-24,https://www.p-portal.go.jp/pps-web-biz/UAA01/OAA0101,官公需情報ポータルAPI（対象5県）
2026-04-24 20:20:56,石川県,財務省,その他,令和８年度金沢駅西合同庁舎冷房用白灯油の調達,2026-04-24,https://www.p-portal.go.jp/pps-web-biz/UAA01/OAA0101,官公需情報ポータルAPI（対象5県）
2026-04-24 20:20:56,石川県,財務省,その他,令和８年度七尾西湊合同庁舎冷暖房用白灯油の調達,2026-04-24,https://www.p-portal.go.jp/pps-web-biz/UAA01/OAA0101,官公需情報ポータルAPI（対象5県）
2026-04-24 20:20:56,新潟県,国土交通省,物品,令和８年度 文書編集ソフトウェア購入,2026-04-24,https://www.p-portal.go.jp/pps-web-biz/UAA01/OAA0101,官公需情報ポータルAPI（対象5県）
2026-04-24 20:20:56,全国,国土交通省,物品,高速ディーゼル主機関等（ＭＴＵ型）部品買入（単価契約）,2026-04-24,https://www.p-portal.go.jp/pps-web-biz/UAA01/OAA0101,官公需情報ポータルAPI（全省庁）
2026-04-24 20:20:56,全国,国土交通省,役務,近畿技術事務所構内樹木伐採他作業,2026-04-24,https://www.p-portal.go.jp/pps-web-biz/UAA01/OAA0101,官公需情報ポータルAPI（全省庁）
2026-04-24 20:20:56,全国,国土交通省,役務,維持除雪機械整備状況確認（単価契約）,2026-04-24,https://www.p-portal.go.jp/pps-web-biz/UAA01/OAA0101,官公需情報ポータルAPI（全省庁）
2026-04-24 20:20:56,全国,国土交通省,物品,発電機原動機等（ヤンマー型）部品買入（単価契約）,2026-04-24,https://www.p-portal.go.jp/pps-web-biz/UAA01/OAA0101,官公需情報ポータルAPI（全省庁）
2026-04-24 20:20:56,全国,国土交通省,委託,由良川不動産権利登記業務,2026-04-24,https://www.p-portal.go.jp/pps-web-biz/UAA01/OAA0101,官公需情報ポータルAPI（全省庁）
2026-04-24 20:20:56,全国,国土交通省,委託,大手前合同庁舎廃プラスチック類等産業廃棄物搬出処分等業務,2026-04-24,https://www.p-portal.go.jp/pps-web-biz/UAA01/OAA0101,官公需情報ポータルAPI（全省庁）
2026-04-24 20:20:56,全国,外務省,物品,在外公館配備用規格食器（漆器）製作・納入一式,2026-04-24,https://www.p-portal.go.jp/pps-web-biz/UAA01/OAA0101,官公需情報ポータルAPI（全省庁）
2026-04-24 20:20:56,全国,環境省,委託,令和８年度阿寒摩周国立公園エゾシカ対策協議会運営及び調査等業務,2026-04-24,https://www.p-portal.go.jp/pps-web-biz/UAA01/OAA0101,官公需情報ポータルAPI（全省庁）
2026-04-24 20:20:56,全国,環境省,委託,令和８年度知床世界自然遺産地域科学委員会開催等業務,2026-04-24,https://www.p-portal.go.jp/pps-web-biz/UAA01/OAA0101,官公需情報ポータルAPI（全省庁）
2026-04-24 20:20:56,全国,農林水産省,委託,令和８年度生成AIサービス提供業務,2026-04-24,https://www.p-portal.go.jp/pps-web-biz/UAA01/OAA0101,官公需情報ポータルAPI（全省庁）
2026-04-24 20:20:56,全国,法務省,委託,令和８年度埼玉県内矯正施設（２施設）職員健康診断検査業務委任契約,2026-04-24,https://www.p-portal.go.jp/pps-web-biz/UAA01/OAA0101,官公需情報ポータルAPI（全省庁）
2026-04-24 20:20:56,全国,農林水産省,委託,令和８年度地下水位・地盤沈下観測調査業務,2026-04-24,https://www.p-portal.go.jp/pps-web-biz/UAA01/OAA0101,官公需情報ポータルAPI（全省庁）
2026-04-24 20:20:56,全国,法務省,役務,令和８年度喜連川社会復帰促進センターＡ重油供給単価契約（6月分）,2026-04-24,https://www.p-portal.go.jp/pps-web-biz/UAA01/OAA0101,官公需情報ポータルAPI（全省庁）
2026-04-24 20:20:56,全国,厚生労働省,役務,令和８年度一般健康診断及び情報機器作業健康診断の業務委託契約,2026-04-24,https://www.p-portal.go.jp/pps-web-biz/UAA01/OAA0101,官公需情報ポータルAPI（全省庁）
2026-04-24 20:20:56,全国,国土交通省,その他,令和８年度 山之内局外土石流テレメータ設備製造,2026-04-24,https://www.p-portal.go.jp/pps-web-biz/UAA01/OAA0101,官公需情報ポータルAPI（全省庁）
2026-04-24 20:20:56,全国,国土交通省,その他,令和８年度 大洲局外多重無線設備製造,2026-04-24,https://www.p-portal.go.jp/pps-web-biz/UAA01/OAA0101,官公需情報ポータルAPI（全省庁）
2026-04-24 20:20:56,全国,財務省,物品,什器の納入等（研修教室）業務,2026-04-24,https://www.p-portal.go.jp/pps-web-biz/UAA01/OAA0101,官公需情報ポータルAPI（全省庁）
2026-04-24 20:20:56,全国,農林水産省,物品,乗用自動車（ＳＵＶタイプ）３台の交換購入,2026-04-24,https://www.p-portal.go.jp/pps-web-biz/UAA01/OAA0101,官公需情報ポータルAPI（全省庁）
2026-04-24 20:20:56,全国,財務省,物品,パンフレット「令和８年度税制改正」の印刷製本,2026-04-24,https://www.p-portal.go.jp/pps-web-biz/UAA01/OAA0101,官公需情報ポータルAPI（全省庁）
2026-04-24 20:20:56,全国,国土交通省,委託,ダム水源地域支援業務（宮城県）,2026-04-24,https://www.p-portal.go.jp/pps-web-biz/UAA01/OAA0101,官公需情報ポータルAPI（全省庁）
2026-04-24 20:20:56,全国,国土交通省,役務,【九州地方整備局鹿児島国道事務所】令和８年度鹿児島国道無線ＬＡＮアクセスポイント設置,2026-04-24,https://www.p-portal.go.jp/pps-web-biz/UAA01/OAA0101,官公需情報ポータルAPI（全省庁）
2026-04-24 20:20:55,全国,内閣府,委託,海洋の成長戦略に基づく関連政策の実行に係る調査・支援業務,2026-04-24,https://www.p-portal.go.jp/pps-web-biz/UAA01/OAA0101,官公需情報ポータルAPI（全省庁）
2026-04-24 20:20:55,全国,農林水産省,役務,東北森林管理局 入札番号第１号 令和８年度蔵王地域におけるオオシラビソの枯損等推移オルソ画像分析事業（宮城県）,2026-04-24,https://www.p-portal.go.jp/pps-web-biz/UAA01/OAA0101,官公需情報ポータルAPI（全省庁）
2026-04-24 20:20:55,全国,総務省,委託,放送コンテンツの製作取引の動向に関する調査研究の請負,2026-04-24,https://www.p-portal.go.jp/pps-web-biz/UAA01/OAA0101,官公需情報ポータルAPI（全省庁）
2026-04-24 20:20:55,全国,内閣府,委託,我が国のロケット開発等人材基盤を強化するスキル標準に関する調査,2026-04-24,https://www.p-portal.go.jp/pps-web-biz/UAA01/OAA0101,官公需情報ポータルAPI（全省庁）
2026-04-24 20:20:55,全国,法務省,その他,六法全書等供給,2026-04-24,https://www.p-portal.go.jp/pps-web-biz/UAA01/OAA0101,官公需情報ポータルAPI（全省庁）
2026-04-24 20:20:55,全国,環境省,委託,令和８年度日高山脈襟裳十勝国立公園協議会等運営及び管理運営計画検討等業務,2026-04-24,https://www.p-portal.go.jp/pps-web-biz/UAA01/OAA0101,官公需情報ポータルAPI（全省庁）
2026-04-24 20:20:55,全国,国土交通省,委託,令和８年度 山鳥坂ダム敷水第一橋上部外施工歩掛調査作業,2026-04-24,https://www.p-portal.go.jp/pps-web-biz/UAA01/OAA0101,官公需情報ポータルAPI（全省庁）
2026-04-24 20:20:55,全国,国土交通省,役務,令和8年度中国地方整備局管内多重無線通信装置製造,2026-04-24,https://www.p-portal.go.jp/pps-web-biz/UAA01/OAA0101,官公需情報ポータルAPI（全省庁）
2026-04-24 20:20:55,全国,公正取引委員会東京都,その他,ポータブルハードディスクの調達,2026-04-24,https://www.p-portal.go.jp/pps-web-biz/UAA01/OAA0101,官公需情報ポータルAPI（全省庁）
2026-04-24 20:20:55,全国,消費者庁,委託,コンビニ型コミュニティパントリー導入に向けた地域課題解消実証支援事業,2026-04-24,https://www.p-portal.go.jp/pps-web-biz/UAA01/OAA0101,官公需情報ポータルAPI（全省庁）
2026-04-24 20:20:55,全国,総務省,委託,08-0049-0098 日米国際間接続ネットワーク分野におけるAPN技術の普及に向けた調査研究の請負,2026-04-24,https://www.p-portal.go.jp/pps-web-biz/UAA01/OAA0101,官公需情報ポータルAPI（全省庁）
2026-04-24 19:11:19,岐阜県,大学共同利用機関法人自然科学研究機構核融合科学研究所,委託,核融合科学研究所管理部財務課（調達係）労働者派遣業務 １名,2026-04-24,https://www.nifs.ac.jp/procurement/koukoku_20260424haken.pdf,官公需情報ポータルAPI（対象5県）
2026-04-24 19:08:14,全国,国家公安委員会（警察庁）北海道警察本部会計課,委託,北海道警察学校Ｂ型肝炎特別健康診断業務に係る単価契約,2026-04-24,https://www.police.pref.hokkaido.lg.jp/info/soumu/kaikei/dat/2026-05/2026-0522-gakkou-b-056/01.pdf,官公需情報ポータルAPI（全省庁）
2026-04-24 19:08:03,全国,国家公安委員会（警察庁）北海道警察情報通信部,役務,通信施設環境整備作業（草刈り等）（PDF60KB,2026-04-24,https://www.police.pref.hokkaido.lg.jp/joutuu/johotusin/nyusatu-kokuji/1-nyuusatu-koukoku/0513-kusakari.pdf,官公需情報ポータルAPI（全省庁）
2026-04-24 19:08:02,全国,国家公安委員会（警察庁）北海道警察情報通信部,役務,通信施設点検作業（中継所等）（PDF66KB,2026-04-24,https://www.police.pref.hokkaido.lg.jp/joutuu/johotusin/nyusatu-kokuji/1-nyuusatu-koukoku/0519-tyukeijo.pdf,官公需情報ポータルAPI（全省庁）
2026-04-24 19:07:54,新潟県,新潟県魚沼市,役務,市内小学校プール水質検査業務委託,2026-04-24,https://www.city.uonuma.lg.jp/nyusatu/260514/002562/00256201.pdf,官公需情報ポータルAPI（対象5県）
2026-04-24 19:07:53,全国,国家公安委員会（警察庁）岩手県警察,物品,【県】入札公告（令和8年4月14日公表）運転者疑似体験型集合教育装置賃貸借 一式,2026-04-24,https://www.pref.iwate.jp/kenkei/_res/projects/project_kenkei/_page_/003/002/722/s_koukikaku_untensyagijitaiken.pdf,官公需情報ポータルAPI（全省庁）
2026-04-24 19:07:51,新潟県,新潟県魚沼市,物品,メールシーラー（圧着機）購入,2026-04-24,https://www.city.uonuma.lg.jp/nyusatu/260514/002440/00244001.pdf,官公需情報ポータルAPI（対象5県）
2026-04-24 19:07:22,新潟県,新潟県聖籠町,役務,各種・申請書様式（入札・契約関係）,2026-04-24,https:https://www.town.seiro.niigata.jp/1/3/2/3/1/362.html,官公需情報ポータルAPI（対象5県）
2026-04-24 19:06:55,新潟県,新潟県新潟市,物品,"新潟市教職員用コンピュータ等賃貸借(PDF:7,390KB)",2026-04-24,https://www.city.niigata.lg.jp/business/keiyaku/keiyaku_top/kokoku/reiwa08-wto-koukoku.files/08wto-koukoku28.pdf,官公需情報ポータルAPI（対象5県）
2026-04-24 19:06:55,全国,厚生労働省栃木労働局,役務,〇令和8年度栃木労働局一般定期健康診断業務委託,2026-04-24,https://jsite.mhlw.go.jp/tochigi-roudoukyoku/content/contents/002634344.pdf,官公需情報ポータルAPI（全省庁）
2026-04-24 19:06:33,福井県,福井県坂井市,その他,回答書（PDF：96KB）,2026-04-24,https://www.city.fukui-sakai.lg.jp/kanri/jigyosha/nyusatsu/kokoku/documents/08-036kaitou.pdf,官公需情報ポータルAPI（対象5県）
2026-04-24 19:06:33,福井県,福井県坂井市,その他,回答書（PDF：102KB）,2026-04-24,https://www.city.fukui-sakai.lg.jp/kanri/jigyosha/nyusatsu/kokoku/documents/08-025kaitou.pdf,官公需情報ポータルAPI（対象5県）
2026-04-24 19:06:32,全国,国土交通省東北地方整備局七ヶ宿ダム管理所,委託,ダム水源地域支援業務（宮城県）【PDF:1178KB】,2026-04-24,https://www.thr.mlit.go.jp/shichika/26kouzi/R8/0424suigen.pdf,官公需情報ポータルAPI（全省庁）
2026-04-24 19:06:31,全国,国土交通省四国地方整備局山鳥坂ダム工事事務所,委託,令和８年度 山鳥坂ダム敷水第一橋上部外施工歩掛調査作業,2026-04-24,https://www.skr.mlit.go.jp/necsas/zuikei/upfiles/BH26885540300001.html,官公需情報ポータルAPI（全省庁）
2026-04-24 19:06:23,全国,国家公安委員会（警察庁）愛媛県警察,物品,微物分析装置の借入れ,2026-04-24,https://www.police.pref.ehime.jp/kaikei/nyuusatu/0424.pdf,官公需情報ポータルAPI（全省庁）
2026-04-24 19:06:22,全国,農林水産省関東農政局,委託,令和8年度地下水位・地盤沈下観測調査業務,2026-04-24,https://www.maff.go.jp/kanto/shinsei/order/attach/pdf/ddd-402.pdf,官公需情報ポータルAPI（全省庁）
2026-04-24 19:05:36,全国,国家公安委員会（警察庁）中国四国管区警察局,物品,制御弁式据置鉛蓄電池購入（令和8年4月24日～令和8年5月14日）,2026-04-24,https://www.chugokushikoku.npa.go.jp/kaikei/ippan/file/hiroshima/hiroshima-nyuusatu-0424.pdf,官公需情報ポータルAPI（全省庁）
2026-04-24 19:05:35,全国,国家公安委員会（警察庁）中国管区警察局,物品,制御弁式据置鉛蓄電池購入（令和8年4月24日～令和8年5月14日）,2026-04-24,https://www.chugokushikoku.npa.go.jp/kaikei/ippan/file/hiroshima/hiroshima-nyuusatu-0424.pdf,官公需情報ポータルAPI（全省庁）
2026-04-24 19:05:29,全国,国家公安委員会（警察庁）群馬県警察,委託,警備員指導教育責任者講習及び現任指導教育責任者講習業務,2026-04-24,https://www.pref.gunma.jp/uploaded/attachment/699269.pdf,官公需情報ポータルAPI（全省庁）
2026-04-24 19:05:29,全国,国家公安委員会（警察庁）群馬県警察,役務,勤怠管理システム導入事業,2026-04-24,https://www.pref.gunma.jp/uploaded/attachment/699527.pdf,官公需情報ポータルAPI（全省庁）
2026-04-24 19:05:28,全国,法務省長崎地方法務局,委託,長期相続登記等未了土地解消作業（登記名義人200人分）の委託 一式,2026-04-24,https://houmukyoku.moj.go.jp/nagasaki/content/001461624.pdf,官公需情報ポータルAPI（全省庁）
2026-04-24 19:05:25,全国,法務省松山地方法務局,委託,長期相続登記等未了土地解消事業(登記名義人２００名分)の委託一式,2026-04-24,https://houmukyoku.moj.go.jp/matsuyama/content/001461611.pdf,官公需情報ポータルAPI（全省庁）
2026-04-24 19:05:21,全国,法務省和歌山地方法務局,委託,長期相続登記等未了土地解消事業（登記名義人２００名分）の委託 一式,2026-04-24,https://houmukyoku.moj.go.jp/wakayama/content/001461638.pdf,官公需情報ポータルAPI（全省庁）
2026-04-24 19:05:21,全国,環境省北海道地方環境事務所,委託,令和８年度日高山脈襟裳十勝国立公園協議会等運営及び管理運営計画検討等業務,2026-04-24,https://hokkaido.env.go.jp/procure/procure_00283.html,官公需情報ポータルAPI（全省庁）
2026-04-24 19:05:18,全国,環境省釧路自然環境事務所,委託,令和８年度阿寒摩周国立公園エゾシカ対策協議会運営及び調査等業務,2026-04-24,https://hokkaido.env.go.jp/kushiro/procure/procure_00263.html,官公需情報ポータルAPI（全省庁）
2026-04-24 19:05:18,全国,環境省釧路自然環境事務所,委託,令和８年度知床世界自然遺産地域科学委員会開催等業務,2026-04-24,https://hokkaido.env.go.jp/kushiro/procure/procure_00262.html,官公需情報ポータルAPI（全省庁）
2026-04-24 19:05:17,石川県,国立大学法人北陸先端科学技術大学院大学,その他,生成AI自動応答システム 一式（令和8年4月24日公告）,2026-04-24,https://www.jaist.ac.jp/about/data/bid/20260424-k1.pdf,官公需情報ポータルAPI（対象5県）
2026-04-24 19:05:11,全国,財務省北海道財務局,物品,札幌第1合同庁舎トイレットペーパー購入,2026-04-24,https://lfb.mof.go.jp/hokkaido/content/honkyoku/006/koukoku_r8toirettopaper.pdf,官公需情報ポータルAPI（全省庁）
2026-04-24 19:05:10,全国,法務省盛岡地方法務局,委託,長期相続登記等未了土地解消事業（登記名義人２００名分）の委託 一式,2026-04-24,https://houmukyoku.moj.go.jp/morioka/content/001461650.pdf,官公需情報ポータルAPI（全省庁）
2026-04-24 19:05:08,全国,環境省中部地方環境事務所,委託,令和８年度伊勢志摩国立公園地域協議会運営等業務,2026-04-24,https://chubu.env.go.jp/procure/procure_00086.html,官公需情報ポータルAPI（全省庁）
2026-04-24 19:05:06,全国,国土交通省近畿地方整備局,委託,大手前合同庁舎廃プラスチック類等産業廃棄物搬出処分等業務,2026-04-24,https://www.kkr.mlit.go.jp/n_info/ad/buppin-ekimu/olnrk8000000oq6e-att/260424haipurasuchikkuruitousanngyouhaikibutsu.pdf,官公需情報ポータルAPI（全省庁）
2026-04-24 19:05:06,全国,国家公安委員会（警察庁）島根県警察,物品,プリンタ用トナー等の購入（単価契約）,2026-04-24,https://www.pref.shimane.lg.jp/bid_info/bid_police/purintatona-.data/1_koukoku.pdf,官公需情報ポータルAPI（全省庁）
2026-04-24 19:05:05,全国,環境省,委託,令和８年度皇居外苑濠環境保全計画推進業務,2026-04-24,https://www.env.go.jp/kanbo/chotatsu/buppin/chotatsu_00038.html,官公需情報ポータルAPI（全省庁）
2026-04-24 19:05:05,全国,国土交通省中部地方整備局,役務,令和８年度 単価契約岐阜国道事務所公共嘱託登記業務（表示に関する登記）,2026-04-24,https://www.cbr.mlit.go.jp/contract/buppin/bukoukoku/data/pdf/YO5WoOIlB620260423_6.pdf,官公需情報ポータルAPI（全省庁）
2026-04-24 19:05:04,全国,国土交通省中部地方整備局,役務,令和８年度 単価契約岐阜国道事務所公共嘱託登記業務（権利に関する登記）,2026-04-24,https://www.cbr.mlit.go.jp/contract/buppin/bukoukoku/data/pdf/QwKI2Id59y20260423_6.pdf,官公需情報ポータルAPI（全省庁）
2026-04-25 19:30:12,全国,国土交通省,物品,日用品類買入（単価契約）,2026-04-23,https://www.p-portal.go.jp/pps-web-biz/UAA01/OAA0101,官公需情報ポータルAPI（全省庁）
2026-04-25 19:30:12,全国,国土交通省,委託,巡視船解体にかかる有害物質等情報に関する調査業務,2026-04-23,https://www.p-portal.go.jp/pps-web-biz/UAA01/OAA0101,官公需情報ポータルAPI（全省庁）
2026-04-23 20:17:30,全国,財務省,委託,健康診断等業務,2026-04-23,https://www.p-portal.go.jp/pps-web-biz/UAA01/OAA0101,官公需情報ポータルAPI（全省庁）
2026-04-23 20:17:30,全国,厚生労働省,役務,令和８年度宮城労働局及び管下監督署・安定所におけるレンタカー借用契約,2026-04-23,https://www.p-portal.go.jp/pps-web-biz/UAA01/OAA0101,官公需情報ポータルAPI（全省庁）
2026-04-23 20:17:30,全国,財務省,その他,令和８年度 各種封筒の作成,2026-04-23,https://www.p-portal.go.jp/pps-web-biz/UAA01/OAA0101,官公需情報ポータルAPI（全省庁）
2026-04-23 20:17:30,全国,財務省,物品,スライド式書庫ほかの購入,2026-04-23,https://www.p-portal.go.jp/pps-web-biz/UAA01/OAA0101,官公需情報ポータルAPI（全省庁）
2026-04-23 20:17:30,全国,厚生労働省,委託,【東京労働局】「令和８年度第1回障害者就職面接会」及び「令和８年度第１回外国人留学生大卒等合同就職面接 会・特定技能マッチングイベント」に伴う会場設営等の委託,2026-04-23,https://www.p-portal.go.jp/pps-web-biz/UAA01/OAA0101,官公需情報ポータルAPI（全省庁）
2026-04-23 20:17:29,石川県,農林水産省,役務,令和8年度蛇谷国有林外巡視等委託業務,2026-04-23,https://www.p-portal.go.jp/pps-web-biz/UAA01/OAA0101,官公需情報ポータルAPI（対象5県）
2026-04-23 20:17:29,岐阜県,法務省,物品,令和8年度笠松刑務所等事務用品等供給単価契約,2026-04-23,https://www.p-portal.go.jp/pps-web-biz/UAA01/OAA0101,官公需情報ポータルAPI（対象5県）
2026-04-23 20:17:29,全国,国土交通省,委託,ＥＳＳＥ－２２Ａ型視覚情報支援装置２式の製造,2026-04-23,https://www.p-portal.go.jp/pps-web-biz/UAA01/OAA0101,官公需情報ポータルAPI（全省庁）
2026-04-23 20:17:29,全国,国土交通省,物品,軽油（免税）買入（玉野）（６～３月分）,2026-04-23,https://www.p-portal.go.jp/pps-web-biz/UAA01/OAA0101,官公需情報ポータルAPI（全省庁）
2026-04-23 20:17:29,全国,法務省,その他,被収容者用ズック靴の供給一式,2026-04-23,https://www.p-portal.go.jp/pps-web-biz/UAA01/OAA0101,官公需情報ポータルAPI（全省庁）
2026-04-23 20:17:29,全国,財務省,役務,葛城税務署空調設備改修工事設計業務委託,2026-04-23,https://www.p-portal.go.jp/pps-web-biz/UAA01/OAA0101,官公需情報ポータルAPI（全省庁）
2026-04-23 20:17:29,全国,法務省,その他,練り歯磨き剤の供給一式,2026-04-23,https://www.p-portal.go.jp/pps-web-biz/UAA01/OAA0101,官公需情報ポータルAPI（全省庁）
2026-04-23 20:17:29,全国,厚生労働省,その他,求人者マイページのご案内等の作成,2026-04-23,https://www.p-portal.go.jp/pps-web-biz/UAA01/OAA0101,官公需情報ポータルAPI（全省庁）
2026-04-23 20:17:29,全国,財務省,物品,業務センターのレイアウト変更に係る物品の移設等業務,2026-04-23,https://www.p-portal.go.jp/pps-web-biz/UAA01/OAA0101,官公需情報ポータルAPI（全省庁）
2026-04-23 20:17:29,全国,文部科学省,その他,教育データ分析・研究推進事業,2026-04-23,https://www.p-portal.go.jp/pps-web-biz/UAA01/OAA0101,官公需情報ポータルAPI（全省庁）
2026-04-23 20:17:29,全国,財務省,役務,御坊税務署空調設備改修工事設計業務委託,2026-04-23,https://www.p-portal.go.jp/pps-web-biz/UAA01/OAA0101,官公需情報ポータルAPI（全省庁）
2026-04-23 20:17:29,全国,法務省,役務,官庁会計システムの更改に対応する供託システムの改修の請負 一式,2026-04-23,https://www.p-portal.go.jp/pps-web-biz/UAA01/OAA0101,官公需情報ポータルAPI（全省庁）
2026-04-23 20:17:29,全国,財務省,役務,大阪国税局柏原宿舎大規模改修工事監理業務委託,2026-04-23,https://www.p-portal.go.jp/pps-web-biz/UAA01/OAA0101,官公需情報ポータルAPI（全省庁）
2026-04-23 20:17:29,全国,財務省,役務,土浦税務署空気調和設備改修工事施工監理業務委託,2026-04-23,https://www.p-portal.go.jp/pps-web-biz/UAA01/OAA0101,官公需情報ポータルAPI（全省庁）
2026-04-23 20:17:29,全国,厚生労働省,役務,公共職業安定所マザーズコーナーにおけるパソコン講習及びビジネスマナー等講習の開催に係る業務委託,2026-04-23,https://www.p-portal.go.jp/pps-web-biz/UAA01/OAA0101,官公需情報ポータルAPI（全省庁）
2026-04-23 20:17:29,全国,法務省,その他,入浴用石けんの供給一式,2026-04-23,https://www.p-portal.go.jp/pps-web-biz/UAA01/OAA0101,官公需情報ポータルAPI（全省庁）
2026-04-23 20:17:29,全国,環境省,委託,令和８年度海洋プラスチックごみマッピングデータベースのGIS統合基盤における実装検証等業務,2026-04-23,https://www.p-portal.go.jp/pps-web-biz/UAA01/OAA0101,官公需情報ポータルAPI（全省庁）
2026-04-23 20:17:29,全国,内閣府,物品,令和８年度平良港車両管理（その２）業務,2026-04-23,https://www.p-portal.go.jp/pps-web-biz/UAA01/OAA0101,官公需情報ポータルAPI（全省庁）
2026-04-23 20:17:29,全国,法務省,委託,令和８年度健康診断業務の委託 一式,2026-04-23,https://www.p-portal.go.jp/pps-web-biz/UAA01/OAA0101,官公需情報ポータルAPI（全省庁）
2026-04-23 20:17:29,全国,農林水産省,委託,令和８年度ウッド・チェンジ拡大促進支援委託事業,2026-04-23,https://www.p-portal.go.jp/pps-web-biz/UAA01/OAA0101,官公需情報ポータルAPI（全省庁）
2026-04-23 20:17:29,全国,厚生労働省,委託,令和８年度『出産なび』保守運用業務一式（６～３月分）,2026-04-23,https://www.p-portal.go.jp/pps-web-biz/UAA01/OAA0101,官公需情報ポータルAPI（全省庁）
2026-04-23 20:17:29,全国,法務省,役務,令和７年度福岡刑務所入退室管理設備電気錠等更新整備,2026-04-23,https://www.p-portal.go.jp/pps-web-biz/UAA01/OAA0101,官公需情報ポータルAPI（全省庁）
2026-04-23 20:17:29,全国,法務省,役務,令和７年度久留米拘置支所非常電鈴設備更新整備,2026-04-23,https://www.p-portal.go.jp/pps-web-biz/UAA01/OAA0101,官公需情報ポータルAPI（全省庁）
2026-04-23 20:17:29,全国,法務省,役務,令和７年度久留米拘置支所自動火災報知設備更新整備,2026-04-23,https://www.p-portal.go.jp/pps-web-biz/UAA01/OAA0101,官公需情報ポータルAPI（全省庁）
2026-04-23 20:17:29,全国,国土交通省,役務,令和8年度那覇空港排水ポンプ車(沖縄800は2217)外1台架装部点検整備,2026-04-23,https://www.p-portal.go.jp/pps-web-biz/UAA01/OAA0101,官公需情報ポータルAPI（全省庁）
2026-04-23 20:17:29,全国,厚生労働省,委託,介護支援専門員法定研修教材作成事業一式,2026-04-23,https://www.p-portal.go.jp/pps-web-biz/UAA01/OAA0101,官公需情報ポータルAPI（全省庁）
2026-04-23 20:17:29,全国,財務省,委託,事務用パソコンの設定作業に係る外部委託（業務センター用）,2026-04-23,https://www.p-portal.go.jp/pps-web-biz/UAA01/OAA0101,官公需情報ポータルAPI（全省庁）
2026-04-23 20:17:29,全国,財務省,委託,データ入出力等業務（人材派遣）,2026-04-23,https://www.p-portal.go.jp/pps-web-biz/UAA01/OAA0101,官公需情報ポータルAPI（全省庁）
2026-04-23 20:17:29,全国,経済産業省,委託,【本省】令和８年度中小企業等産業公害防止対策調査事業（ＰＣＢ廃棄物の適正な処理促進に関する広報・調査等）,2026-04-23,https://www.p-portal.go.jp/pps-web-biz/UAA01/OAA0101,官公需情報ポータルAPI（全省庁）
2026-04-23 20:17:29,全国,国家公安委員会（警察庁）,委託,【中国四国管区警察局山口県情報通信部】通信施設点検作業委託,2026-04-23,https://www.p-portal.go.jp/pps-web-biz/UAA01/OAA0101,官公需情報ポータルAPI（全省庁）
2026-04-23 20:17:29,全国,財務省,物品,『平成財政史―平成13年度～平成31年4月』第1巻（第1分冊）及び第2巻（第2分冊）の編集、印刷、製本等の業務,2026-04-23,https://www.p-portal.go.jp/pps-web-biz/UAA01/OAA0101,官公需情報ポータルAPI（全省庁）
2026-04-23 20:17:29,全国,国土交通省,役務,12V･8V2000型機関始動電動機整備（単価契約）,2026-04-23,https://www.p-portal.go.jp/pps-web-biz/UAA01/OAA0101,官公需情報ポータルAPI（全省庁）
2026-04-23 20:17:28,石川県,総務省,役務,令和８年度無線局免許関係事務等に関する補助作業に係る労働者派遣,2026-04-23,https://www.p-portal.go.jp/pps-web-biz/UAA01/OAA0101,官公需情報ポータルAPI（対象5県）
2026-04-23 20:17:28,新潟県,国土交通省,物品,シリンダーヘッドパッキン12個ほか193点買入,2026-04-23,https://www.p-portal.go.jp/pps-web-biz/UAA01/OAA0101,官公需情報ポータルAPI（対象5県）
2026-04-23 20:17:28,全国,財務省,役務,行田税務署空気調和設備改修工事施工監理業務委託,2026-04-23,https://www.p-portal.go.jp/pps-web-biz/UAA01/OAA0101,官公需情報ポータルAPI（全省庁）
2026-04-23 20:17:28,全国,総務省,委託,情報通信分野の国際標準化機関における主要ポストの維持・獲得のための専門人材育成並びに標準化人材の民間企業等の次世代人材及び中小企業・スタートアップ企業・大学への裾野拡大に資する調査,2026-04-23,https://www.p-portal.go.jp/pps-web-biz/UAA01/OAA0101,官公需情報ポータルAPI（全省庁）
2026-04-23 20:17:28,全国,国土交通省,その他,小樽開発建設部管内 直流電源装置製造及び据付調整,2026-04-23,https://www.p-portal.go.jp/pps-web-biz/UAA01/OAA0101,官公需情報ポータルAPI（全省庁）
2026-04-23 20:17:28,全国,国土交通省,役務,令和８年度 Ａ重油外単価契約,2026-04-23,https://www.p-portal.go.jp/pps-web-biz/UAA01/OAA0101,官公需情報ポータルAPI（全省庁）
2026-04-23 20:17:28,全国,国土交通省,物品,ソフトウェアライセンス購入,2026-04-23,https://www.p-portal.go.jp/pps-web-biz/UAA01/OAA0101,官公需情報ポータルAPI（全省庁）
2026-04-23 20:17:28,全国,国家公安委員会（警察庁）,その他,X線透視装置,2026-04-23,https://www.p-portal.go.jp/pps-web-biz/UAA01/OAA0101,官公需情報ポータルAPI（全省庁）
2026-04-23 20:17:28,全国,総務省,物品,08-0043-0021 電気通信行政情報システムに係る機能開発等の請負（STARS機器の更改に伴うソフトウェア改修等）,2026-04-23,https://www.p-portal.go.jp/pps-web-biz/UAA01/OAA0101,官公需情報ポータルAPI（全省庁）
2026-04-23 19:09:06,全国,厚生労働省東京労働局,委託,「令和8年度第1回障害者就職面接会」及び「令和8年度第1回外国人留学生大卒等合同就職面接 会・特定技能マッチングイベント」に伴う会場設営等の委託,2026-04-23,https://jsite.mhlw.go.jp//tokyo-roudoukyoku/content/contents/002636224.pdf,官公需情報ポータルAPI（全省庁）
2026-04-23 19:08:45,全国,国家公安委員会（警察庁）山梨県警察本部,物品,「県警WANシステム開発機器の借入」の一般競争入札公告（PDF：165KB）,2026-04-23,https://www.pref.yamanashi.jp/documents/115108/202604232.pdf,官公需情報ポータルAPI（全省庁）
2026-04-23 19:08:45,全国,国家公安委員会（警察庁）山梨県警察本部,物品,「業務サーバの機能追加用（仮想ブラウザ整備）機器の借入」の一般競争入札公告（PDF：168KB）,2026-04-23,https://www.pref.yamanashi.jp/documents/115108/202604231.pdf,官公需情報ポータルAPI（全省庁）
2026-04-23 19:08:45,全国,国家公安委員会（警察庁）山梨県警察本部,物品,「刑事手続IT化用機器の借入」の一般競争入札公告（PDF：108KB）,2026-04-23,https://www.pref.yamanashi.jp/documents/115108/202604233.pdf,官公需情報ポータルAPI（全省庁）
2026-04-23 19:08:45,全国,国家公安委員会（警察庁）山梨県警察本部,物品,「交通切符管理システム用サーバ等機器の借入」の一般競争入札公告（PDF：493KB）,2026-04-23,https://www.pref.yamanashi.jp/documents/115108/20260423.pdf,官公需情報ポータルAPI（全省庁）
2026-04-23 19:06:15,石川県,総務省北陸総合通信局,役務,令和8年度無線局免許関係事務等に関する補助作業に係る労働者派遣,2026-04-23,https://www.soumu.go.jp/main_content/001069899.pdf,官公需情報ポータルAPI（対象5県）
2026-04-23 19:05:52,新潟県,海上保安庁第九管区海上保安本部,その他,r8_hq_a37_koukoku.pdf,2026-04-23,https://www.kaiho.mlit.go.jp/09kanku/soumubu/nyuusatu/koukoku/R8nendo/r8_hq_a37_koukoku.pdf,官公需情報ポータルAPI（対象5県）
2026-04-23 19:05:40,全国,厚生労働省宮城労働局,その他,002635498.pdf,2026-04-23,https://jsite.mhlw.go.jp/miyagi-roudoukyoku/content/contents/002635498.pdf,官公需情報ポータルAPI（全省庁）
2026-04-23 19:05:30,全国,国家公安委員会（警察庁）徳島県警察,物品,一般競争入札「ウイルス対策ソフト」の購入,2026-04-23,https://www.police.pref.tokushima.jp/./wp-content/uploads/post46914/u3t20260420crf7628.pdf,官公需情報ポータルAPI（全省庁）
2026-04-23 19:05:29,全国,国家公安委員会（警察庁）徳島県警察,役務,一般競争入札「特別管理産業廃棄物の処理業務委託」,2026-04-23,https://www.police.pref.tokushima.jp/./wp-content/uploads/post46920/u3t20260420cbdo430.pdf,官公需情報ポータルAPI（全省庁）
2026-04-23 19:05:27,全国,国土交通省北海道開発局,委託,電子入札システム機能改良業務 (PDF:111KB),2026-04-23,https://www.hkd.mlit.go.jp/ky/ki/kaikei/jtfkjs0000002oqo-att/jtfkjs0000007u0c.pdf,官公需情報ポータルAPI（全省庁）
2026-04-23 19:05:25,全国,国土交通省北海道開発局,物品,ソフトウェアライセンス購入 (PDF:110KB),2026-04-23,https://www.hkd.mlit.go.jp/ky/ki/kaikei/jtfkjs0000003o8b-att/jtfkjs0000007oy1.pdf,官公需情報ポータルAPI（全省庁）
2026-04-23 19:05:09,全国,国家公安委員会（警察庁）山口県警察,その他,岩国警察署庁舎で使用する電気 （PDF：119KB）,2026-04-23,https://www.pref.yamaguchi.lg.jp/uploaded/attachment/238678.pdf,官公需情報ポータルAPI（全省庁）
2026-04-23 19:05:06,全国,厚生労働省群馬労働局,役務,令和8年度 公共職業安定所マザーズコーナーにおけるパソコン講習及びビジネスマナー等講習の開催に伴う業務委託,2026-04-23,https://jsite.mhlw.go.jp/gunma-roudoukyoku/content/contents/002633263.pdf,官公需情報ポータルAPI（全省庁）
2026-04-22 19:07:25,全国,国家公安委員会（警察庁）兵庫県警察,委託,パーキング・メーター管理運用事務委託,2026-04-23,https://www.police.pref.hyogo.lg.jp/chotatu/kou_data/2026/B26042301.pdf,官公需情報ポータルAPI（全省庁）
2026-04-22 19:07:25,全国,国家公安委員会（警察庁）兵庫県警察,委託,パーキング・チケット発給設備管理運用事務委託,2026-04-23,https://www.police.pref.hyogo.lg.jp/chotatu/kou_data/2026/B26042302.pdf,官公需情報ポータルAPI（全省庁）
2026-04-23 20:17:29,全国,農林水産省,役務,新元重山国有林森林整備事業（間伐）,2026-04-22,https://www.p-portal.go.jp/pps-web-biz/UAA01/OAA0101,官公需情報ポータルAPI（全省庁）
2026-04-23 20:17:29,全国,農林水産省,役務,令和8年度箕面森林事務所部内巡視委託業務（再公告）,2026-04-22,https://www.p-portal.go.jp/pps-web-biz/UAA01/OAA0101,官公需情報ポータルAPI（全省庁）
2026-04-23 19:05:16,全国,環境省九州地方環境事務所,委託,令和８年度屋久島山岳部利用者負担のあり方検討業務,2026-04-22,https://kyushu.env.go.jp/procure/procure_00394.html,官公需情報ポータルAPI（全省庁）
2026-04-22 20:13:20,全国,農林水産省,役務,篠ヶ原山森林整備事業（間伐（存置対象を含む））,2026-04-22,https://www.p-portal.go.jp/pps-web-biz/UAA01/OAA0101,官公需情報ポータルAPI（全省庁）
2026-04-22 20:13:20,全国,文部科学省,委託,文部科学省PMO及びPJMO支援業務（令和8年度） 一式,2026-04-22,https://www.p-portal.go.jp/pps-web-biz/UAA01/OAA0101,官公需情報ポータルAPI（全省庁）
2026-04-22 20:13:20,全国,厚生労働省,委託,令和8年度及び令和9年度勤務時間管理システムの運用・保守業務一式,2026-04-22,https://www.p-portal.go.jp/pps-web-biz/UAA01/OAA0101,官公需情報ポータルAPI（全省庁）
2026-04-22 20:13:19,岐阜県,法務省,役務,令和８年度笠松刑務所等医療資材等供給単価契約,2026-04-22,https://www.p-portal.go.jp/pps-web-biz/UAA01/OAA0101,官公需情報ポータルAPI（対象5県）
2026-04-22 20:13:19,全国,財務省,委託,電子データ調査システム用サーバー等の保守業務,2026-04-22,https://www.p-portal.go.jp/pps-web-biz/UAA01/OAA0101,官公需情報ポータルAPI（全省庁）
2026-04-22 20:13:19,全国,厚生労働省,物品,電動シールプレス外の購入,2026-04-22,https://www.p-portal.go.jp/pps-web-biz/UAA01/OAA0101,官公需情報ポータルAPI（全省庁）
2026-04-22 20:13:19,全国,法務省,委託,長期相続登記等未了土地解消事業（登記名義人２００名分）委託一式,2026-04-22,https://www.p-portal.go.jp/pps-web-biz/UAA01/OAA0101,官公需情報ポータルAPI（全省庁）
2026-04-22 20:13:19,全国,内閣官房,役務,計測器校正作業（令和８年度）,2026-04-22,https://www.p-portal.go.jp/pps-web-biz/UAA01/OAA0101,官公需情報ポータルAPI（全省庁）
2026-04-22 20:13:19,全国,内閣府,物品,船舶活用医療に関する国民・医療機関等向け広報資料の編集及び印刷業務,2026-04-22,https://www.p-portal.go.jp/pps-web-biz/UAA01/OAA0101,官公需情報ポータルAPI（全省庁）
2026-04-22 20:13:19,全国,法務省,役務,美祢社会復帰促進センタープリンター用消耗品供給契約（単価契約）,2026-04-22,https://www.p-portal.go.jp/pps-web-biz/UAA01/OAA0101,官公需情報ポータルAPI（全省庁）
2026-04-22 20:13:19,全国,国土交通省,物品,直流電源装置（ＤＣ２４Ｖ－９０Ａ）ほか５点買入れ,2026-04-22,https://www.p-portal.go.jp/pps-web-biz/UAA01/OAA0101,官公需情報ポータルAPI（全省庁）
2026-04-22 20:13:19,全国,国土交通省,物品,特高速内燃機油(4号)ほか1点買入（単価契約）田辺・串本地区,2026-04-22,https://www.p-portal.go.jp/pps-web-biz/UAA01/OAA0101,官公需情報ポータルAPI（全省庁）
2026-04-22 20:13:19,全国,農林水産省,役務,森林環境保全整備事業（保育間伐活用型 東信５ 傍陽山２）,2026-04-22,https://www.p-portal.go.jp/pps-web-biz/UAA01/OAA0101,官公需情報ポータルAPI（全省庁）
2026-04-22 20:13:19,全国,農林水産省,役務,森林環境保全整備事業（保育間伐活用型 東信４ 長倉山ほか）,2026-04-22,https://www.p-portal.go.jp/pps-web-biz/UAA01/OAA0101,官公需情報ポータルAPI（全省庁）
2026-04-22 20:13:19,全国,国土交通省,委託,栃木運輸支局管内植樹管理業務,2026-04-22,https://www.p-portal.go.jp/pps-web-biz/UAA01/OAA0101,官公需情報ポータルAPI（全省庁）
2026-04-22 20:13:19,全国,農林水産省,委託,東北森林管理局 入札番号第１号 令和８年度東北森林管理局等官用自動車点検等業務,2026-04-22,https://www.p-portal.go.jp/pps-web-biz/UAA01/OAA0101,官公需情報ポータルAPI（全省庁）
2026-04-22 20:13:19,全国,国土交通省,その他,普通乗用自動車の交換,2026-04-22,https://www.p-portal.go.jp/pps-web-biz/UAA01/OAA0101,官公需情報ポータルAPI（全省庁）
2026-04-22 20:13:19,全国,国土交通省,委託,千葉運輸支局管内植樹管理業務,2026-04-22,https://www.p-portal.go.jp/pps-web-biz/UAA01/OAA0101,官公需情報ポータルAPI（全省庁）
2026-04-22 20:13:19,全国,農林水産省,その他,令和８年度里山再生事業,2026-04-22,https://www.p-portal.go.jp/pps-web-biz/UAA01/OAA0101,官公需情報ポータルAPI（全省庁）
2026-04-22 20:13:19,全国,環境省,委託,令和８年度緊急銃猟等に係る捕獲技術マニュアル作成等業務[総合評価落札方式],2026-04-22,https://www.p-portal.go.jp/pps-web-biz/UAA01/OAA0101,官公需情報ポータルAPI（全省庁）
2026-04-22 20:13:19,全国,環境省,委託,令和８年度環境政策におけるEBPM推進業務,2026-04-22,https://www.p-portal.go.jp/pps-web-biz/UAA01/OAA0101,官公需情報ポータルAPI（全省庁）
2026-04-22 20:13:19,全国,農林水産省,役務,令和８年度帰還困難区域における森林整備の本格実施に向けたスマート林業普及事業,2026-04-22,https://www.p-portal.go.jp/pps-web-biz/UAA01/OAA0101,官公需情報ポータルAPI（全省庁）
2026-04-22 20:13:19,全国,法務省,委託,令和８年度川越少年刑務所環境整備（除草等）業務請負契約,2026-04-22,https://www.p-portal.go.jp/pps-web-biz/UAA01/OAA0101,官公需情報ポータルAPI（全省庁）
2026-04-22 20:13:19,全国,環境省,委託,令和８年度屋久島山岳部利用者負担のあり方検討業務,2026-04-22,https://www.p-portal.go.jp/pps-web-biz/UAA01/OAA0101,官公需情報ポータルAPI（全省庁）
2026-04-22 20:13:19,全国,環境省,委託,令和８年度屋久島国立公園山岳部におけるし尿処理適正化検討業務,2026-04-22,https://www.p-portal.go.jp/pps-web-biz/UAA01/OAA0101,官公需情報ポータルAPI（全省庁）
2026-04-22 20:13:19,全国,厚生労働省,物品,令和８年度労災保険業務用紙の印刷（ＯＣＲ）,2026-04-22,https://www.p-portal.go.jp/pps-web-biz/UAA01/OAA0101,官公需情報ポータルAPI（全省庁）
2026-04-22 20:13:19,全国,法務省,委託,令和８年度人権イメージキャラクター・送風型バルーン式着ぐるみの製作業務 一式,2026-04-22,https://www.p-portal.go.jp/pps-web-biz/UAA01/OAA0101,官公需情報ポータルAPI（全省庁）
2026-04-22 20:13:19,全国,法務省,委託,令和８年度エレベーター等保守点検業務,2026-04-22,https://www.p-portal.go.jp/pps-web-biz/UAA01/OAA0101,官公需情報ポータルAPI（全省庁）
2026-04-22 20:13:19,全国,国土交通省,その他,令和８年度 茨城港灯浮標製作,2026-04-22,https://www.p-portal.go.jp/pps-web-biz/UAA01/OAA0101,官公需情報ポータルAPI（全省庁）
2026-04-22 20:13:19,全国,国土交通省,役務,令和８年度 航空機騒音実態把握システム（Ntrack）運用監視及び保守作業（令和8年6月～令和9年3月）（東京航空局 東京空港事務所）,2026-04-22,https://www.p-portal.go.jp/pps-web-biz/UAA01/OAA0101,官公需情報ポータルAPI（全省庁）
2026-04-22 20:13:19,全国,国土交通省,委託,令和８年度 中部地方整備局管内事業研究発表会運営支援業務,2026-04-22,https://www.p-portal.go.jp/pps-web-biz/UAA01/OAA0101,官公需情報ポータルAPI（全省庁）
2026-04-22 20:13:19,全国,農林水産省,委託,令和8年度大杉谷国有林ニホンジカ捕獲等委託事業,2026-04-22,https://www.p-portal.go.jp/pps-web-biz/UAA01/OAA0101,官公需情報ポータルAPI（全省庁）
2026-04-22 20:13:19,全国,国土交通省,物品,令和8年度 飛行検査機保守（CJ4型機・C700型機飛行検査システム及びその他関連機器）,2026-04-22,https://www.p-portal.go.jp/pps-web-biz/UAA01/OAA0101,官公需情報ポータルAPI（全省庁）
2026-04-22 20:13:19,全国,国土交通省,物品,主機関（ＩＨＩ製）交換部品１式ほか１点買入,2026-04-22,https://www.p-portal.go.jp/pps-web-biz/UAA01/OAA0101,官公需情報ポータルAPI（全省庁）
2026-04-22 20:13:19,全国,財務省,物品,マイナンバーカード身分証用アクセサリ（マスキングカード・カードケース）の購入,2026-04-22,https://www.p-portal.go.jp/pps-web-biz/UAA01/OAA0101,官公需情報ポータルAPI（全省庁）
2026-04-22 20:13:19,全国,財務省,物品,フリーアドレス用事務机等の購入（松江税務署ほか１か所）,2026-04-22,https://www.p-portal.go.jp/pps-web-biz/UAA01/OAA0101,官公需情報ポータルAPI（全省庁）
2026-04-22 20:13:19,全国,経済産業省,委託,【資エ庁】令和８年度エネルギー需給構造高度化対策調査等事業（エネルギーに関する情報発信事業）,2026-04-22,https://www.p-portal.go.jp/pps-web-biz/UAA01/OAA0101,官公需情報ポータルAPI（全省庁）
2026-04-22 20:13:19,全国,国家公安委員会（警察庁）,役務,【東北管区警察局】定期健康診断（単価契約）,2026-04-22,https://www.p-portal.go.jp/pps-web-biz/UAA01/OAA0101,官公需情報ポータルAPI（全省庁）
2026-04-22 20:13:19,全国,厚生労働省,役務,【東京労働局】令和８年度 東京労働局、各労働基準監督署（支署）及び各公共職業安定所における廃棄文書等回収及び処理（単価契約）,2026-04-22,https://www.p-portal.go.jp/pps-web-biz/UAA01/OAA0101,官公需情報ポータルAPI（全省庁）
2026-04-22 20:13:19,全国,国土交通省,委託,【国土地理院】電子基準点「五篠（９５０３６６）」の移設業務,2026-04-22,https://www.p-portal.go.jp/pps-web-biz/UAA01/OAA0101,官公需情報ポータルAPI（全省庁）
2026-04-22 20:13:19,全国,財務省,役務,【仙台国税局】個別指導方式による記帳指導等の業務委託,2026-04-22,https://www.p-portal.go.jp/pps-web-biz/UAA01/OAA0101,官公需情報ポータルAPI（全省庁）
2026-04-22 20:13:19,全国,財務省,役務,【仙台国税局】会計ソフト方式（集合方式・オンライン方式）による記帳指導等の業務委託（グループ２）,2026-04-22,https://www.p-portal.go.jp/pps-web-biz/UAA01/OAA0101,官公需情報ポータルAPI（全省庁）
2026-04-22 20:13:19,全国,財務省,役務,【仙台国税局】会計ソフト方式（集合方式・オンライン方式）による記帳指導等の業務委託（グループ１）,2026-04-22,https://www.p-portal.go.jp/pps-web-biz/UAA01/OAA0101,官公需情報ポータルAPI（全省庁）
2026-04-22 20:13:19,全国,経済産業省,役務,【九州局】令和８年度既存の地域ネットワークを活用した知財経営支援ネットワーク構築実証事業に係る役務請負,2026-04-22,https://www.p-portal.go.jp/pps-web-biz/UAA01/OAA0101,官公需情報ポータルAPI（全省庁）
2026-04-22 20:13:18,全国,法務省,委託,長期相続登記等未了土地解消作業（登記名義人200名分）の委託 一式,2026-04-22,https://www.p-portal.go.jp/pps-web-biz/UAA01/OAA0101,官公需情報ポータルAPI（全省庁）
2026-04-22 20:13:18,全国,国土交通省,委託,茨城運輸支局管内植樹管理業務,2026-04-22,https://www.p-portal.go.jp/pps-web-biz/UAA01/OAA0101,官公需情報ポータルAPI（全省庁）
2026-04-22 20:13:18,全国,国土交通省,委託,群馬運輸支局植樹管理業務,2026-04-22,https://www.p-portal.go.jp/pps-web-biz/UAA01/OAA0101,官公需情報ポータルAPI（全省庁）
2026-04-22 20:13:18,全国,国土交通省,委託,神奈川運輸支局管内植樹管理業務,2026-04-22,https://www.p-portal.go.jp/pps-web-biz/UAA01/OAA0101,官公需情報ポータルAPI（全省庁）
2026-04-22 20:13:18,全国,国土交通省,その他,留萌開発建設部事業情報提供外,2026-04-22,https://www.p-portal.go.jp/pps-web-biz/UAA01/OAA0101,官公需情報ポータルAPI（全省庁）
2026-04-22 20:13:18,全国,国土交通省,委託,東京運輸支局管内植樹管理業務,2026-04-22,https://www.p-portal.go.jp/pps-web-biz/UAA01/OAA0101,官公需情報ポータルAPI（全省庁）
2026-04-22 20:13:18,全国,国土交通省,委託,埼玉運輸支局管内植樹管理業務,2026-04-22,https://www.p-portal.go.jp/pps-web-biz/UAA01/OAA0101,官公需情報ポータルAPI（全省庁）
2026-04-22 20:13:18,全国,国土交通省,委託,危機管理演習等支援,2026-04-22,https://www.p-portal.go.jp/pps-web-biz/UAA01/OAA0101,官公需情報ポータルAPI（全省庁）
2026-04-22 20:13:18,全国,厚生労働省,委託,医薬部外品・化粧品国際調和推進に係る調査等一式,2026-04-22,https://www.p-portal.go.jp/pps-web-biz/UAA01/OAA0101,官公需情報ポータルAPI（全省庁）
2026-04-22 20:13:18,全国,財務省,役務,個別指導方式による記帳指導の業務委託,2026-04-22,https://www.p-portal.go.jp/pps-web-biz/UAA01/OAA0101,官公需情報ポータルAPI（全省庁）
2026-04-22 20:13:18,全国,厚生労働省,物品,令和８年賃金構造基本統計調査の調査用品封入・封緘・発送業務,2026-04-22,https://www.p-portal.go.jp/pps-web-biz/UAA01/OAA0101,官公需情報ポータルAPI（全省庁）
2026-04-22 20:13:18,全国,環境省,その他,令和８年度福島地方環境事務所金属くず売払（双葉地区その３）,2026-04-22,https://www.p-portal.go.jp/pps-web-biz/UAA01/OAA0101,官公需情報ポータルAPI（全省庁）
2026-04-22 20:13:18,全国,厚生労働省,物品,令和８年度労災保険業務用紙の印刷（活版）,2026-04-22,https://www.p-portal.go.jp/pps-web-biz/UAA01/OAA0101,官公需情報ポータルAPI（全省庁）
2026-04-22 20:13:18,全国,国土交通省,その他,テレメータ装置製造及び据付調整,2026-04-22,https://www.p-portal.go.jp/pps-web-biz/UAA01/OAA0101,官公需情報ポータルAPI（全省庁）
2026-04-22 20:13:18,全国,環境省,委託,【規制庁】令和８年度原子力施設等防災対策等委託費（地域性を考慮する地震動 評価における地盤の非線形性等の影響に係る研究）事業,2026-04-22,https://www.p-portal.go.jp/pps-web-biz/UAA01/OAA0101,官公需情報ポータルAPI（全省庁）
2026-04-22 20:13:18,全国,国土交通省,その他,【東北地整 東北技術】行政情報伝送設備製造据付,2026-04-22,https://www.p-portal.go.jp/pps-web-biz/UAA01/OAA0101,官公需情報ポータルAPI（全省庁）
2026-04-22 19:11:56,全国,厚生労働省東京労働局,役務,令和8年度 東京労働局、各労働基準監督署（支署）及び各公共職業安定所における廃棄文書等回収及び処理（単価契約）,2026-04-22,https://jsite.mhlw.go.jp//tokyo-roudoukyoku/content/contents/002632950.pdf,官公需情報ポータルAPI（全省庁）
2026-04-22 19:11:23,岐阜県,大学共同利用機関法人自然科学研究機構核融合科学研究所,その他,Uタイトシール 臼井国際産業株式会社製 一式,2026-04-22,https://www.nifs.ac.jp/procurement/kokoku20260422.pdf,官公需情報ポータルAPI（対象5県）
2026-04-22 19:07:28,新潟県,新潟県新発田市,物品,令和8年4月22日 新発田PR用ダンボール印刷,2026-04-22,https://www.city.shibata.lg.jp/_res/projects/default_project/_page_/001/031/217/107koukoku.pdf,官公需情報ポータルAPI（対象5県）
2026-04-22 19:07:27,新潟県,新潟県新発田市,物品,令和8年4月22日 フッ化物洗口剤購入,2026-04-22,https://www.city.shibata.lg.jp/_res/projects/default_project/_page_/001/031/125/83koukoku.pdf,官公需情報ポータルAPI（対象5県）
2026-04-22 19:06:50,全国,国家公安委員会（警察庁）奈良県警察,物品,カラー引伸印画紙の購入,2026-04-22,https://www.police.pref.nara.jp/cmsfiles/contents/0000007/7896/siyousyoR8.4.pdf,官公需情報ポータルAPI（全省庁）
2026-04-22 19:06:17,全国,国土交通省関東運輸局,委託,神奈川運輸支局管内植樹管理業務,2026-04-22,https://wwwtb.mlit.go.jp/kanto/content/000372278.pdf,官公需情報ポータルAPI（全省庁）
2026-04-22 19:06:17,全国,国土交通省関東運輸局,委託,東京運輸支局管内植樹管理業務,2026-04-22,https://wwwtb.mlit.go.jp/kanto/content/000372277.pdf,官公需情報ポータルAPI（全省庁）
2026-04-22 19:06:16,全国,国土交通省関東運輸局,委託,茨城運輸支局管内植樹管理業務,2026-04-22,https://wwwtb.mlit.go.jp/kanto/content/000372271.pdf,官公需情報ポータルAPI（全省庁）
2026-04-22 19:06:16,全国,国土交通省関東運輸局,委託,群馬運輸支局植樹管理業務,2026-04-22,https://wwwtb.mlit.go.jp/kanto/content/000372273.pdf,官公需情報ポータルAPI（全省庁）
2026-04-22 19:06:16,全国,国土交通省関東運輸局,委託,栃木運輸支局管内植樹管理業務,2026-04-22,https://wwwtb.mlit.go.jp/kanto/content/000372272.pdf,官公需情報ポータルAPI（全省庁）
2026-04-22 19:06:16,全国,国土交通省関東運輸局,委託,埼玉運輸支局管内植樹管理業務,2026-04-22,https://wwwtb.mlit.go.jp/kanto/content/000372276.pdf,官公需情報ポータルAPI（全省庁）
2026-04-22 19:06:16,全国,国土交通省関東運輸局,委託,千葉運輸支局管内植樹管理業務,2026-04-22,https://wwwtb.mlit.go.jp/kanto/content/000372275.pdf,官公需情報ポータルAPI（全省庁）
2026-04-22 19:05:45,全国,厚生労働省宮城労働局,その他,002631774.pdf,2026-04-22,https://jsite.mhlw.go.jp/miyagi-roudoukyoku/content/contents/002631774.pdf,官公需情報ポータルAPI（全省庁）
2026-04-22 19:05:38,全国,国土交通省北海道開発局室蘭開発建設部,役務,室蘭開発建設部管内 海象観測装置外保守点検整備 (PDF:106KB),2026-04-22,https://www.hkd.mlit.go.jp/mr/keiyaku/tn6s9g00000002cp-att/aa14720000001w0g.pdf,官公需情報ポータルAPI（全省庁）
2026-04-22 19:05:38,全国,国土交通省北海道開発局室蘭開発建設部,その他,テレメータ装置製造及び据付調整 (PDF:106KB),2026-04-22,https://www.hkd.mlit.go.jp/mr/keiyaku/tn6s9g00000002cp-att/aa14720000001w0l.pdf,官公需情報ポータルAPI（全省庁）
2026-04-22 19:05:28,全国,法務省大分地方法務局,委託,長期相続登記等未了土地解消事業（登記名義人２００名分）の委託 一式,2026-04-22,https://houmukyoku.moj.go.jp/oita/content/001461462.pdf,官公需情報ポータルAPI（全省庁）
2026-04-22 19:05:23,全国,国土交通省北海道開発局網走開発建設部,物品,網走開発建設部管内 IP伝送装置購入及び据付調整 (PDF:104KB),2026-04-22,https://www.hkd.mlit.go.jp/ab/keiyaku/k232su0000000a80-att/s27mdu00000016c2.pdf,官公需情報ポータルAPI（全省庁）
2026-04-22 19:05:17,全国,環境省九州地方環境事務所,委託,令和８年度屋久島国立公園山岳部におけるし尿処理適正化検討業務,2026-04-22,https://kyushu.env.go.jp/procure/procure_00393.html,官公需情報ポータルAPI（全省庁）
2026-04-22 19:05:09,全国,法務省山形地方法務局,委託,長期相続登記等未了土地解消事業委託一式,2026-04-22,https://houmukyoku.moj.go.jp/yamagata/content/001461441.pdf,官公需情報ポータルAPI（全省庁）
2026-04-22 19:05:06,全国,国家公安委員会（警察庁）青森県警察,役務,モバイル解析用ソフトウェア年間ライセンス売買契約,2026-04-22,https://www.police.pref.aomori.jp/keimubu/kaikei/pdf/260422_mobairukaisekiyou.pdf,官公需情報ポータルAPI（全省庁）
2026-04-22 19:05:05,全国,国家公安委員会（警察庁）秋田県警察,物品,物品調達契約（小型警ら車 1台） [61KB],2026-04-22,https://www.police.pref.akita.lg.jp/uploads/contents/pages_0000000382_00/080422%E3%80%80%E5%85%A5%E6%9C%AD%E5%85%AC%E5%91%8A%EF%BC%88%E5%B0%8F%E5%9E%8B%E8%AD%A6%E3%82%89%EF%BC%89.pdf,官公需情報ポータルAPI（全省庁）
2026-04-22 19:05:05,全国,国家公安委員会（警察庁）秋田県警察,物品,物品調達契約（ネットワークプリンタ用トナー 300個） [61KB],2026-04-22,https://www.police.pref.akita.lg.jp/uploads/contents/pages_0000000382_00/080422%E3%80%80%E5%85%A5%E6%9C%AD%E5%85%AC%E5%91%8A%EF%BC%88%E3%83%88%E3%83%8A%E3%83%BC%EF%BC%89.pdf,官公需情報ポータルAPI（全省庁）
2026-04-22 19:05:04,全国,国家公安委員会（警察庁）青森県警察,役務,青森県警察学校及び青森県警察機動隊で使用する電気の供給契約,2026-04-22,https://www.police.pref.aomori.jp/keimubu/kaikei/pdf/260422_kunidenki.pdf,官公需情報ポータルAPI（全省庁）
2026-04-22 19:05:04,全国,国土交通省中部地方整備局,役務,令和８年度 中部地方整備局管内事業研究発表会運営支援業務,2026-04-22,https://www.cbr.mlit.go.jp/contract/buppin/bukoukoku/data/pdf/dDmiRmr0Qe20260421_2.pdf,官公需情報ポータルAPI（全省庁）
2026-04-21 19:07:16,全国,国家公安委員会（警察庁）兵庫県警察,物品,ＲＰＡソフト（ＷｉｎＡｃｔｏｒ）ライセンスの納入,2026-04-22,https://www.police.pref.hyogo.lg.jp/chotatu/kou_data/2026/D26042201.pdf,官公需情報ポータルAPI（全省庁）
2026-04-22 20:13:19,全国,厚生労働省,その他,認知症普及啓発事業広報一式,2026-04-21,https://www.p-portal.go.jp/pps-web-biz/UAA01/OAA0101,官公需情報ポータルAPI（全省庁）
2026-04-22 20:13:19,全国,国土交通省,役務,小型特種用途自動車(3TE25)1台ほか10台点検整備(単価契約),2026-04-21,https://www.p-portal.go.jp/pps-web-biz/UAA01/OAA0101,官公需情報ポータルAPI（全省庁）
2026-04-22 20:13:18,全国,国土交通省,役務,令和８年度青森空港航空保安用電気設備保守点検（令和８年６月～令和９年３月）（仙台）（東京航空局 東京空港事務所）,2026-04-21,https://www.p-portal.go.jp/pps-web-biz/UAA01/OAA0101,官公需情報ポータルAPI（全省庁）
2026-04-22 20:13:18,全国,厚生労働省,役務,令和８年度 労働保険年度更新時の駐車場警備員の業務委託,2026-04-21,https://www.p-portal.go.jp/pps-web-biz/UAA01/OAA0101,官公需情報ポータルAPI（全省庁）
2026-04-22 20:13:18,全国,内閣官房,委託,サイバー防御能力向上に向けた官民連携演習等に関する調査,2026-04-21,https://www.p-portal.go.jp/pps-web-biz/UAA01/OAA0101,官公需情報ポータルAPI（全省庁）
2026-04-22 20:13:18,全国,国家公安委員会（警察庁）,その他,クラウドサービス（３）,2026-04-21,https://www.p-portal.go.jp/pps-web-biz/UAA01/OAA0101,官公需情報ポータルAPI（全省庁）
2026-04-22 19:06:58,新潟県,新潟県新潟市,その他,08wto-koukoku25.pdf,2026-04-21,https://www.city.niigata.lg.jp/business/keiyaku/keiyaku_top/kokoku/reiwa08-wto-koukoku.files/08wto-koukoku25.pdf,官公需情報ポータルAPI（対象5県）
2026-04-21 20:10:13,全国,国土交通省,委託,巡視船解体にかかる有害物質等情報に関する調査,2026-04-21,https://www.p-portal.go.jp/pps-web-biz/UAA01/OAA0101,官公需情報ポータルAPI（全省庁）
2026-04-21 20:10:13,全国,内閣府,委託,全都道府県における指定避難所等の指定・立地・防災機能設備等の確保及び「スフィア基準」を踏まえたトイレの備蓄並びに在留外国人に対する災害時の支援対策等の各状況に関する調査業務,2026-04-21,https://www.p-portal.go.jp/pps-web-biz/UAA01/OAA0101,官公需情報ポータルAPI（全省庁）
2026-04-21 20:10:13,全国,厚生労働省,役務,令和８年度福岡労働局一般定期健診及び情報機器健診業務委託（単価契約）,2026-04-21,https://www.p-portal.go.jp/pps-web-biz/UAA01/OAA0101,官公需情報ポータルAPI（全省庁）
2026-04-21 20:10:13,全国,内閣府,委託,令和８年度安定ヨウ素剤の調達業務（東北・関東ブロック）,2026-04-21,https://www.p-portal.go.jp/pps-web-biz/UAA01/OAA0101,官公需情報ポータルAPI（全省庁）
2026-04-21 20:10:13,全国,内閣府,委託,令和８年度安定ヨウ素剤の調達業務（北海道ブロック）,2026-04-21,https://www.p-portal.go.jp/pps-web-biz/UAA01/OAA0101,官公需情報ポータルAPI（全省庁）
2026-04-21 20:10:13,全国,内閣府,委託,令和８年度安定ヨウ素剤の調達業務（九州ブロック）,2026-04-21,https://www.p-portal.go.jp/pps-web-biz/UAA01/OAA0101,官公需情報ポータルAPI（全省庁）
2026-04-21 20:10:13,全国,内閣府,委託,令和８年度安定ヨウ素剤の調達業務（中部ブロック）,2026-04-21,https://www.p-portal.go.jp/pps-web-biz/UAA01/OAA0101,官公需情報ポータルAPI（全省庁）
2026-04-21 20:10:13,全国,内閣府,委託,令和８年度安定ヨウ素剤の調達業務（中国・四国ブロック）,2026-04-21,https://www.p-portal.go.jp/pps-web-biz/UAA01/OAA0101,官公需情報ポータルAPI（全省庁）
2026-04-21 20:10:13,全国,農林水産省,役務,令和8年度美泥国有林外境界巡検等委託業務,2026-04-21,https://www.p-portal.go.jp/pps-web-biz/UAA01/OAA0101,官公需情報ポータルAPI（全省庁）
2026-04-21 20:10:12,全国,国土交通省,物品,ＣＪＣフィルターエレメント６４個ほか１５点買入,2026-04-21,https://www.p-portal.go.jp/pps-web-biz/UAA01/OAA0101,官公需情報ポータルAPI（全省庁）
2026-04-21 20:10:12,全国,法務省,委託,長期相続登記等未了土地解消事業（登記名義人５０名分）の委託 一式,2026-04-21,https://www.p-portal.go.jp/pps-web-biz/UAA01/OAA0101,官公需情報ポータルAPI（全省庁）
2026-04-21 20:10:12,全国,農林水産省,役務,第１号 令和８年度西紋別支署盛土材単価契約（西紋別支署）,2026-04-21,https://www.p-portal.go.jp/pps-web-biz/UAA01/OAA0101,官公需情報ポータルAPI（全省庁）
2026-04-21 20:10:12,全国,国土交通省,物品,減速機整備用部品買入（船技）,2026-04-21,https://www.p-portal.go.jp/pps-web-biz/UAA01/OAA0101,官公需情報ポータルAPI（全省庁）
2026-04-21 20:10:12,全国,農林水産省,委託,東北森林管理局 入札番号１号 白神山地世界遺産地域モニタリング計画の評価・見直し支援業務,2026-04-21,https://www.p-portal.go.jp/pps-web-biz/UAA01/OAA0101,官公需情報ポータルAPI（全省庁）
2026-04-21 20:10:12,全国,厚生労働省,役務,大阪労働局で使用する電気の供給（高圧電力）（単価契約）,2026-04-21,https://www.p-portal.go.jp/pps-web-biz/UAA01/OAA0101,官公需情報ポータルAPI（全省庁）
2026-04-21 20:10:12,全国,厚生労働省,役務,医療経営人材養成研修事業,2026-04-21,https://www.p-portal.go.jp/pps-web-biz/UAA01/OAA0101,官公需情報ポータルAPI（全省庁）
2026-04-21 20:10:12,全国,厚生労働省,委託,医療分野における業務効率化・職場環境改善支援事業審査・調査業務,2026-04-21,https://www.p-portal.go.jp/pps-web-biz/UAA01/OAA0101,官公需情報ポータルAPI（全省庁）
2026-04-21 20:10:12,全国,財務省,物品,令和８年７月情報処理機器の移設,2026-04-21,https://www.p-portal.go.jp/pps-web-biz/UAA01/OAA0101,官公需情報ポータルAPI（全省庁）
2026-04-21 20:10:12,全国,法務省,物品,令和８年度鳥取刑務所医薬品購入契約,2026-04-21,https://www.p-portal.go.jp/pps-web-biz/UAA01/OAA0101,官公需情報ポータルAPI（全省庁）
2026-04-21 20:10:12,全国,環境省,委託,令和８年度那覇港等におけるヒアリ侵入状況確認調査業務［最低価格落札方式］,2026-04-21,https://www.p-portal.go.jp/pps-web-biz/UAA01/OAA0101,官公需情報ポータルAPI（全省庁）
2026-04-21 20:10:12,全国,経済産業省,委託,令和８年度省エネルギー促進に向けた広報事業（省エネルギー普及啓発・導入支援事業）,2026-04-21,https://www.p-portal.go.jp/pps-web-biz/UAA01/OAA0101,官公需情報ポータルAPI（全省庁）
2026-04-21 20:10:12,全国,経済産業省,委託,令和８年度省エネルギー促進に向けた広報事業 （地域連携・サプライチェーン全体のプロジェ クト化・実現支援事業）,2026-04-21,https://www.p-portal.go.jp/pps-web-biz/UAA01/OAA0101,官公需情報ポータルAPI（全省庁）
2026-04-21 20:10:12,全国,環境省,委託,令和８年度白山国立公園の公園計画点検に係る検討促進業務,2026-04-21,https://www.p-portal.go.jp/pps-web-biz/UAA01/OAA0101,官公需情報ポータルAPI（全省庁）
2026-04-21 20:10:12,全国,法務省,委託,令和８年度瀬戸少年院資格取得講習委託契約,2026-04-21,https://www.p-portal.go.jp/pps-web-biz/UAA01/OAA0101,官公需情報ポータルAPI（全省庁）
2026-04-21 20:10:12,全国,国土交通省,役務,令和８年度殿ダム堤体昇降設備点検整備,2026-04-21,https://www.p-portal.go.jp/pps-web-biz/UAA01/OAA0101,官公需情報ポータルAPI（全省庁）
2026-04-21 20:10:12,全国,法務省,物品,令和８年度旭川地方検察庁、旭川刑務所及び旭川少年鑑別所トナー等共同購入単価契約,2026-04-21,https://www.p-portal.go.jp/pps-web-biz/UAA01/OAA0101,官公需情報ポータルAPI（全省庁）
2026-04-21 20:10:12,全国,法務省,役務,令和８年度旭川刑務所被収容者用医薬品供給契約,2026-04-21,https://www.p-portal.go.jp/pps-web-biz/UAA01/OAA0101,官公需情報ポータルAPI（全省庁）
2026-04-21 20:10:12,全国,環境省,物品,令和８年度新宿御苑トラック（ダンプ車）の交換購入一式,2026-04-21,https://www.p-portal.go.jp/pps-web-biz/UAA01/OAA0101,官公需情報ポータルAPI（全省庁）
2026-04-21 20:10:12,全国,法務省,役務,令和８年度京都医療少年院医薬品等供給契約,2026-04-21,https://www.p-portal.go.jp/pps-web-biz/UAA01/OAA0101,官公需情報ポータルAPI（全省庁）
2026-04-21 20:10:12,全国,法務省,役務,令和８年度事務用消耗品供給契約（単価契約）,2026-04-21,https://www.p-portal.go.jp/pps-web-biz/UAA01/OAA0101,官公需情報ポータルAPI（全省庁）
2026-04-21 20:10:12,全国,農林水産省,役務,令和8年度芽室・帯広地区切込砂利等単価契約,2026-04-21,https://www.p-portal.go.jp/pps-web-biz/UAA01/OAA0101,官公需情報ポータルAPI（全省庁）
2026-04-21 20:10:12,全国,農林水産省,役務,令和8年度広尾地区切込砂利等単価契約,2026-04-21,https://www.p-portal.go.jp/pps-web-biz/UAA01/OAA0101,官公需情報ポータルAPI（全省庁）
2026-04-21 20:10:12,全国,農林水産省,役務,令和8年度大樹地区切込砂利等単価契約,2026-04-21,https://www.p-portal.go.jp/pps-web-biz/UAA01/OAA0101,官公需情報ポータルAPI（全省庁）
2026-04-21 20:10:12,全国,国土交通省,役務,令和8年度 飛行検査センター庁舎清掃作業,2026-04-21,https://www.p-portal.go.jp/pps-web-biz/UAA01/OAA0101,官公需情報ポータルAPI（全省庁）
2026-04-21 20:10:12,全国,厚生労働省,委託,モンゴル国政府機関から提供された抑留関係資料の日本語訳業務一式,2026-04-21,https://www.p-portal.go.jp/pps-web-biz/UAA01/OAA0101,官公需情報ポータルAPI（全省庁）
2026-04-21 20:10:12,全国,厚生労働省,その他,ケアマネジャーの人材確保に向けた魅力発信のための広報事業一式,2026-04-21,https://www.p-portal.go.jp/pps-web-biz/UAA01/OAA0101,官公需情報ポータルAPI（全省庁）
2026-04-21 20:10:12,全国,国土交通省,委託,【東京航空局】東京国際空港整備計画総合工程検討調査業務,2026-04-21,https://www.p-portal.go.jp/pps-web-biz/UAA01/OAA0101,官公需情報ポータルAPI（全省庁）
2026-04-21 20:10:12,全国,財務省,委託,【札幌国税局】年末調整関係書類及び法定調書等封入業務（Ｃグループ）,2026-04-21,https://www.p-portal.go.jp/pps-web-biz/UAA01/OAA0101,官公需情報ポータルAPI（全省庁）
2026-04-21 20:10:12,全国,財務省,委託,【札幌国税局】年末調整関係書類及び法定調書等封入業務（Ｂグループ）,2026-04-21,https://www.p-portal.go.jp/pps-web-biz/UAA01/OAA0101,官公需情報ポータルAPI（全省庁）
2026-04-21 20:10:12,全国,財務省,委託,【札幌国税局】年末調整関係書類及び法定調書等封入業務（Ａグループ）,2026-04-21,https://www.p-portal.go.jp/pps-web-biz/UAA01/OAA0101,官公需情報ポータルAPI（全省庁）
2026-04-21 20:10:12,全国,財務省,その他,【仙台国税局】法人税・消費税確定申告注意書送付用窓付封筒等及びＯＣＲ納付書送付用窓付封筒の刷成,2026-04-21,https://www.p-portal.go.jp/pps-web-biz/UAA01/OAA0101,官公需情報ポータルAPI（全省庁）
2026-04-21 20:10:12,全国,総務省,委託,08-0049-0097 災害情報共有システム（Ｌアラート）運営補助業務に関する請負,2026-04-21,https://www.p-portal.go.jp/pps-web-biz/UAA01/OAA0101,官公需情報ポータルAPI（全省庁）
2026-04-21 20:10:11,全国,法務省,物品,令和８年度第２／四半期分九州矯正管区管内矯正施設用うるち玄米購入契約,2026-04-21,https://www.p-portal.go.jp/pps-web-biz/UAA01/OAA0101,官公需情報ポータルAPI（全省庁）
2026-04-21 20:10:11,全国,環境省,委託,令和８年度磐梯朝日国立公園雄国沼湿原指定植物食害状況等調査・検討業務,2026-04-21,https://www.p-portal.go.jp/pps-web-biz/UAA01/OAA0101,官公需情報ポータルAPI（全省庁）
2026-04-21 20:10:11,全国,国土交通省,役務,令和８年度土師ダム管理所庁舎外で使用する電気,2026-04-21,https://www.p-portal.go.jp/pps-web-biz/UAA01/OAA0101,官公需情報ポータルAPI（全省庁）
2026-04-21 19:07:39,全国,国家公安委員会（警察庁）福島県警察,物品,屋内監視カメラシステム機器の賃貸借,2026-04-21,https://www.police.pref.fukushima.jp/new/nyuusatu/R8nyuusatu/8-50koukoku.pdf,官公需情報ポータルAPI（全省庁）
2026-04-21 19:07:06,全国,国家公安委員会（警察庁）京都府警察,物品,令和8年4月21日公告分改ざん防止機能付きSDカードの購入に係る入札公告等,2026-04-21,https://www.pref.kyoto.jp/fukei/site/kaikei_f/nyuusatsu/documents/042101_1.pdf,官公需情報ポータルAPI（全省庁）
2026-04-21 19:06:13,全国,総務省九州総合通信局,委託,九州総合通信局管内における令和8年度電波利用環境保護の周知・啓発に係るインターネット広告の請負業務,2026-04-21,https://www.soumu.go.jp/main_content/001069471.pdf,官公需情報ポータルAPI（全省庁）
2026-04-21 19:06:11,全国,厚生労働省京都労働局,役務,【公示第2号】令和8年度労働保険年度更新時の駐車場警備員の業務委託,2026-04-21,https://jsite.mhlw.go.jp/kyoto-roudoukyoku/content/contents/koujidai2gou.pdf,官公需情報ポータルAPI（全省庁）
2026-04-21 19:05:34,全国,財務省東北財務局,委託,仙台合同庁舎A棟入退館管理システム更改業務,2026-04-21,https://lfb.mof.go.jp/tohoku/content/go260421.pdf,官公需情報ポータルAPI（全省庁）
2026-04-21 19:05:22,全国,環境省東北地方環境事務所,委託,令和８年度磐梯朝日国立公園雄国沼湿原指定植物食害状況等調査・検討業務,2026-04-21,https://tohoku.env.go.jp/procure/procure_00282.html,官公需情報ポータルAPI（全省庁）
2026-04-21 19:05:17,富山県,独立行政法人国立高等専門学校機構富山高等専門学校,その他,ワイヤ放電加工機 一式,2026-04-21,https://www.nc-toyama.ac.jp/wp/wp-content/uploads/2026/04/a93401dc762113eaa43870a2e01a5a32.pdf,官公需情報ポータルAPI（対象5県）
2026-04-21 19:05:15,福井県,福井県勝山市,役務,【No.3009】心理カウンセラーオンライン相談業務委託 [PDFファイル／111KB],2026-04-21,https://www.city.katsuyama.fukui.jp/uploaded/attachment/36011.pdf,官公需情報ポータルAPI（対象5県）
2026-04-21 19:05:14,福井県,福井県勝山市,役務,【No.3008】防災行政無線屋外拡声子局等再整備業務委託 [PDFファイル／119KB],2026-04-21,https://www.city.katsuyama.fukui.jp/uploaded/attachment/36008.pdf,官公需情報ポータルAPI（対象5県）
2026-04-21 19:05:10,福井県,福井県勝山市,役務,【No.3007】長尾山総合公園渋滞対策にかかる交通誘導業務及び交差点誘導業務委託（単価契約） [PDFファイル／113KB],2026-04-21,https://www.city.katsuyama.fukui.jp/uploaded/attachment/36005.pdf,官公需情報ポータルAPI（対象5県）
2026-04-21 19:05:10,岐阜県,岐阜県岐阜市,その他,4月21日 電気調達 岐阜市保健所及び岐阜市福祉健康センターで使用する電気,2026-04-21,https://www.city.gifu.lg.jp/_res/projects/default_project/_page_/001/039/501/koukoku.hokennjo.pdf,官公需情報ポータルAPI（対象5県）
2026-04-21 19:05:06,全国,環境省中部地方環境事務所,委託,令和８年度白山国立公園の公園計画点検に係る検討促進業務,2026-04-21,https://chubu.env.go.jp/procure/procure_00084.html,官公需情報ポータルAPI（全省庁）
2026-04-06 19:07:11,全国,国家公安委員会（警察庁）兵庫県警察,その他,兵庫県警察学校庁舎ほか１庁舎で使用する電気の供給,2026-04-21,https://www.police.pref.hyogo.lg.jp/chotatu/kou_data/2026/D26042101.pdf,官公需情報ポータルAPI（全省庁）
2026-04-24 19:05:16,新潟県,新潟県糸魚川市,その他,18212.pdf,2026-04-20,https://www.city.itoigawa.lg.jp/uploaded/attachment/18212.pdf,官公需情報ポータルAPI（対象5県）
2026-04-22 20:13:18,全国,法務省,役務,防災・まちづくり型法務局地図作成事業（令和８年度及び令和９年度）請負契約,2026-04-20,https://www.p-portal.go.jp/pps-web-biz/UAA01/OAA0101,官公需情報ポータルAPI（全省庁）
2026-04-22 20:13:18,全国,国土交通省,役務,旭川開発建設部管内 消防設備点検,2026-04-20,https://www.p-portal.go.jp/pps-web-biz/UAA01/OAA0101,官公需情報ポータルAPI（全省庁）
2026-04-22 20:13:18,全国,国土交通省,役務,令和８年度芦田川水系内外水位計保守点検整備,2026-04-20,https://www.p-portal.go.jp/pps-web-biz/UAA01/OAA0101,官公需情報ポータルAPI（全省庁）
2026-04-22 20:13:18,全国,環境省,委託,令和８年度吉野熊野国立公園吉野山地区におけるクビアカツヤカミキリ防除に係るモニタリング調査等業務,2026-04-20,https://www.p-portal.go.jp/pps-web-biz/UAA01/OAA0101,官公需情報ポータルAPI（全省庁）
2026-04-22 20:13:18,全国,国土交通省,物品,【気象研究所】スポッターブイの購入,2026-04-20,https://www.p-portal.go.jp/pps-web-biz/UAA01/OAA0101,官公需情報ポータルAPI（全省庁）
2026-04-22 20:13:18,全国,国土交通省,委託,【国土地理院】地殻変動観測点の撤去業務,2026-04-20,https://www.p-portal.go.jp/pps-web-biz/UAA01/OAA0101,官公需情報ポータルAPI（全省庁）
2026-04-22 20:13:18,全国,総務省,委託,08-0049-0096 我が国における信頼できるAIの評価の在り方及び能動的評価基盤の社会実装に係る調査（令和８年度）の請負,2026-04-20,https://www.p-portal.go.jp/pps-web-biz/UAA01/OAA0101,官公需情報ポータルAPI（全省庁）
2026-04-21 20:10:12,全国,農林水産省,委託,農業共済再保険事務処理システムに係る運用・保守業務,2026-04-20,https://www.p-portal.go.jp/pps-web-biz/UAA01/OAA0101,官公需情報ポータルAPI（全省庁）
2026-04-21 20:10:12,全国,厚生労働省,役務,羽曳野労働基準監督署外壁改修工事設計業務委託,2026-04-20,https://www.p-portal.go.jp/pps-web-biz/UAA01/OAA0101,官公需情報ポータルAPI（全省庁）
2026-04-21 20:10:12,全国,国土交通省,委託,御前崎（署）船艇基地潜水調査,2026-04-20,https://www.p-portal.go.jp/pps-web-biz/UAA01/OAA0101,官公需情報ポータルAPI（全省庁）
2026-04-21 20:10:12,全国,厚生労働省,委託,地域における人材ニーズ等調査,2026-04-20,https://www.p-portal.go.jp/pps-web-biz/UAA01/OAA0101,官公需情報ポータルAPI（全省庁）
2026-04-21 20:10:12,全国,厚生労働省,役務,北大阪労働基準監督署外壁及び屋上パラペット改修工事設計業務委託,2026-04-20,https://www.p-portal.go.jp/pps-web-biz/UAA01/OAA0101,官公需情報ポータルAPI（全省庁）
2026-04-21 20:10:12,全国,財務省,役務,令和８年度語学研修（中国語・韓国語）に係る業務委託,2026-04-20,https://www.p-portal.go.jp/pps-web-biz/UAA01/OAA0101,官公需情報ポータルAPI（全省庁）
2026-04-21 20:10:12,全国,国土交通省,物品,令和８年度汚濁防止施設フィルター購入,2026-04-20,https://www.p-portal.go.jp/pps-web-biz/UAA01/OAA0101,官公需情報ポータルAPI（全省庁）
2026-04-21 20:10:12,全国,農林水産省,その他,令和８年度帰還困難区域等における森林施業等実証事業,2026-04-20,https://www.p-portal.go.jp/pps-web-biz/UAA01/OAA0101,官公需情報ポータルAPI（全省庁）
2026-04-21 20:10:12,全国,環境省,委託,令和８年度対馬国指定鳥獣保護区等におけるニホンジカ銃器捕獲業務,2026-04-20,https://www.p-portal.go.jp/pps-web-biz/UAA01/OAA0101,官公需情報ポータルAPI（全省庁）
2026-04-21 20:10:12,全国,厚生労働省,役務,令和８年度♯８０００対応者研修事業,2026-04-20,https://www.p-portal.go.jp/pps-web-biz/UAA01/OAA0101,官公需情報ポータルAPI（全省庁）
2026-04-21 20:10:12,全国,法務省,物品,令和８年司法試験予備試験短答式試験印刷物等の搬送業務 一式,2026-04-20,https://www.p-portal.go.jp/pps-web-biz/UAA01/OAA0101,官公需情報ポータルAPI（全省庁）
2026-04-21 20:10:12,全国,国土交通省,物品,主機関（右舷Ｍ１）部品ほか１点買入れ,2026-04-20,https://www.p-portal.go.jp/pps-web-biz/UAA01/OAA0101,官公需情報ポータルAPI（全省庁）
2026-04-21 20:10:12,全国,国土交通省,物品,【東京航空局】建設物価（令和8 年5 月号）13 冊他201 点の購入（年間購読）,2026-04-20,https://www.p-portal.go.jp/pps-web-biz/UAA01/OAA0101,官公需情報ポータルAPI（全省庁）
2026-04-21 20:10:12,全国,国土交通省,物品,【中部運輸局_R8】中部運輸局管内事務用消耗品購入契約（単価契約 ）,2026-04-20,https://www.p-portal.go.jp/pps-web-biz/UAA01/OAA0101,官公需情報ポータルAPI（全省庁）
2026-04-21 20:10:11,全国,財務省,委託,財務省本庁舎ほか汚泥処分業務,2026-04-20,https://www.p-portal.go.jp/pps-web-biz/UAA01/OAA0101,官公需情報ポータルAPI（全省庁）
2026-04-21 20:10:11,全国,厚生労働省,委託,薬害教育副教材「薬害を学ぼう」外７件の梱包発送業務,2026-04-20,https://www.p-portal.go.jp/pps-web-biz/UAA01/OAA0101,官公需情報ポータルAPI（全省庁）
2026-04-21 20:10:11,全国,厚生労働省,委託,既存化学物質安全性点検に係る毒性調査一式(CAS No. 6485-40-1),2026-04-20,https://www.p-portal.go.jp/pps-web-biz/UAA01/OAA0101,官公需情報ポータルAPI（全省庁）
2026-04-21 20:10:11,全国,環境省,委託,令和８年度認定鳥獣捕獲等事業者講習会及び夜間銃猟安全管理講習会開催等業務,2026-04-20,https://www.p-portal.go.jp/pps-web-biz/UAA01/OAA0101,官公需情報ポータルAPI（全省庁）
2026-04-21 20:10:11,全国,環境省,委託,令和８年度環境省職員健康管理業務（長時間勤務職員面接指導等）,2026-04-20,https://www.p-portal.go.jp/pps-web-biz/UAA01/OAA0101,官公需情報ポータルAPI（全省庁）
2026-04-21 20:10:11,全国,環境省,委託,令和８年度国指定大雪山鳥獣保護区大雪高原温泉ヒグマ情報センター管理運営業務,2026-04-20,https://www.p-portal.go.jp/pps-web-biz/UAA01/OAA0101,官公需情報ポータルAPI（全省庁）
2026-04-20 19:57:32,新潟県,国土交通省,物品,Ａ重油買入（新潟港、R8.6～R8.7）,2026-04-20,https://www.p-portal.go.jp/pps-web-biz/UAA01/OAA0101,官公需情報ポータルAPI（対象5県）
2026-04-20 19:57:32,新潟県,国土交通省,物品,軽油（免税）買入（新潟港）,2026-04-20,https://www.p-portal.go.jp/pps-web-biz/UAA01/OAA0101,官公需情報ポータルAPI（対象5県）
2026-04-20 19:57:32,新潟県,国土交通省,物品,軽油（免税）買入（新潟港給油施設）,2026-04-20,https://www.p-portal.go.jp/pps-web-biz/UAA01/OAA0101,官公需情報ポータルAPI（対象5県）
2026-04-20 19:57:32,新潟県,国土交通省,物品,A重油買入（伏木富山港、R8.6～R9.3）,2026-04-20,https://www.p-portal.go.jp/pps-web-biz/UAA01/OAA0101,官公需情報ポータルAPI（対象5県）
2026-04-20 19:57:32,全国,財務省,役務,諏訪税務署空気調和設備改修その他工事施工監理業務委託,2026-04-20,https://www.p-portal.go.jp/pps-web-biz/UAA01/OAA0101,官公需情報ポータルAPI（全省庁）
2026-04-20 19:57:32,全国,国土交通省,役務,西郷特別地域気象観測所露場移設及び撤去等工事監理業務委託,2026-04-20,https://www.p-portal.go.jp/pps-web-biz/UAA01/OAA0101,官公需情報ポータルAPI（全省庁）
2026-04-20 19:57:32,全国,農林水産省,委託,令和８年度避難指示解除区域等における森林施業等実証事業（植栽木等調査）,2026-04-20,https://www.p-portal.go.jp/pps-web-biz/UAA01/OAA0101,官公需情報ポータルAPI（全省庁）
2026-04-20 19:57:32,全国,環境省,委託,令和８年度新宿御苑マツ葉ふるい病防除業務,2026-04-20,https://www.p-portal.go.jp/pps-web-biz/UAA01/OAA0101,官公需情報ポータルAPI（全省庁）
2026-04-20 19:57:32,全国,環境省,委託,令和８年度慶良間諸島国立公園阿嘉園地休憩所映像追加撮影・編集業務［総合評価落札方式］,2026-04-20,https://www.p-portal.go.jp/pps-web-biz/UAA01/OAA0101,官公需情報ポータルAPI（全省庁）
2026-04-20 19:57:32,全国,内閣府,委託,令和８年度国際社会青年育成事業に関する支援業務,2026-04-20,https://www.p-portal.go.jp/pps-web-biz/UAA01/OAA0101,官公需情報ポータルAPI（全省庁）
2026-04-20 19:57:32,全国,内閣府,委託,令和８年度公益法人等制度の普及促進のための相談会形式による広報業務,2026-04-20,https://www.p-portal.go.jp/pps-web-biz/UAA01/OAA0101,官公需情報ポータルAPI（全省庁）
2026-04-20 19:57:32,全国,環境省,委託,令和８年度京都御苑国土強靭化計画策定業務,2026-04-20,https://www.p-portal.go.jp/pps-web-biz/UAA01/OAA0101,官公需情報ポータルAPI（全省庁）
2026-04-20 19:57:32,全国,環境省,設計・測量・コンサル,令和８年度中部山岳国立公園雲ノ平地区登山道調査及び基本設計業務,2026-04-20,https://www.p-portal.go.jp/pps-web-biz/UAA01/OAA0101,官公需情報ポータルAPI（全省庁）
2026-04-20 19:57:32,全国,法務省,役務,令和７年度米沢・酒田拘置支所通行鍵管理システム更新整備一式,2026-04-20,https://www.p-portal.go.jp/pps-web-biz/UAA01/OAA0101,官公需情報ポータルAPI（全省庁）
2026-04-20 19:57:32,全国,経済産業省,その他,【近畿経済産業局】2026年度知財ビジネスマッチング事業,2026-04-20,https://www.p-portal.go.jp/pps-web-biz/UAA01/OAA0101,官公需情報ポータルAPI（全省庁）
2026-04-20 19:57:32,全国,財務省,物品,【仙台国税局】仙台国税局業務センター等への備品等運搬及び仙台国税局管内税務署等のレイアウト変更に伴う備品等移設業務,2026-04-20,https://www.p-portal.go.jp/pps-web-biz/UAA01/OAA0101,官公需情報ポータルAPI（全省庁）
2026-04-20 19:57:32,全国,内閣官房,委託,「次の感染症危機に備えた普及啓発推進事業」に係る企画・運営等業務,2026-04-20,https://www.p-portal.go.jp/pps-web-biz/UAA01/OAA0101,官公需情報ポータルAPI（全省庁）
2026-04-20 19:07:04,新潟県,新潟県新潟市,物品,次期図書館情報システム パソコン・プリンタ等機器,2026-04-20,https://www.city.niigata.lg.jp/business/keiyaku/keiyaku_top/kokoku/reiwa08-wto-koukoku.files/08wto-koukoku26.pdf,官公需情報ポータルAPI（対象5県）
2026-04-20 19:06:25,全国,国家公安委員会（警察庁）愛媛県警察,役務,松山南警察署庁舎空調設備保守業務委託,2026-04-20,https://www.police.pref.ehime.jp/kaikei/nyuusatu/0420.pdf,官公需情報ポータルAPI（全省庁）
2026-04-20 19:06:05,全国,厚生労働省国立療養所 星塚敬愛園,役務,外来棟改修等工事監理業務委託（入札広告） [195KB],2026-04-20,https://www.mhlw.go.jp/seisakunitsuite/bunya/kenkou_iryou/iryou/hansen/keiaien/pdf/20260420_01.pdf,官公需情報ポータルAPI（全省庁）
2026-04-20 19:05:58,新潟県,海上保安庁第九管区海上保安本部,その他,r8_hq_u53-56_koukoku_.pdf,2026-04-20,https://www.kaiho.mlit.go.jp/09kanku/soumubu/nyuusatu/koukoku/R8nendo/r8_hq_u53-56_koukoku_.pdf,官公需情報ポータルAPI（対象5県）
2026-04-20 19:05:33,福井県,独立行政法人高齢・障害・求職者雇用支援機構福井支部,物品,【N08-01】公用車（乗用車）１台の交換購入(福井障害者職業センター) (PDF 179 KB),2026-04-20,https://www.jeed.go.jp/location/shibu/fukui/om5ru8000000actp-att/f41obh00000070e8.pdf,官公需情報ポータルAPI（対象5県）
2026-04-20 19:05:28,全国,法務省鹿児島地方法務局,役務,防災・まちづくり型法務局地図作成事業（令和８年度及び令和９年度）請負契約,2026-04-20,https://houmukyoku.moj.go.jp/kagoshima/content/001461203.pdf,官公需情報ポータルAPI（全省庁）
2026-04-20 19:05:27,全国,国土交通省北海道開発局,役務,令和8～9年度 凍結防止剤散布車（湿式、4.0m3、4×4）外3台（交換契約） (PDF:198KB),2026-04-20,https://www.hkd.mlit.go.jp/ky/ki/kaikei/jtfkjs0000003o8b-att/jtfkjs0000007lh7.pdf,官公需情報ポータルAPI（全省庁）
2026-04-20 19:05:26,全国,国土交通省北海道開発局,役務,令和8～9年度 除雪トラック（10t級、6×6、IG、散布装置付）3台(交換契約） (PDF:198KB),2026-04-20,https://www.hkd.mlit.go.jp/ky/ki/kaikei/jtfkjs0000003o8b-att/jtfkjs0000007lh4.pdf,官公需情報ポータルAPI（全省庁）
2026-04-20 19:05:24,新潟県,新潟県糸魚川市,その他,給食配送車,2026-04-20,https://www.city.itoigawa.lg.jp/uploaded/attachment/18111.pdf,官公需情報ポータルAPI（対象5県）
2026-04-20 19:05:21,新潟県,新潟県糸魚川市,その他,気化式冷風機,2026-04-20,https://www.city.itoigawa.lg.jp/uploaded/attachment/18101.pdf,官公需情報ポータルAPI（対象5県）
2026-04-20 19:05:20,新潟県,新潟県糸魚川市,その他,自動心臓マッサージ器,2026-04-20,https://www.city.itoigawa.lg.jp/uploaded/attachment/18097.pdf,官公需情報ポータルAPI（対象5県）
2026-04-20 19:05:20,新潟県,新潟県糸魚川市,その他,人工呼吸器,2026-04-20,https://www.city.itoigawa.lg.jp/uploaded/attachment/18099.pdf,官公需情報ポータルAPI（対象5県）
2026-04-20 19:05:19,新潟県,新潟県糸魚川市,その他,18095.pdf,2026-04-20,https://www.city.itoigawa.lg.jp/uploaded/attachment/18095.pdf,官公需情報ポータルAPI（対象5県）
2026-04-20 19:05:19,全国,環境省九州地方環境事務所,委託,令和８年度対馬国指定鳥獣保護区等におけるニホンジカ銃器捕獲業務,2026-04-20,https://kyushu.env.go.jp/procure/procure_00391.html,官公需情報ポータルAPI（全省庁）
2026-04-20 19:05:19,全国,環境省北海道地方環境事務所,委託,令和８年度国指定大雪山鳥獣保護区大雪高原温泉ヒグマ情報センター管理運営業務,2026-04-20,https://hokkaido.env.go.jp/procure/procure_00282.html,官公需情報ポータルAPI（全省庁）
2026-04-20 19:05:18,新潟県,新潟県糸魚川市,その他,18091.pdf,2026-04-20,https://www.city.itoigawa.lg.jp/uploaded/attachment/18091.pdf,官公需情報ポータルAPI（対象5県）
2026-04-20 19:05:17,新潟県,新潟県糸魚川市,その他,18088.pdf,2026-04-20,https://www.city.itoigawa.lg.jp/uploaded/attachment/18088.pdf,官公需情報ポータルAPI（対象5県）
2026-04-20 19:05:17,新潟県,新潟県糸魚川市,その他,18086.pdf,2026-04-20,https://www.city.itoigawa.lg.jp/uploaded/attachment/18086.pdf,官公需情報ポータルAPI（対象5県）
2026-04-20 19:05:15,新潟県,新潟県糸魚川市,役務,消委第1号 高機能指令・無線システム整備事業実施設計業務委託 [PDFファイル／128KB],2026-04-20,https://www.city.itoigawa.lg.jp/uploaded/attachment/18075.pdf,官公需情報ポータルAPI（対象5県）
2026-04-20 19:05:12,全国,国家公安委員会（警察庁）関東管区警察局,その他,基本射場換気装置フィルター交換・廃棄,2026-04-20,https://www.kanto.npa.go.jp/choutatsu/ippan/nyusatsu/n-gakkou-20260420-0515.pdf,官公需情報ポータルAPI（全省庁）
2026-04-20 19:05:12,全国,国家公安委員会（警察庁）鳥取県警察,役務,入札のお知らせ（警備員指導教育責任者講習及び現任指導教育責任者講習業務委託）,2026-04-20,https://www.pref.tottori.lg.jp/secure/1346132/keibigyo.pdf,官公需情報ポータルAPI（全省庁）
2026-04-20 19:05:10,全国,環境省関東地方環境事務所,その他,令和８年度小笠原希少野生植物保護増殖事業,2026-04-20,https://kanto.env.go.jp/procure/procure_00418.html,官公需情報ポータルAPI（全省庁）
2026-04-20 19:05:08,全国,法務省福島地方法務局,委託,長期相続登記等未了土地解消作業(登記名義人２００名分)の委託一式,2026-04-20,https://houmukyoku.moj.go.jp/fukushima/content/001461300.pdf,官公需情報ポータルAPI（全省庁）
2026-04-20 19:05:08,全国,国家公安委員会（警察庁）島根県警察,役務,事業用操縦士陸上多発タービン機資格取得訓練業務委託契約,2026-04-20,https://www.pref.shimane.lg.jp/bid_info/bid_police/jigyouyousoujuusitahatutabinnitaku.data/01_koukoku_ta-binn.pdf,官公需情報ポータルAPI（全省庁）
2026-04-20 19:05:04,全国,国土交通省中国地方整備局,物品,令和８年度広島国道事務所小型貨物自動車購入,2026-04-20,https://www.cgr.mlit.go.jp/hattyu/buppin/260420/260420-1-b.pdf,官公需情報ポータルAPI（全省庁）
